run,p_val,avg_log2FC,pct.1,pct.2,p_val_adj,cluster,gene
Uncorrected,4.776528952698563e-241,4.794554806713069,0.649,0.044,1.598513179310101e-236,U0,G7739
Uncorrected,6.904286790880597e-101,3.475456213579802,0.377,0.043,2.3105886174361006e-96,U0,G10633
Uncorrected,1.8032022692013764e-95,3.0643390717832153,0.389,0.051,6.034596714109326e-91,U0,G14421
Uncorrected,3.7998397010644223e-94,1.9180558381994344,0.785,0.312,1.2716543543582195e-89,U0,G23780
Uncorrected,1.8956027393137736e-89,4.138334010721767,0.27,0.018,6.343824127387475e-85,U0,G32140
Uncorrected,3.194092607522135e-88,2.6328198225581785,0.461,0.087,1.0689350320333578e-83,U0,G13803
Uncorrected,7.860650377774186e-87,1.7940835791976226,0.795,0.343,2.6306452554259092e-82,U0,G23778
Uncorrected,4.58471043005703e-80,4.515066115349592,0.232,0.014,1.5343191925228858e-75,U0,G8130
Uncorrected,1.9507314008310174e-79,2.141040563794136,0.718,0.297,6.528317706021082e-75,U0,G19423
Uncorrected,1.9565164851079708e-66,2.0239618681089038,0.518,0.153,6.547678069062335e-62,U0,G20484
Uncorrected,3.8455832572092094e-66,2.095861563077258,0.477,0.129,1.286962892857634e-61,U0,G20483
Uncorrected,7.138622821936324e-65,1.7712642606127498,0.52,0.152,2.3890115135892102e-60,U0,G2334
Uncorrected,8.228313920757293e-64,2.8736379838056,0.363,0.076,2.7536875367206355e-59,U0,G19867
Uncorrected,1.9986233463004328e-63,2.0311989289755497,0.465,0.125,6.688592890729028e-59,U0,G25191
Uncorrected,5.627750587363286e-62,3.272250327539331,0.239,0.027,1.8833830115669973e-57,U0,G14320
Uncorrected,5.342122410710407e-61,1.8719889504434999,0.549,0.183,1.7877946859683447e-56,U0,G19385
Uncorrected,1.2126828357391936e-59,1.1735324360702273,0.795,0.37,4.058364378084785e-55,U0,G19421
Uncorrected,1.1170788440611689e-57,1.7496167274476557,0.575,0.217,3.738416059535108e-53,U0,G28321
Uncorrected,2.127212418148952e-56,1.5830356334661762,0.635,0.253,7.118929078577283e-52,U0,G13862
Uncorrected,1.4031186802848595e-54,1.8071650771895567,0.513,0.175,4.695676975441311e-50,U0,G12697
Uncorrected,7.643663359677859e-53,1.2644652198831898,0.737,0.374,2.558028379949792e-48,U0,G20059
Uncorrected,2.7696059997741616e-51,2.190420570135595,0.348,0.083,9.26876343884421e-47,U0,G23346
Uncorrected,2.2363213297048656e-50,1.9855254504011248,0.58,0.249,7.484072961990304e-46,U0,G614
Uncorrected,3.2826444998813647e-49,2.483667093453507,0.274,0.052,1.0985698083302976e-44,U0,G1881
Uncorrected,5.901618848242538e-49,1.6496227150379321,0.671,0.328,1.9750357637528478e-44,U0,G16431
Uncorrected,1.0126237830854878e-48,1.2555462961159143,0.726,0.395,3.3888467524738934e-44,U0,G13130
Uncorrected,1.1446360065508517e-48,1.5818809946522998,0.575,0.237,3.83063885952308e-44,U0,G3506
Uncorrected,3.028514470720715e-48,2.238483299371421,0.327,0.078,1.0135226527713945e-43,U0,G24026
Uncorrected,3.385288545812446e-48,1.8960978811131135,0.566,0.24,1.1329206647415931e-43,U0,G25111
Uncorrected,3.5222798302604053e-48,1.8493382625420964,0.566,0.238,1.1787661679949473e-43,U0,G25110
Uncorrected,1.1259164772800583e-47,2.881190989766657,0.279,0.058,3.767992082865443e-43,U0,G488
Uncorrected,1.1415561782509184e-47,1.9162218617153817,0.418,0.128,3.820331906134524e-43,U0,G8293
Uncorrected,1.2440203082724772e-47,1.6115109705933341,0.683,0.344,4.163238363664672e-43,U0,G16430
Uncorrected,3.568837846503453e-47,2.412490389039107,0.284,0.059,1.1943472737108455e-42,U0,G28495
Uncorrected,5.521389583754372e-47,1.8904986242289818,0.47,0.165,1.847788238099238e-42,U0,G30104
Uncorrected,6.785971382496917e-47,1.192648444197856,0.685,0.318,2.2709931828664183e-42,U0,G20367
Uncorrected,9.688079885914784e-46,0.9513941409536768,0.936,0.749,3.242212814620242e-41,U0,G13774
Uncorrected,3.251329570156167e-45,2.208101660635691,0.351,0.096,1.0880899539484629e-40,U0,G16357
Uncorrected,1.8438184058344852e-44,1.1013060149241465,0.652,0.295,6.170522676965688e-40,U0,G19424
Uncorrected,2.068210619263184e-44,2.5431738744047534,0.232,0.04,6.921473658426171e-40,U0,G13806
Uncorrected,6.133780806647967e-44,1.8094802080841192,0.432,0.145,2.0527310847528088e-39,U0,G19578
Uncorrected,8.340541415321586e-44,1.8538967799611992,0.484,0.189,2.791245590051522e-39,U0,G5684
Uncorrected,1.503234840134279e-43,1.6869427069077658,0.508,0.207,5.030725715993378e-39,U0,G3717
Uncorrected,6.533445027403961e-43,1.2555998795564607,0.711,0.388,2.1864827128710097e-38,U0,G15078
Uncorrected,1.0180624177704612e-42,1.274346994743767,0.652,0.302,3.4070476873106255e-38,U0,G7431
Uncorrected,9.015436308725942e-42,1.228557560489976,0.649,0.33,3.017105915078224e-37,U0,G12824
Uncorrected,1.233256604506981e-40,1.204930386277994,0.687,0.372,4.127216552643062e-36,U0,G21925
Uncorrected,2.081749563807069e-40,1.6403836873712456,0.346,0.098,6.966783090236737e-36,U0,G32443
Uncorrected,7.222130586861838e-40,1.8313014880145146,0.334,0.097,2.4169582221991827e-35,U0,G15970
Uncorrected,6.347155078938232e-39,1.9178817074828118,0.274,0.065,2.124138918717469e-34,U0,G12109
Uncorrected,1.1845533798246364e-38,1.6007659413894821,0.382,0.121,3.964226340921128e-34,U0,G3809
Uncorrected,8.53237229291761e-38,2.4446889313785842,0.232,0.049,2.8554437115478074e-33,U0,G187
Uncorrected,9.300560742313686e-38,1.0462254008052247,0.728,0.408,3.1125256580226986e-33,U0,G24945
Uncorrected,1.1321224687573869e-37,2.251355268157353,0.239,0.052,3.788761053943471e-33,U0,G20637
Uncorrected,2.9495680159110607e-36,1.6808978709346636,0.391,0.139,9.871024322047955e-32,U0,G16356
Uncorrected,3.084358926672685e-36,1.5255464950808992,0.444,0.174,1.0322115584002807e-31,U0,G18230
Uncorrected,4.18507825493235e-36,1.0229004593294824,0.68,0.353,1.4005782887956604e-31,U0,G19384
Uncorrected,7.275320384425418e-36,1.738256210005594,0.415,0.158,2.4347587198518105e-31,U0,G4051
Uncorrected,9.626231919355241e-36,1.8797138948257766,0.325,0.099,3.221514774131425e-31,U0,G27065
Uncorrected,1.710149247379751e-35,1.7216649736837222,0.313,0.091,5.723185471281075e-31,U0,G31088
Uncorrected,3.139366122475846e-35,0.9489659735295852,0.766,0.514,1.0506202665477666e-30,U0,G26127
Uncorrected,2.9063906935277615e-34,1.3605405965656479,0.413,0.153,9.726527094960006e-30,U0,G3521
Uncorrected,2.505603576155436e-33,1.709178426504228,0.403,0.154,8.385252927961783e-29,U0,G10635
Uncorrected,4.7842384120649997e-33,2.395973442675016,0.327,0.109,1.6010932269816728e-28,U0,G20343
Uncorrected,5.599800740953831e-33,2.344453418039266,0.222,0.051,1.874029315967609e-28,U0,G8341
Uncorrected,5.6232987966335935e-33,1.3815138576481873,0.379,0.134,1.8818931752813985e-28,U0,G23538
Uncorrected,2.74342144768207e-32,1.1238325155691742,0.735,0.468,9.181134216812817e-28,U0,G1047
Uncorrected,5.983708136803181e-32,1.559583334329437,0.532,0.26,2.0025077650625526e-27,U0,G13140
Uncorrected,1.3918933329982881e-31,1.4362943873422498,0.444,0.185,4.658110228212071e-27,U0,G26870
Uncorrected,1.4188614347982622e-31,1.901756874954367,0.241,0.061,4.7483616776958645e-27,U0,G19255
Uncorrected,2.6151641728584275e-31,1.5435696367635676,0.317,0.104,8.751908420888013e-27,U0,G5441
Uncorrected,6.8876178937621085e-31,0.9912235618554708,0.718,0.465,2.3050102043264274e-26,U0,G3054
Uncorrected,1.054839261130748e-30,1.6342321850037382,0.368,0.138,3.530125071300161e-26,U0,G3271
Uncorrected,1.3724085367111066e-30,1.5355444785829162,0.253,0.069,4.5929024089573895e-26,U0,G19562
Uncorrected,1.616734172966656e-30,1.1450982520891504,0.69,0.422,5.410562583250211e-26,U0,G15904
Uncorrected,4.6994378109959784e-30,1.26892264433083,0.647,0.386,1.572713857827914e-25,U0,G30616
Uncorrected,4.6994378109959784e-30,1.26892264433083,0.647,0.386,1.572713857827914e-25,U0,G30617
Uncorrected,4.6994378109959784e-30,1.26892264433083,0.647,0.386,1.572713857827914e-25,U0,G30618
Uncorrected,4.6994378109959784e-30,1.26892264433083,0.647,0.386,1.572713857827914e-25,U0,G30619
Uncorrected,8.450707222774586e-30,1.2759970643284948,0.566,0.299,2.828113679173743e-25,U0,G16488
Uncorrected,8.709402915512083e-30,2.011746129257508,0.212,0.051,2.9146887797052738e-25,U0,G5292
Uncorrected,1.416271162317714e-29,1.2830364407022716,0.305,0.097,4.739693071812461e-25,U0,G1884
Uncorrected,1.517169447305599e-29,1.6958881111713633,0.246,0.067,5.077359272352917e-25,U0,G25184
Uncorrected,4.145318085169615e-29,1.4963160009233287,0.525,0.267,1.3872721503828633e-24,U0,G21268
Uncorrected,9.153792705454912e-29,1.3110976663531646,0.332,0.116,3.0634082668075408e-24,U0,G11958
Uncorrected,1.4344301345038274e-28,0.9948037813788884,0.453,0.191,4.800463888130509e-24,U0,G27449
Uncorrected,3.5387718837430778e-28,1.293097122439555,0.43,0.187,1.1842853986134583e-23,U0,G4052
Uncorrected,5.43619225475308e-28,1.5768191590086393,0.248,0.072,1.819276099975666e-23,U0,G30404
Uncorrected,6.739897972798298e-28,2.194473724001691,0.2,0.049,2.2555742555766784e-23,U0,G8342
Uncorrected,4.8640913028670184e-27,1.6256453358781606,0.379,0.16,1.6278167954174764e-22,U0,G17344
Uncorrected,1.3809165512603957e-26,1.5816356279733368,0.258,0.081,4.621375330448041e-22,U0,G8343
Uncorrected,1.7677935386484608e-26,1.1156843862121362,0.432,0.186,5.916097856440939e-22,U0,G10972
Uncorrected,5.248820358119673e-26,1.0321061838822039,0.594,0.338,1.7565702210483297e-21,U0,G31077
Uncorrected,5.363228057078243e-26,1.0895017145191142,0.296,0.101,1.794857901581805e-21,U0,G7433
Uncorrected,8.596414818243475e-26,1.718942169559048,0.317,0.121,2.8768761830733615e-21,U0,G23105
Uncorrected,1.3207366857461324e-25,1.147010899800815,0.358,0.143,4.419977392518006e-21,U0,G3825
Uncorrected,2.170315662336883e-25,1.2071539608647552,0.332,0.127,7.263178395576611e-21,U0,G10324
Uncorrected,3.373537522707932e-25,1.5867772061225993,0.246,0.077,1.1289880673494364e-20,U0,G1136
Uncorrected,4.211840131940606e-25,1.4165756391159503,0.322,0.123,1.4095344185552433e-20,U0,G21423
Uncorrected,5.035561160118176e-25,1.2241874111027173,0.322,0.121,1.685200897845149e-20,U0,G15609
Uncorrected,5.72673516282579e-25,1.8078909420246345,0.215,0.061,1.9165091895912787e-20,U0,G19192
Uncorrected,8.472355154500062e-25,1.133093953910648,0.339,0.131,2.835358376004991e-20,U0,G11208
Uncorrected,1.693976966398799e-24,1.0463587135117534,0.504,0.26,5.669063315750221e-20,U0,G30748
Uncorrected,2.133942195237505e-24,1.2999866079588474,0.379,0.163,7.141450950581835e-20,U0,G15761
Uncorrected,3.1374248662659205e-24,1.5312434149813992,0.22,0.063,1.049970605744553e-19,U0,G20222
Uncorrected,3.640436928749034e-24,1.0593139648323673,0.661,0.419,1.2183086225751516e-19,U0,G6065
Uncorrected,3.7880175926568155e-24,1.3673245934242817,0.391,0.176,1.2676979675585298e-19,U0,G19467
Uncorrected,3.9917359572504606e-24,1.3086917851729172,0.346,0.143,1.3358743554534392e-19,U0,G5296
Uncorrected,4.7769816644638716e-24,1.117660820188155,0.425,0.197,1.5986646838294793e-19,U0,G14306
Uncorrected,5.855426160255239e-24,1.6768943193410717,0.232,0.072,1.9595769187910183e-19,U0,G5777
Uncorrected,6.774792424877638e-24,1.117916733838947,0.461,0.231,2.2672520329095504e-19,U0,G31255
Uncorrected,7.009963748891983e-24,1.3942648565328213,0.286,0.101,2.345954468204191e-19,U0,G8944
Uncorrected,1.2974312806668568e-23,0.8303648319106731,0.706,0.461,4.3419835238797025e-19,U0,G7426
Uncorrected,1.381556744289426e-23,1.2029571605931817,0.446,0.224,4.623517800438993e-19,U0,G3268
Uncorrected,1.6935424103274669e-23,1.6064008486661443,0.243,0.079,5.667609030401901e-19,U0,G28781
Uncorrected,2.0859206879252433e-23,0.7390431130646182,0.668,0.401,6.980742174210619e-19,U0,G16603
Uncorrected,2.660910796493105e-23,1.0422990511443384,0.611,0.378,8.905004071543825e-19,U0,G1936
Uncorrected,2.7137942812124354e-23,0.393963230358473,0.99,0.957,9.081983941505537e-19,U0,G14032
Uncorrected,6.638635161609735e-23,0.9539459554885181,0.391,0.167,2.221685643184314e-18,U0,G27469
Uncorrected,7.348436413757968e-23,1.4815671051598633,0.337,0.141,2.4592277302282417e-18,U0,G19321
Uncorrected,8.018727971487767e-23,1.2404356579719114,0.382,0.173,2.683547502938096e-18,U0,G9200
Uncorrected,1.1657691901382331e-22,1.110031483920498,0.749,0.557,3.901363171716611e-18,U0,G16819
Uncorrected,4.445688756893159e-22,0.9266223416269921,0.671,0.44,1.4877941993818644e-17,U0,G27389
Uncorrected,4.477997939936398e-22,0.7942231939470219,0.444,0.206,1.4986067905791147e-17,U0,G31294
Uncorrected,5.062601770748365e-22,1.482395819661765,0.267,0.097,1.6942503085986477e-17,U0,G32756
Uncorrected,5.495725929574341e-22,0.4155934706562112,0.819,0.505,1.839199639591349e-17,U0,G20682
Uncorrected,6.327154846647544e-22,1.674141259568555,0.224,0.072,2.117445640979067e-17,U0,G775
Uncorrected,6.562074370963101e-22,1.1052083507850752,0.258,0.089,2.1960638089865115e-17,U0,G19959
Uncorrected,1.5070279571333585e-21,0.6946338146018456,0.668,0.434,5.0434197613424975e-17,U0,G30615
Uncorrected,1.5545309355947651e-21,1.424820818537763,0.234,0.078,5.2023932290614406e-17,U0,G7205
Uncorrected,4.707594627719531e-21,1.1290191293201168,0.372,0.17,1.575443618112618e-16,U0,G7150
Uncorrected,7.73564398700335e-21,1.0085932207116075,0.358,0.159,2.588810616690541e-16,U0,G2464
Uncorrected,1.4054226691619656e-20,2.081293471242326,0.239,0.087,4.703387504617434e-16,U0,G6818
Uncorrected,2.0898142429502084e-20,0.6253997664593269,0.752,0.528,6.993772345457167e-16,U0,G1851
Uncorrected,3.318182487776364e-20,0.8752617330629497,0.504,0.277,1.1104629513592379e-15,U0,G7925
Uncorrected,3.64351218018173e-20,1.0636113898428157,0.377,0.175,1.2193377862196178e-15,U0,G18676
Uncorrected,5.489250069358332e-20,0.75751101564502,0.568,0.329,1.8370324282114592e-15,U0,G17558
Uncorrected,6.803400490786634e-20,1.173697782804457,0.27,0.103,2.2768260082466548e-15,U0,G31549
Uncorrected,1.0995853541842246e-19,1.4184873340674153,0.267,0.105,3.679872346312926e-15,U0,G4167
Uncorrected,1.1761763125978743e-19,1.110580222128607,0.212,0.069,3.936191647740046e-15,U0,G29928
Uncorrected,1.2315479393615213e-19,0.9715404831247048,0.391,0.189,4.1214983338672674e-15,U0,G14307
Uncorrected,1.3972599584437523e-19,1.0041815028254335,0.394,0.193,4.676070176927861e-15,U0,G11033
Uncorrected,1.401158364609196e-19,0.7862019273282057,0.527,0.289,4.689116583001135e-15,U0,G27045
Uncorrected,3.199247482405081e-19,1.2618602749607635,0.315,0.14,1.0706601624616844e-14,U0,G17697
Uncorrected,5.234627810805001e-19,0.7673252269495066,0.527,0.295,1.7518205431640017e-14,U0,G15972
Uncorrected,7.03455012188106e-19,0.9600284667789225,0.37,0.175,2.3541825437887155e-14,U0,G12027
Uncorrected,8.57958429714675e-19,1.298765298384973,0.241,0.091,2.871243680883131e-14,U0,G13042
Uncorrected,1.1890316141460512e-18,1.2802741485796485,0.358,0.175,3.979213199901175e-14,U0,G28397
Uncorrected,1.5452529597508046e-18,0.6482764151562506,0.465,0.247,5.171343555102042e-14,U0,G3838
Uncorrected,1.7196120013358647e-18,1.4302730479388743,0.272,0.112,5.754853523670604e-14,U0,G17309
Uncorrected,2.3706333937944374e-18,1.4366600081601621,0.203,0.069,7.933561715672464e-14,U0,G17294
Uncorrected,3.3189856104392575e-18,1.6434151888413568,0.208,0.072,1.110731724389602e-13,U0,G26926
Uncorrected,3.4207136415009994e-18,0.9783188617631203,0.313,0.137,1.1447760272647246e-13,U0,G14700
Uncorrected,4.636952616345542e-18,1.1693535699946127,0.389,0.2,1.551802562586199e-13,U0,G14654
Uncorrected,6.486121506293205e-18,1.4228763429608333,0.229,0.086,2.170645423296084e-13,U0,G2041
Uncorrected,7.7993762876174e-18,0.9031596253938443,0.699,0.52,2.610139268414039e-13,U0,G4799
Uncorrected,9.511186715099337e-18,0.7816845002530337,0.348,0.164,3.183013746075144e-13,U0,G15922
Uncorrected,1.047992684826893e-17,0.712231020122033,0.468,0.243,3.50721231904168e-13,U0,G27271
Uncorrected,1.4419021419797394e-17,0.9089227843825118,0.692,0.51,4.825469708349396e-13,U0,G4804
Uncorrected,1.6600602721233872e-17,0.6441914868934067,0.621,0.401,5.555557706688127e-13,U0,G6496
Uncorrected,3.446830423174087e-17,0.7825494370937762,0.43,0.228,1.15351626941944e-12,U0,G26491
Uncorrected,3.554891023330448e-17,1.3515749985175192,0.215,0.08,1.1896798298677676e-12,U0,G1129
Uncorrected,5.060585395463362e-17,1.3098157993253399,0.284,0.127,1.6935755084457687e-12,U0,G17354
Uncorrected,5.072348912024341e-17,1.3828501170825827,0.291,0.129,1.697512286898066e-12,U0,G29208
Uncorrected,5.200726180445375e-17,0.6851082078877444,0.511,0.283,1.7404750235478493e-12,U0,G5443
Uncorrected,5.295772686776243e-17,0.4896642063495107,0.32,0.142,1.7722832873565374e-12,U0,G7425
Uncorrected,5.493449515587011e-17,1.137475402444951,0.248,0.098,1.8384378148863494e-12,U0,G16771
Uncorrected,6.647683167162053e-17,1.0283245296386414,0.351,0.171,2.2247136487224525e-12,U0,G27462
Uncorrected,8.992639552145145e-17,0.7451326515938022,0.329,0.153,3.0094767525208943e-12,U0,G25784
Uncorrected,1.2171187223961394e-16,1.15611247571688,0.234,0.091,4.0732095163709204e-12,U0,G22979
Uncorrected,1.5521531516461352e-16,0.9401078962820334,0.344,0.166,5.194435737298956e-12,U0,G30997
Uncorrected,1.7445571781502148e-16,0.7834494184451064,0.284,0.122,5.838335052397509e-12,U0,G1594
Uncorrected,2.2475625222366327e-16,1.0226145305996794,0.284,0.124,7.521692736917114e-12,U0,G4015
Uncorrected,2.2475625222366327e-16,1.0226145305996794,0.284,0.124,7.521692736917114e-12,U0,G4016
Uncorrected,2.4812581613034155e-16,0.5394238208131554,0.757,0.528,8.30377856261801e-12,U0,G28704
Uncorrected,3.6805198588164847e-16,0.8526001000431209,0.456,0.26,1.2317227759515248e-11,U0,G7247
Uncorrected,4.5147630187717e-16,1.0050140245533343,0.239,0.096,1.510910591862137e-11,U0,G2116
Uncorrected,7.43312363863608e-16,0.8880327928190677,0.43,0.237,2.4875691569059506e-11,U0,G11496
Uncorrected,8.131865710014066e-16,1.1675506406666223,0.229,0.092,2.721410178513307e-11,U0,G20378
Uncorrected,8.5957194051556e-16,0.6751123002293049,0.726,0.543,2.876643456129373e-11,U0,G28008
Uncorrected,8.944370528852753e-16,0.8698167751034052,0.277,0.12,2.993323041185862e-11,U0,G25309
Uncorrected,1.662667100990816e-15,1.485484272307644,0.217,0.086,5.564281720175865e-11,U0,G15272
Uncorrected,2.494003150068955e-15,0.7471751399468074,0.413,0.223,8.346430942020765e-11,U0,G1801
Uncorrected,3.180955463594439e-15,0.9119992703841073,0.363,0.184,1.064538555446515e-10,U0,G7774
Uncorrected,3.2053602771415913e-15,0.7509990537668519,0.286,0.13,1.072705870348205e-10,U0,G9950
Uncorrected,3.691347957540503e-15,1.389967148494856,0.253,0.112,1.2353465074705046e-10,U0,G8381
Uncorrected,3.990783353233908e-15,0.9475730150469752,0.341,0.173,1.3355555569932597e-10,U0,G17147
Uncorrected,4.822598146897229e-15,0.7556494768193738,0.539,0.334,1.6139306958406267e-10,U0,G20645
Uncorrected,7.990805545478418e-15,1.4811658265550027,0.217,0.089,2.674202983849807e-10,U0,G11544
Uncorrected,8.4700544223733e-15,1.0305343038121337,0.274,0.126,2.834588412991448e-10,U0,G4169
Uncorrected,8.522707881237661e-15,0.7873574438474127,0.365,0.185,2.8522094195349954e-10,U0,G5255
Uncorrected,9.272275056350195e-15,0.788620906463638,0.418,0.232,3.1030595703581563e-10,U0,G5261
Uncorrected,3.1222157687481167e-14,1.0517391651437367,0.253,0.113,1.0448807291692447e-9,U0,G6948
Uncorrected,3.134839207145787e-14,1.3884637821110897,0.255,0.116,1.0491052890634093e-9,U0,G123
Uncorrected,3.1978089990250963e-14,0.5846011990863942,0.663,0.467,1.0701787596137387e-9,U0,G32222
Uncorrected,3.503879610269818e-14,0.8901207919169755,0.315,0.158,1.1726083503728974e-9,U0,G5820
Uncorrected,3.638502563450482e-14,1.3719359449301514,0.217,0.091,1.2176612678843383e-9,U0,G4166
Uncorrected,4.885533490133148e-14,0.8582039030330475,0.267,0.122,1.6349926378079593e-9,U0,G4050
Uncorrected,5.862495806529544e-14,0.6723873613081599,0.37,0.195,1.9619428466131773e-9,U0,G6557
Uncorrected,8.187143224411516e-14,1.0898915850990956,0.212,0.087,2.739909351481558e-9,U0,G22427
Uncorrected,8.353881776273799e-14,0.9665148807207636,0.229,0.098,2.7957100752477895e-9,U0,G9191
Uncorrected,1.0295744801182912e-13,1.0378120586172062,0.301,0.15,3.4455739551638732e-9,U0,G22839
Uncorrected,1.0295744801182912e-13,1.0378120586172062,0.301,0.15,3.4455739551638732e-9,U0,G22840
Uncorrected,1.0700550207995666e-13,0.8066890791551402,0.348,0.183,3.5810461326078297e-9,U0,G23374
Uncorrected,1.1829390718131313e-13,1.0754731455709463,0.251,0.115,3.958823897729825e-9,U0,G28330
Uncorrected,1.2539450896252842e-13,0.8260274395156747,0.255,0.116,4.1964526369399765e-9,U0,G6927
Uncorrected,1.3430566059469622e-13,0.7246391030013,0.422,0.241,4.494673237462103e-9,U0,G27258
Uncorrected,1.421658200093655e-13,0.9943530736162556,0.339,0.179,4.757721332433426e-9,U0,G734
Uncorrected,1.4622850772922572e-13,1.0256132995299907,0.208,0.085,4.893683239666268e-9,U0,G21597
Uncorrected,1.655877146726385e-13,0.8764164215376766,0.248,0.112,5.54155845923452e-9,U0,G32307
Uncorrected,2.421541649935541e-13,0.5168523107863034,0.776,0.626,8.103931285674281e-9,U0,G16622
Uncorrected,2.598231633596852e-13,1.1142146834879265,0.413,0.248,8.695241984995225e-9,U0,G12478
Uncorrected,2.604059447617498e-13,0.8403553477118538,0.327,0.169,8.714745347396718e-9,U0,G13049
Uncorrected,2.667395896710741e-13,1.2668941921702481,0.21,0.089,8.926707107932166e-9,U0,G31264
Uncorrected,3.6299243224500345e-13,0.9445691449417977,0.26,0.121,1.2147904737511286e-8,U0,G19584
Uncorrected,5.040068948057211e-13,0.3818444728741577,0.558,0.34,1.686709474156826e-8,U0,G16602
Uncorrected,5.738287593146298e-13,0.842322858749646,0.26,0.121,1.92037532592234e-8,U0,G13800
Uncorrected,5.811130740729618e-13,0.7847687856286727,0.341,0.182,1.9447530136925737e-8,U0,G28763
Uncorrected,5.860968096513235e-13,1.0626322065893319,0.286,0.146,1.9614315831791192e-8,U0,G28396
Uncorrected,6.045130660448496e-13,0.65462181801544,0.504,0.312,2.0230634268256936e-8,U0,G27546
Uncorrected,6.322010782723452e-13,0.7262686822163222,0.353,0.191,2.1157241285462302e-8,U0,G19679
Uncorrected,6.502798175986907e-13,1.400219775017417,0.205,0.088,2.1762264375757783e-8,U0,G11685
Uncorrected,7.967637556564081e-13,1.1268848255759023,0.22,0.098,2.6664495846797355e-8,U0,G13522
Uncorrected,8.448871449108085e-13,1.0809417284390286,0.222,0.097,2.8274993191585116e-8,U0,G3292
Uncorrected,9.032328073352083e-13,0.8133229287736614,0.363,0.2,3.022758913028008e-8,U0,G20713
Uncorrected,9.252213636711445e-13,0.9231922225774394,0.267,0.128,3.096345815661852e-8,U0,G13792
Uncorrected,1.0220425258038744e-12,0.7616347670023158,0.31,0.161,3.420367516855246e-8,U0,G29942
Uncorrected,1.1034028644961574e-12,0.8890376733382056,0.212,0.091,3.69264802632284e-8,U0,G22426
Uncorrected,1.2650795568087026e-12,0.815007968471285,0.348,0.189,4.233715244816004e-8,U0,G22939
Uncorrected,1.396875615491674e-12,0.6472489947873756,0.372,0.209,4.6747839348044363e-8,U0,G22918
Uncorrected,1.4659853733203967e-12,0.7743859693494664,0.365,0.204,4.90606665035404e-8,U0,G6405
Uncorrected,1.4951931243828425e-12,0.8980339534890573,0.341,0.186,5.003813310059621e-8,U0,G9153
Uncorrected,1.5059632222012354e-12,1.035164121211794,0.284,0.144,5.039856519418654e-8,U0,G8603
Uncorrected,2.0364825012797446e-12,0.7054465155153111,0.582,0.411,6.815292338782793e-8,U0,G11320
Uncorrected,2.0364825012797446e-12,0.7054465155153111,0.582,0.411,6.815292338782793e-8,U0,G11321
Uncorrected,2.0364825012797446e-12,0.7054465155153111,0.582,0.411,6.815292338782793e-8,U0,G11322
Uncorrected,2.5932627992431283e-12,0.6640541963222102,0.203,0.085,8.678613283947053e-8,U0,G11635
Uncorrected,2.9825313965945756e-12,0.36017043094102963,0.809,0.625,9.981339571843406e-8,U0,G5366
Uncorrected,4.234153334622468e-12,1.1388281333237396,0.205,0.089,1.4170017549647553e-7,U0,G27888
Uncorrected,4.365016086695413e-12,0.944830648072348,0.298,0.156,1.460796283573487e-7,U0,G2285
Uncorrected,4.488747863064751e-12,0.5843480151372011,0.248,0.117,1.5022043598532497e-7,U0,G32306
Uncorrected,5.147774029200034e-12,0.9155887957210307,0.248,0.118,1.7227540566120833e-7,U0,G216
Uncorrected,5.552729440839801e-12,0.9660437339810688,0.267,0.133,1.8582764346714478e-7,U0,G20531
Uncorrected,6.480537148062902e-12,0.8934850254904125,0.27,0.134,2.1687765619707308e-7,U0,G2131
Uncorrected,7.438808157122498e-12,0.8230626396954918,0.305,0.158,2.489471537862615e-7,U0,G25795
Uncorrected,1.2791434501013829e-11,1.0513741783445751,0.239,0.115,4.280781470109288e-7,U0,G28504
Uncorrected,1.4752432208019053e-11,0.7759364791500977,0.334,0.186,4.937048962735656e-7,U0,G27381
Uncorrected,1.618396308665528e-11,0.5102674280974506,0.943,0.871,5.416125086580056e-7,U0,G31308
Uncorrected,1.8447806373593356e-11,0.6337424102560112,0.229,0.107,6.173742880986752e-7,U0,G17198
Uncorrected,1.9622784838706053e-11,1.0219315762112542,0.234,0.112,6.566961174121368e-7,U0,G3803
Uncorrected,1.9789430295281634e-11,0.3030845897209089,0.341,0.179,6.622730742618951e-7,U0,G19895
Uncorrected,2.3158741462683237e-11,0.38092492090703445,0.964,0.887,7.750304417901572e-7,U0,MZ497416.1:16289..17324-df-g
Uncorrected,2.9208039614949785e-11,1.0025216684648934,0.26,0.133,9.774762537539094e-7,U0,ENSLOC000323
Uncorrected,3.020466147113224e-11,0.71539786044508,0.222,0.102,1.0108292007929115e-6,U0,G5681
Uncorrected,5.2370660917132254e-11,0.25766041797403183,0.542,0.348,1.752636538252748e-6,U0,G15973
Uncorrected,5.465598577478894e-11,1.0550893563182817,0.234,0.114,1.8291172199390867e-6,U0,G26071
Uncorrected,6.583142410031624e-11,0.5311413752245072,0.251,0.124,2.2031144389411834e-6,U0,G2847
Uncorrected,6.81260670365851e-11,0.5316601709380893,0.379,0.218,2.279906959446357e-6,U0,G988
Uncorrected,7.094006000096054e-11,0.48064328559324676,0.425,0.256,2.3740800479921454e-6,U0,G25075
Uncorrected,7.189685609730345e-11,0.5685600047611581,0.215,0.098,2.4061001861523573e-6,U0,G3241
Uncorrected,9.110400837057552e-11,0.7101035635187437,0.37,0.219,3.0488867441296802e-6,U0,G20715
Uncorrected,9.185440275360429e-11,1.175430062455165,0.286,0.158,3.073999442552121e-6,U0,G21342
Uncorrected,9.985692369529339e-11,0.3888529555346123,0.862,0.734,3.3418118083866887e-6,U0,G15067
Uncorrected,1.0903988430637107e-10,0.5688828653393494,0.449,0.284,3.649128768197014e-6,U0,G31452
Uncorrected,1.1482784351650475e-10,0.6986947157803018,0.205,0.094,3.842828611123348e-6,U0,G17128
Uncorrected,1.5194265770613526e-10,0.7765732864348167,0.248,0.125,5.084912982793523e-6,U0,G27267
Uncorrected,2.1050472307803303e-10,0.5245033242775581,0.234,0.115,7.044751062529454e-6,U0,G6285
Uncorrected,2.184117899110914e-10,0.4511797875369252,0.709,0.531,7.309368961164585e-6,U0,G16885
Uncorrected,2.277440651056838e-10,0.5283237196199879,0.461,0.29,7.621682882826814e-6,U0,G14112
Uncorrected,2.298874866012552e-10,0.8465955045174934,0.217,0.106,7.693414626597607e-6,U0,G19009
Uncorrected,2.388067374254612e-10,1.404012550019333,0.222,0.108,7.991906274680486e-6,U0,G3716
Uncorrected,2.5678128569127706e-10,0.7071035336277841,0.203,0.094,8.593442506944279e-6,U0,G19585
Uncorrected,2.797200823923377e-10,0.44942714413457363,0.687,0.513,9.361112277341972e-6,U0,G28010
Uncorrected,2.9048431949405133e-10,0.279713665562042,0.924,0.849,9.721348236187922e-6,U0,G6642
Uncorrected,3.1541449338192214e-10,0.5972616046605279,0.248,0.126,1.0555661435519406e-5,U0,G6723
Uncorrected,3.2312627773056487e-10,0.5602237088437874,0.394,0.241,1.0813744010531084e-5,U0,G11965
Uncorrected,3.6191264275411053e-10,0.6784760115788874,0.22,0.105,1.2111768502409064e-5,U0,G16736
Uncorrected,5.468953230706105e-10,1.077718543632894,0.258,0.138,1.8302398881881052e-5,U0,G5370
Uncorrected,5.604903297924602e-10,0.7166103199159659,0.363,0.221,1.875736937683447e-5,U0,G28703
Uncorrected,7.295038656437707e-10,0.8832677978225201,0.26,0.139,2.441357636763443e-5,U0,G21939
Uncorrected,7.790158419200715e-10,0.4969451196490178,0.444,0.28,2.6070544165697115e-5,U0,G8828
Uncorrected,9.094565970820248e-10,0.7072653841791219,0.205,0.099,3.043587447794704e-5,U0,G7776
Uncorrected,9.260471464873461e-10,1.0834414183787366,0.203,0.1,3.0991093804345526e-5,U0,G7302
Uncorrected,9.3370702932617e-10,0.7465778184293748,0.246,0.127,3.124743944342961e-5,U0,G27732
Uncorrected,1.1767753143447682e-9,0.3949765627378703,0.783,0.623,3.938196266986201e-5,U0,G24433
Uncorrected,1.2694019518119823e-9,0.5538991243478719,0.446,0.282,4.24818057193398e-5,U0,G16742
Uncorrected,1.273194862865445e-9,0.5914347618802378,0.313,0.179,4.260873928065498e-5,U0,G2486
Uncorrected,1.3541280315626158e-9,0.722857402140352,0.272,0.151,4.53172487042745e-5,U0,G22199
Uncorrected,1.396393017554889e-9,0.4794169759785236,0.442,0.28,4.673168872549192e-5,U0,G20268
Uncorrected,1.4417512030038903e-9,0.4785096513965499,0.489,0.329,4.8249645759728194e-5,U0,G10480
Uncorrected,1.4419476375558618e-9,0.644466866350826,0.232,0.117,4.825621963844447e-5,U0,G2702
Uncorrected,1.463410334659102e-9,0.6814954107858272,0.208,0.101,4.897449025970151e-5,U0,G17386
Uncorrected,1.5328263532590489e-9,0.5283825164420994,0.58,0.421,5.129756673816733e-5,U0,G14831
Uncorrected,1.8759777288352097e-9,0.6598675527684359,0.212,0.104,6.278147067319913e-5,U0,G1400
Uncorrected,1.8921143210065926e-9,0.5646649517720612,0.391,0.243,6.332149786680663e-5,U0,G9148
Uncorrected,2.1232346970896405e-9,0.7346371651356287,0.203,0.099,7.105617237280191e-5,U0,G16185
Uncorrected,2.6606100650679386e-9,0.7489120168973025,0.253,0.133,8.903997643756363e-5,U0,G26923
Uncorrected,3.0785990855635532e-9,0.49760427306171606,0.394,0.245,1.0302839699746987e-4,U0,G20270
Uncorrected,3.1979897225677804e-9,0.748442337069801,0.391,0.26,1.0702392405545334e-4,U0,G17783
Uncorrected,3.3218298229339876e-9,0.6787039705448473,0.203,0.099,1.1116835685430883e-4,U0,G9655
Uncorrected,4.505094323522596e-9,0.5178891204313183,0.337,0.199,1.507674866310072e-4,U0,G17226
Uncorrected,4.802328944936341e-9,0.7086737013892856,0.2,0.099,1.607147404712396e-4,U0,G32517
Uncorrected,6.245122218986104e-9,0.8288502302312776,0.253,0.139,2.0899926018058896e-4,U0,G31
Uncorrected,6.357796233669715e-9,0.5396300347841789,0.27,0.147,2.1277000875599068e-4,U0,G27176
Uncorrected,6.38326942884206e-9,0.7897968645393453,0.274,0.156,2.1362249470562839e-4,U0,G4031
Uncorrected,6.493258414520447e-9,0.6564087933940849,0.303,0.178,2.1730338610034128e-4,U0,G23786
Uncorrected,6.99352062499517e-9,0.6947740952115693,0.227,0.118,2.3404516123608836e-4,U0,G9313
Uncorrected,7.470354613096472e-9,0.9493287446469044,0.274,0.158,2.500028874818865e-4,U0,G6169
Uncorrected,8.37749436827831e-9,0.4804526097847732,0.298,0.173,2.803612265288019e-4,U0,G16981
Uncorrected,9.454078653008338e-9,0.915411326938967,0.411,0.274,3.16390196201577e-4,U0,G976
Uncorrected,1.0737225187605203e-8,0.43259377741546734,0.396,0.251,3.593319781283957e-4,U0,G18954
Uncorrected,1.1376457760566696e-8,0.7059054487326646,0.294,0.173,3.8072453541512503e-4,U0,G23393
Uncorrected,1.1400826794481881e-8,0.5004843633047034,0.432,0.289,3.815400695041306e-4,U0,CYTB
Uncorrected,1.1508685673825853e-8,0.49552774046996806,0.506,0.343,3.8514967476025597e-4,U0,G14840
Uncorrected,1.2938348736231146e-8,0.6162122411484443,0.348,0.213,4.329947788067115e-4,U0,G13592
Uncorrected,1.2947733579124187e-8,0.42008833909514953,0.506,0.349,4.3330885195897004e-4,U0,G7011
Uncorrected,1.4577826382855177e-8,0.9590706276359219,0.224,0.122,4.8786153772863134e-4,U0,G9936
Uncorrected,1.6341977301057192e-8,0.621263930100978,0.274,0.157,5.4690061235718e-4,U0,G4935
Uncorrected,1.6444346102069193e-8,0.4877692700415094,0.282,0.164,5.503264866518476e-4,U0,G20867
Uncorrected,1.655474773973178e-8,0.4422764157618424,0.53,0.374,5.540211878578637e-4,U0,G5163
Uncorrected,1.6838111254788706e-8,0.596365780922328,0.389,0.252,5.635042312527588e-4,U0,G26324
Uncorrected,1.691450209516975e-8,0.6080518977797791,0.255,0.141,5.660607271169508e-4,U0,G2909
Uncorrected,1.7018491935010625e-8,0.4951269890082899,0.453,0.302,5.695408510970655e-4,U0,G27737
Uncorrected,1.84164749005622e-8,0.553465697497258,0.346,0.213,6.163257490222146e-4,U0,G3710
Uncorrected,1.9613456714388972e-8,0.7753954830706515,0.227,0.122,6.563839424037414e-4,U0,G28694
Uncorrected,2.1803199350259268e-8,0.33669766392195344,0.673,0.509,7.296658694557767e-4,U0,G32486
Uncorrected,2.24889103452822e-8,0.5428536940354023,0.43,0.28,7.526138736152141e-4,U0,G3713
Uncorrected,2.871825229115235e-8,0.8701485865881411,0.22,0.119,9.610850311757046e-4,U0,G17102
Uncorrected,3.015465690381879e-8,0.6895224481805945,0.205,0.105,0.0010091557479431996,U0,G24861
Uncorrected,3.3429548941239896e-8,0.6061485138304199,0.251,0.141,0.0011187532848675344,U0,G26928
Uncorrected,3.732062875829493e-8,0.3779887347120714,0.573,0.412,0.001248972162025098,U0,G5109
Uncorrected,3.79956383367174e-8,0.6429254905112097,0.277,0.162,0.0012715620325765846,U0,G26092
Uncorrected,4.016775593764752e-8,0.7242476835770261,0.253,0.143,0.0013442541202093117,U0,G13578
Uncorrected,4.3033171898859476e-8,0.3990279572419424,0.652,0.511,0.0014401481307672313,U0,G23458
Uncorrected,4.705933890208077e-8,0.3524702051522448,0.625,0.468,0.001574887835697035,U0,G13129
Uncorrected,5.178216567278094e-8,0.6105707598894274,0.234,0.127,0.001732941956405287,U0,G13669
Uncorrected,5.3022537049464195e-8,0.423080290388683,0.422,0.277,0.0017744522248973687,U0,G14135
Uncorrected,5.6109484918849865e-8,0.579648814485886,0.279,0.164,0.0018777600222942296,U0,G9198
Uncorrected,6.511028687848608e-8,0.3894628307083827,0.387,0.248,0.002178980860675415,U0,G6354
Uncorrected,6.808601649685182e-8,0.7741459631380204,0.248,0.143,0.002278566628083643,U0,G6438
Uncorrected,7.260923770765002e-8,0.7031509802994265,0.243,0.139,0.0024299407491242156,U0,G28149
Uncorrected,8.849273010220086e-8,0.5248828704016911,0.2,0.105,0.002961497705600254,U0,G235
Uncorrected,9.252345023818775e-8,0.3616639515998612,0.673,0.546,0.003096389785671191,U0,G14055
Uncorrected,9.501665270150901e-8,0.48229204776354995,0.303,0.182,0.0031798272993087007,U0,G10751
Uncorrected,9.712273380564835e-8,0.7432212158826988,0.255,0.149,0.0032503094095398277,U0,G30123
Uncorrected,1.0167071236655378e-7,0.5068755906791925,0.229,0.127,0.003402512060059089,U0,G23866
Uncorrected,1.0532431952661701e-7,0.7528655411886988,0.229,0.127,0.0035247836772777648,U0,G3378
Uncorrected,1.1315093482692993e-7,0.8805844941395984,0.234,0.135,0.003786709184918037,U0,G9933
Uncorrected,1.1917049669802423e-7,0.46142640954708813,0.613,0.46,0.003988159842496079,U0,G20534
Uncorrected,1.2501308000434343e-7,0.6384488952020058,0.243,0.139,0.004183687735425357,U0,G27836
Uncorrected,1.2501308000434343e-7,0.6384488952020058,0.243,0.139,0.004183687735425357,U0,G27837
Uncorrected,1.3489839781997157e-7,0.6348883039729172,0.239,0.135,0.004514509781443169,U0,G27855
Uncorrected,1.3643025601277065e-7,0.680248921934252,0.401,0.267,0.004565774947723382,U0,G22649
Uncorrected,1.555685657907968e-7,0.6618757111636562,0.403,0.275,0.005206257622754806,U0,G25451
Uncorrected,1.614606398239361e-7,0.5853279567315579,0.358,0.237,0.0054034417723478455,U0,G1206
Uncorrected,1.6489194729294546e-7,0.6307277579434238,0.246,0.141,0.005518273908105713,U0,G9060
Uncorrected,2.0813551436311184e-7,0.5276809482281704,0.47,0.328,0.006965463123675901,U0,G820
Uncorrected,2.3214011203314953e-7,0.8235216869083237,0.267,0.164,0.007768800989301382,U0,G4743
Uncorrected,2.3214011203314953e-7,0.8235216869083237,0.267,0.164,0.007768800989301382,U0,G4744
Uncorrected,2.335874458128377e-7,0.6205837082124142,0.227,0.127,0.007817237461572427,U0,G6394
Uncorrected,2.3903267927745424e-7,0.6445704963651385,0.232,0.132,0.007999467644699283,U0,G27386
Uncorrected,2.5015431105643777e-7,0.2659721386513032,0.401,0.259,0.008371664173814746,U0,G30032
Uncorrected,2.506336965201693e-7,0.3069687606300675,0.382,0.246,0.008387707287743986,U0,G32246
Uncorrected,2.8187381312266957e-7,0.8037856993636052,0.444,0.319,0.009433189029963259,U0,G398
Uncorrected,2.8232394427469285e-7,0.2583909251706267,0.73,0.562,0.009448253119096871,U0,G24435
Uncorrected,3.083740451807244e-7,0.6033688279198972,0.222,0.124,0.010320045796018123,U0,G26760
Uncorrected,3.0844989298092113e-7,0.8585340760601202,0.272,0.167,0.010322584118499506,U0,G20499
Uncorrected,3.6676420084611304e-7,0.5731284229850843,0.26,0.152,0.01227413074551602,U0,G31579
Uncorrected,3.933419226362471e-7,0.3308315185120261,0.788,0.649,0.013163580782944644,U0,G32229
Uncorrected,4.423148629031928e-7,0.6798689917652142,0.246,0.145,0.014802509201918251,U0,G1325
Uncorrected,4.6127507497492887e-7,0.48895235585044156,0.227,0.129,0.01543703165911097,U0,G16921
Uncorrected,4.620751442175747e-7,0.27973048334335515,0.403,0.266,0.015463806776385354,U0,G2451
Uncorrected,4.6641020055805007e-7,0.39390704142642674,0.496,0.358,0.015608883771875704,U0,G13782
Uncorrected,5.188688521662508e-7,0.463062881202456,0.305,0.192,0.017364465006595747,U0,G4864
Uncorrected,5.230845121098473e-7,0.5085206298494365,0.32,0.205,0.01750554628226815,U0,G12500
Uncorrected,5.936926027969449e-7,0.7260894519555163,0.22,0.127,0.019868516645202557,U0,G1549
Uncorrected,5.945512661008417e-7,0.4966426068611295,0.353,0.237,0.01989725267133077,U0,G24106
Uncorrected,6.194597923368243e-7,0.5516782012864524,0.234,0.137,0.020730841410344165,U0,G12682
Uncorrected,6.291182090648567e-7,0.3647894428896872,0.671,0.527,0.021054069984564494,U0,G4818
Uncorrected,7.185977705504234e-7,0.6297361455282824,0.232,0.135,0.02404859298924047,U0,G942
Uncorrected,7.246621548313101e-7,0.6713115870684057,0.575,0.466,0.024251543673584623,U0,G5430
Uncorrected,8.1386651681099e-7,0.39442280995167156,0.337,0.218,0.027236856851596592,U0,G510
Uncorrected,8.160985588537906e-7,0.49662612582118304,0.232,0.134,0.027311554370600958,U0,G21077
Uncorrected,8.64448439811165e-7,0.6966188712990562,0.217,0.123,0.02892963148672045,U0,G5695
Uncorrected,8.913218222029575e-7,0.36716833540653004,0.406,0.273,0.029828976101844176,U0,G3529
Uncorrected,9.066781696607203e-7,0.7591606289076542,0.234,0.138,0.030342891625865665,U0,G24792
Uncorrected,9.534865987871834e-7,0.34741509416981775,0.391,0.264,0.03190938251501188,U0,G10173
Uncorrected,9.716124596996843e-7,0.611305236960465,0.232,0.135,0.03251598257630964,U0,G4030
Uncorrected,1.075824757606825e-6,0.6520448802648973,0.291,0.185,0.036003551338070004,U0,G24752
Uncorrected,1.1274127816603732e-6,0.48744919285645194,0.382,0.26,0.03772999615104605,U0,G3526
Uncorrected,1.1333601876919426e-6,0.6150089840666833,0.377,0.26,0.03792903204129855,U0,G1939
Uncorrected,1.1703021946988424e-6,0.41280031533458716,0.31,0.193,0.03916533324779146,U0,G27866
Uncorrected,1.171438906043034e-6,0.32796953120174877,0.47,0.335,0.03920337442963617,U0,G23279
Uncorrected,1.1770668168896828e-6,0.538627585369092,0.341,0.233,0.03939171809403012,U0,G29172
Uncorrected,1.1941855647825787e-6,0.4316216508805326,0.327,0.211,0.03996461411101378,U0,G31045
Uncorrected,1.3121208512126587e-6,0.49671887559244454,0.31,0.2,0.04391143640668284,U0,G7065
Uncorrected,1.315890354323023e-6,0.5518756202821138,0.222,0.13,0.044037586597774285,U0,G20864
Uncorrected,1.3282992893396328e-6,0.4581117912823882,0.344,0.23,0.04445286401704015,U0,ND5
Uncorrected,1.359110135178081e-6,0.3661858227198176,0.363,0.239,0.04548397978386966,U0,G17355
Uncorrected,1.4081204988616008e-6,0.5744173235436508,0.265,0.161,0.04712416061490233,U0,G9066
Uncorrected,1.5201102728910889e-6,0.6296806700223186,0.248,0.149,0.05087201039257318,U0,G21679
Uncorrected,1.686667616276197e-6,0.5054821121586353,0.339,0.223,0.05644601844629921,U0,G25775
Uncorrected,2.023003549992572e-6,0.568797592693847,0.339,0.223,0.06770183680405141,U0,G17368
Uncorrected,2.2294645133311555e-6,0.5227450710558266,0.329,0.218,0.07461125940314045,U0,G10110
Uncorrected,2.2791543928920844e-6,1.063438606538782,0.222,0.134,0.0762741809125265,U0,G29566
Uncorrected,2.363824582632818e-6,0.3815319999528285,0.215,0.124,0.0791077534823899,U0,G18971
Uncorrected,2.4163623728283e-6,0.40657920335508146,0.332,0.22,0.0808659831690719,U0,G478
Uncorrected,2.4233430036895792e-6,0.5557565097585486,0.263,0.163,0.08109959696147546,U0,ND4
Uncorrected,2.5632503367759096e-6,0.3012993088384346,0.501,0.36,0.08578173577054259,U0,G32620
Uncorrected,2.632333574438273e-6,0.5980391333947593,0.277,0.173,0.08809367540215124,U0,G1533
Uncorrected,2.797317098228638e-6,0.4913701131072551,0.227,0.135,0.09361501400931961,U0,G25372
Uncorrected,2.940544143772804e-6,0.3736763448063829,0.394,0.274,0.09840825031550066,U0,G26426
Uncorrected,3.182561252128704e-6,0.31879011231888,0.305,0.194,0.1065075948637392,U0,G26040
Uncorrected,3.182561252128704e-6,0.31879011231888,0.305,0.194,0.1065075948637392,U0,G26042
Uncorrected,3.3026876290698515e-6,0.5652061587218278,0.208,0.12,0.11052774419445165,U0,G25316
Uncorrected,3.6809991831930186e-6,0.36655055548219573,0.315,0.205,0.12318831866473756,U0,G28120
Uncorrected,3.820068166350112e-6,1.0762799845711406,0.232,0.147,0.12784240125507285,U0,G28880
Uncorrected,4.2025408473468825e-6,0.40966411515577283,0.239,0.145,0.14064223199731077,U0,G25514
Uncorrected,4.388392361399154e-6,0.48411755555702896,0.368,0.246,0.1468619387665841,U0,G27658
Uncorrected,4.4432215543922755e-6,0.32253159906923634,0.365,0.246,0.14869685253929188,U0,G23411
Uncorrected,4.662486002613768e-6,0.25391351779903026,0.241,0.148,0.15603475656347238,U0,G12110
Uncorrected,4.689431539285994e-6,0.40462918861809216,0.451,0.328,0.15693651589374505,U0,G1208
Uncorrected,5.7692901259593585e-6,0.5429008214636909,0.234,0.143,0.1930750633553559,U0,G13759
Uncorrected,5.803680344432056e-6,0.4250290867297426,0.305,0.202,0.19422596640676318,U0,G24405
Uncorrected,6.63314913640926e-6,0.32038258595458124,0.346,0.232,0.22198496899907227,U0,G4270
Uncorrected,6.811577268918374e-6,0.48976503312204955,0.32,0.21,0.2279562448816223,U0,G3304
Uncorrected,7.432838626420358e-6,0.41018391439812163,0.286,0.187,0.24874737747178371,U0,G19967
Uncorrected,7.896374113189628e-6,0.6470528914423547,0.234,0.144,0.2642600560720041,U0,G1323
Uncorrected,8.021457202266885e-6,0.4701832663663364,0.246,0.154,0.26844608673106357,U0,G920
Uncorrected,8.651980242045651e-6,0.3619534074374928,0.43,0.302,0.2895471707802998,U0,G31757
Uncorrected,8.927276060518879e-6,0.47978871976036175,0.26,0.166,0.2987602206413248,U0,G10563
Uncorrected,9.332941095010451e-6,0.43558598618023225,0.284,0.185,0.3123362066856198,U0,G1948
Uncorrected,9.373139399563071e-6,0.3300294343499308,0.48,0.354,0.31368148314577776,U0,G14836
Uncorrected,9.591255007334752e-6,0.45023823697383436,0.258,0.163,0.32098094007546485,U0,G21811
Uncorrected,1.1490487959944759e-5,0.5308536384207311,0.277,0.181,0.3845406700675113,U0,G27430
Uncorrected,1.1720922625287284e-5,0.551749578752445,0.263,0.168,0.39225239657786426,U0,G20501
Uncorrected,1.2480647249922039e-5,0.36850807931203244,0.267,0.17,0.4176773408658909,U0,G7023
Uncorrected,1.3189094315212114e-5,0.4227848492299975,0.279,0.181,0.4413862303528886,U0,G3282
Uncorrected,1.3497748527146089e-5,0.2919920369970237,0.582,0.458,0.451715652209471,U0,G819
Uncorrected,1.3529113344977218e-5,0.590771100020306,0.313,0.214,0.4527653072030076,U0,G10466
Uncorrected,1.3858099882299985e-5,0.4052992125776943,0.222,0.137,0.4637751706610513,U0,G442
Uncorrected,1.5409586759758563e-5,0.4688888571217979,0.229,0.142,0.51569723050208,U0,G4344
Uncorrected,1.7916163924645687e-5,0.38063288264483863,0.315,0.212,0.5995823419021925,U0,G16734
Uncorrected,1.860136527016788e-5,0.7005550335824579,0.227,0.142,0.6225132901314383,U0,G24867
Uncorrected,1.8967595758936734e-5,0.47882173842699594,0.305,0.208,0.6347695596685767,U0,G24500
Uncorrected,1.9079966760199592e-5,0.4090016832470533,0.42,0.306,0.6385301675968396,U0,G5350
Uncorrected,2.1087915139308615e-5,0.3580617612814422,0.332,0.23,0.7057281680521021,U0,G24104
Uncorrected,2.478824253629386e-5,0.28523467262826974,0.36,0.25,0.8295633247196104,U0,G13549
Uncorrected,2.573866265998411e-5,0.3651672466657129,0.248,0.159,0.8613700845790282,U0,G6891
Uncorrected,2.7184578119385578e-5,0.27600425396950656,0.236,0.149,0.9097590913433578,U0,G24957
Uncorrected,2.720575882120869e-5,0.5315914858884742,0.26,0.171,0.91046792471057,U0,G24103
Uncorrected,2.9004049602071035e-5,0.3511889586139061,0.279,0.184,0.9706495239829093,U0,G19518
Uncorrected,2.9341901335112723e-5,0.3941782941521681,0.274,0.179,0.9819560700808824,U0,G2797
Uncorrected,2.939448933709116e-5,0.3291550116204878,0.22,0.137,0.9837159801550928,U0,G25515
Uncorrected,3.053484942934162e-5,0.6717906477336245,0.222,0.139,1,U0,G15941
Uncorrected,3.1758713325179405e-5,0.2701739721903218,0.561,0.433,1,U0,G11483
Uncorrected,3.3922399891052046e-5,0.25536533195842215,0.289,0.191,1,U0,G19598
Uncorrected,3.456699615244124e-5,0.3903361972282353,0.265,0.175,1,U0,G31199
Uncorrected,3.6094826209593176e-5,0.42628361051587826,0.236,0.15,1,U0,G30771
Uncorrected,3.924824969394779e-5,0.4076534480662526,0.337,0.238,1,U0,G30100
Uncorrected,3.944852376089561e-5,0.2904735555428888,0.329,0.225,1,U0,G28585
Uncorrected,4.016726297560555e-5,0.46568862253206134,0.239,0.153,1,U0,G23412
Uncorrected,4.305361673456653e-5,0.548066222979253,0.298,0.201,1,U0,G394
Uncorrected,4.688483045422724e-5,0.5059052809963709,0.286,0.194,1,U0,G21529
Uncorrected,5.5301274256251435e-5,0.3181893602116921,0.227,0.145,1,U0,G12645
Uncorrected,5.5358597144820856e-5,0.5368772578029508,0.258,0.173,1,U0,G21290
Uncorrected,5.651414014679285e-5,0.4682948450416624,0.267,0.177,1,U0,G23461
Uncorrected,5.831825559303504e-5,0.3261282577550617,0.22,0.139,1,U0,G24105
Uncorrected,5.8590949032996056e-5,0.3665482026285148,0.222,0.142,1,U0,G31412
Uncorrected,6.60703626569078e-5,0.42799856012274784,0.251,0.166,1,U0,G25697
Uncorrected,7.123301244921467e-5,0.36375037004929844,0.22,0.14,1,U0,G932
Uncorrected,7.430487127835973e-5,0.44867391901231163,0.241,0.162,1,U0,G1589
Uncorrected,7.893292627802934e-5,0.3595854576228418,0.265,0.177,1,U0,G2579
Uncorrected,8.276049556878523e-5,0.33919160035143026,0.284,0.194,1,U0,G26392
Uncorrected,8.723950551599333e-5,0.35032726415091064,0.234,0.15,1,U0,G2739
Uncorrected,8.989413965486947e-5,0.32964645816230087,0.263,0.176,1,U0,G28158
Uncorrected,9.993458900121134e-5,0.5217522205872692,0.222,0.144,1,U0,G24100
Uncorrected,1.0054308986724372e-4,0.3607922967230679,0.32,0.225,1,U0,G20152
Uncorrected,1.0363698219179717e-4,0.30955018372997434,0.248,0.164,1,U0,G25544
Uncorrected,1.1792658945026176e-4,0.447012968882333,0.234,0.155,1,U0,G153
Uncorrected,1.3831845915097062e-4,0.36800162603869424,0.296,0.204,1,U0,G1767
Uncorrected,1.4577514062431198e-4,0.5431036421989395,0.303,0.216,1,U0,G30395
Uncorrected,1.8924582327082014e-4,0.5330588233829536,0.21,0.136,1,U0,G6951
Uncorrected,2.4017646432671332e-4,0.2711908737913207,0.227,0.148,1,U0,G3802
Uncorrected,2.467563256087578e-4,0.28595109253491924,0.224,0.149,1,U0,G16415
Uncorrected,2.8305920418541977e-4,0.4074799814182901,0.258,0.176,1,U0,G25300
Uncorrected,2.899372708633534e-4,0.5433029883550655,0.205,0.135,1,U0,G21828
Uncorrected,3.1180427370520363e-4,0.3666369863007679,0.313,0.226,1,U0,G21782
Uncorrected,3.26661623920483e-4,0.26927635775458936,0.399,0.31,1,U0,G18939
Uncorrected,3.295366493908511e-4,0.453355050612507,0.26,0.18,1,U0,G4262
Uncorrected,3.3167202133133446e-4,0.5359209972537261,0.265,0.185,1,U0,G13715
Uncorrected,3.5034415465577836e-4,0.36096626354994055,0.286,0.203,1,U0,G21284
Uncorrected,3.8034276206252933e-4,0.385783838635112,0.246,0.168,1,U0,G5375
Uncorrected,4.4779146641405615e-4,0.2669255779655212,0.279,0.198,1,U0,G26997
Uncorrected,4.814648103607394e-4,0.26395535277412896,0.282,0.198,1,U0,G1611
Uncorrected,5.758749557573323e-4,0.31073771157267216,0.255,0.179,1,U0,G222
Uncorrected,6.664775768852794e-4,0.2653349427864877,0.439,0.342,1,U0,COX1
Uncorrected,6.679140680112453e-4,0.2769797757084106,0.203,0.136,1,U0,G3151
Uncorrected,7.625828940751903e-4,0.389955369195761,0.222,0.153,1,U0,G15868
Uncorrected,7.860592810785326e-4,0.3667097344634871,0.239,0.166,1,U0,G32033
Uncorrected,8.856327054958559e-4,0.357009836733001,0.389,0.3,1,U0,G30632
Uncorrected,9.69419618901231e-4,0.37075068439766456,0.222,0.154,1,U0,G31458
Uncorrected,9.911333939304678e-4,0.35705552367037374,0.205,0.139,1,U0,G31794
Uncorrected,0.001072544666144528,0.2967649138027464,0.26,0.187,1,U0,G18065
Uncorrected,0.0011100552178132056,0.34058578251609406,0.274,0.199,1,U0,G10025
Uncorrected,0.001262014908371927,0.3761491856997017,0.248,0.178,1,U0,G6094
Uncorrected,0.0012798922376806793,0.4334243682540586,0.208,0.144,1,U0,G24979
Uncorrected,0.0012908752752780384,0.33503720862699704,0.251,0.182,1,U0,G24263
Uncorrected,0.0012920290697205465,0.26686057128442986,0.246,0.176,1,U0,G10764
Uncorrected,0.0013093753420422686,0.3127888748214471,0.229,0.16,1,U0,G3804
Uncorrected,0.0013415102325581914,0.3346605115181682,0.212,0.148,1,U0,G26771
Uncorrected,0.00152747098732686,0.3350084231010668,0.255,0.185,1,U0,G13729
Uncorrected,0.001561374554063282,0.6414591082734178,0.31,0.238,1,U0,G5541
Uncorrected,0.0015772152253110733,0.38120277396792335,0.21,0.148,1,U0,G9205
Uncorrected,0.0022130319005495224,0.27808777588746647,0.232,0.165,1,U0,G9207
Uncorrected,0.0024331360939784975,0.3892441684714081,0.224,0.16,1,U0,G12804
Uncorrected,0.0028832249419642963,0.33066761999050515,0.255,0.186,1,U0,G17749
Uncorrected,0.00291731612539121,0.30719720276020096,0.2,0.143,1,U0,G25063
Uncorrected,0.003227903059497555,0.3506665862484748,0.232,0.169,1,U0,G21388
Uncorrected,0.003409063051641219,0.372268131245856,0.243,0.181,1,U0,G28572
Uncorrected,0.003488417087054907,0.45710280135650105,0.277,0.214,1,U0,G13908
Uncorrected,0.003708681613208531,0.28625100695672523,0.222,0.162,1,U0,G10578
Uncorrected,0.004248157977210621,0.30674728456810074,0.274,0.204,1,U0,G10862
Uncorrected,0.007706868525934945,0.25099940639398477,0.217,0.161,1,U0,G1368
Uncorrected,0.00797185556513349,0.3160996129721201,0.203,0.151,1,U0,G12135
Uncorrected,0.008214673515217647,0.25597630935210947,0.344,0.279,1,U0,G770
Uncorrected,0.008710057891054867,0.31217603077809475,0.239,0.181,1,U0,G1461
Uncorrected,0.008980798639402428,0.5609937280522659,0.289,0.231,1,U0,G17979
Uncorrected,0.009407725892752957,0.26401123946812177,0.234,0.176,1,U0,G6926
Uncorrected,4.879648425852965e-105,5.152210805697843,0.3,0.017,1.6330231421959532e-100,U1,G15106
Uncorrected,1.0084349203464366e-91,3.5517211487725766,0.511,0.112,3.3748283044313848e-87,U1,G10055
Uncorrected,5.172863398342749e-86,4.770958676700422,0.261,0.017,1.7311504648893845e-81,U1,G6417
Uncorrected,2.326081976622643e-81,3.310808221992951,0.317,0.034,7.784465942965338e-77,U1,G3800
Uncorrected,2.893798525740199e-77,3.2637317998125246,0.511,0.132,9.68438614624215e-73,U1,G20907
Uncorrected,2.297652654764228e-76,5.114927278476532,0.239,0.017,7.689324374433966e-72,U1,G14457
Uncorrected,7.069062225113945e-67,2.3486665016235673,0.561,0.18,2.365732364256633e-62,U1,G27449
Uncorrected,3.7682570744933425e-64,3.9676936258324114,0.239,0.024,1.2610849125499419e-59,U1,G14456
Uncorrected,8.112481892071505e-64,3.297646443435958,0.325,0.054,2.71492319000065e-59,U1,G3798
Uncorrected,2.3591444720870927e-62,2.87951238430646,0.472,0.134,7.895112890286665e-58,U1,G3801
Uncorrected,4.001871565731513e-55,2.436904965977865,0.589,0.243,1.3392663381877082e-50,U1,G6266
Uncorrected,1.2594222062979447e-50,1.3061759210823247,0.869,0.64,4.2147823555967016e-46,U1,G32229
Uncorrected,5.1372689740937394e-49,1.6524010292426907,0.756,0.457,1.7192384348702108e-44,U1,G32222
Uncorrected,7.51989489568053e-48,1.06896077041229,0.961,0.87,2.5166080257884463e-43,U1,G31308
Uncorrected,1.1629307851909668e-47,2.2729791800585297,0.358,0.09,3.8918641657200894e-43,U1,G20411
Uncorrected,6.932819155451212e-44,2.9847771236667207,0.283,0.062,2.3201372585633026e-39,U1,G27847
Uncorrected,1.0516694666478153e-43,1.361258731158367,0.664,0.305,3.5195170370835783e-39,U1,G29838
Uncorrected,6.996120054758734e-41,1.9346677687638008,0.517,0.22,2.341321537525558e-36,U1,G14770
Uncorrected,1.271273786292786e-38,2.2267099886830355,0.203,0.033,4.254444853207438e-34,U1,G799
Uncorrected,8.995467912455547e-37,2.1346611640367255,0.433,0.169,3.0104232915823733e-32,U1,G19895
Uncorrected,1.1585287359694814e-36,1.8909001840822206,0.383,0.128,3.8771322677954666e-32,U1,G28884
Uncorrected,2.8562837250454887e-36,1.9181676664068585,0.433,0.166,9.558839114237233e-32,U1,G27469
Uncorrected,7.544385906610787e-36,1.086463316974195,0.761,0.439,2.5248041875063658e-31,U1,G32458
Uncorrected,9.64265993998548e-36,1.2168158005751741,0.753,0.516,3.2270125755155406e-31,U1,G27049
Uncorrected,2.897958047525591e-35,2.0457659708559826,0.408,0.152,9.698306401849144e-31,U1,G3523
Uncorrected,2.8915468869622872e-33,1.6448507901178457,0.556,0.283,9.67685081190799e-29,U1,G23776
Uncorrected,1.1100144047716428e-32,1.3799834924542966,0.717,0.461,3.71477420700878e-28,U1,G15938
Uncorrected,2.3082496477858323e-31,2.606845551518775,0.25,0.065,7.724788271280067e-27,U1,G26575
Uncorrected,1.2308829932510922e-28,1.174653369985566,0.8,0.578,4.119273025214105e-24,U1,G8827
Uncorrected,3.601380659790187e-28,0.8711759965774273,0.783,0.519,1.205238051605384e-23,U1,G20682
Uncorrected,3.768475221607255e-28,0.8299612664892995,0.789,0.542,1.261157917663084e-23,U1,G29804
Uncorrected,3.3333887640855756e-27,1.3186207003884713,0.506,0.246,1.1155518837888788e-22,U1,G14517
Uncorrected,1.7210314535852459e-26,2.501259222832831,0.269,0.087,5.759603862568384e-22,U1,G6279
Uncorrected,7.218038033594669e-26,1.3537078851926232,0.506,0.248,2.415588608322792e-21,U1,G71
Uncorrected,2.3396244739239697e-24,1.7130312077358956,0.361,0.151,7.829787264433957e-20,U1,G5774
Uncorrected,2.6295045244831516e-24,1.2676334651944,0.5,0.256,8.799899841635315e-20,U1,G18819
Uncorrected,2.279356195359557e-23,1.0971526609018536,0.669,0.5,7.628093443390294e-19,U1,G30487
Uncorrected,2.3372936599637002e-23,1.2902392572779022,0.511,0.276,7.821986962434519e-19,U1,G21268
Uncorrected,1.8227486271563316e-22,1.8222369086411616,0.333,0.139,6.100010555641379e-18,U1,G31809
Uncorrected,2.1747764128698095e-22,1.934340163609984,0.264,0.092,7.278106743310104e-18,U1,G2044
Uncorrected,2.2156612986609093e-22,0.9598472634283919,0.65,0.419,7.414932102098599e-18,U1,G5360
Uncorrected,3.087592765569751e-22,1.3841653925412567,0.503,0.275,1.0332937949255729e-17,U1,G8828
Uncorrected,8.417278616063553e-22,1.9251232309918591,0.242,0.079,2.816926461651829e-17,U1,G18917
Uncorrected,9.38786884443407e-22,1.8179233778621562,0.3,0.118,3.1417441874783056e-17,U1,G19584
Uncorrected,3.2807528453451558e-21,1.2240053563798663,0.564,0.345,1.0979367472232098e-16,U1,G16602
Uncorrected,3.8722742292470634e-21,1.4973163328033547,0.356,0.156,1.2958952935598223e-16,U1,G5345
Uncorrected,5.655103124601891e-21,1.3095162130777473,0.622,0.447,1.8925368116792688e-16,U1,G16506
Uncorrected,1.7968177579145892e-20,1.093468222604114,0.631,0.414,6.013230308636964e-16,U1,G16603
Uncorrected,9.309307928111109e-20,1.857552349688537,0.281,0.112,3.1154529912216635e-15,U1,G16244
Uncorrected,1.5553918439280231e-19,1.960144694327844,0.333,0.153,5.205274344889522e-15,U1,G3825
Uncorrected,9.48437495874191e-19,1.4669575482458672,0.394,0.208,3.174040923692567e-14,U1,G13760
Uncorrected,1.242677250360355e-17,1.4776375504796966,0.447,0.256,4.158743686055964e-13,U1,G3838
Uncorrected,1.7555365137712075e-17,1.5832690424284988,0.356,0.18,5.875078496986724e-13,U1,G24641
Uncorrected,4.083033039774588e-17,1.88887061575262,0.303,0.141,1.3664278370909637e-12,U1,G3809
Uncorrected,6.220007165189361e-17,1.6505723818009788,0.3,0.136,2.0815875979022716e-12,U1,G23709
Uncorrected,9.300683162204444e-17,1.515533219399207,0.392,0.213,3.112566627063339e-12,U1,G478
Uncorrected,2.2448654679933843e-16,1.892563634380934,0.308,0.149,7.51266677518666e-12,U1,G3804
Uncorrected,4.546014808052148e-16,1.6436393971775975,0.258,0.11,1.521369315662732e-11,U1,G8944
Uncorrected,1.27515915738212e-15,0.9472156492030797,0.561,0.375,4.267447636095003e-11,U1,G10438
Uncorrected,1.27515915738212e-15,0.9472156492030797,0.561,0.375,4.267447636095003e-11,U1,G10439
Uncorrected,2.027682981712757e-15,1.399614981779535,0.522,0.356,6.785843866599913e-11,U1,G15973
Uncorrected,3.8538946252616825e-15,1.5125913823203878,0.286,0.134,1.2897443752900745e-10,U1,G28599
Uncorrected,4.961665599506633e-15,1.418119277828774,0.444,0.28,1.6604710095308897e-10,U1,G16497
Uncorrected,9.466377143150386e-15,1.0587452336902143,0.525,0.365,3.168017774726708e-10,U1,G32300
Uncorrected,1.4891363310552776e-14,0.7844834688912594,0.694,0.544,4.983543645509592e-10,U1,G28704
Uncorrected,5.685837095975117e-14,1.6024205859912,0.258,0.119,1.902822242539033e-9,U1,G32443
Uncorrected,6.958855915035045e-14,1.4346230481833102,0.317,0.164,2.328850720525628e-9,U1,G20344
Uncorrected,1.2009394288406898e-13,1.4942973981225043,0.344,0.19,4.019063892558252e-9,U1,G1611
Uncorrected,2.1346881776614462e-13,1.6690591157603951,0.222,0.095,7.1439474553617954e-9,U1,G16361
Uncorrected,4.0605086658184967e-13,1.6128711387669719,0.203,0.083,1.3588898301028181e-8,U1,G20003
Uncorrected,4.707170521978477e-13,1.0033131032946891,0.45,0.275,1.5753016868853172e-8,U1,G7742
Uncorrected,5.522596188871316e-13,0.9281403954819436,0.572,0.412,1.8481920405676746e-8,U1,G29624
Uncorrected,1.399671879485463e-12,0.6206410560632576,0.542,0.35,4.68414191188605e-8,U1,G20367
Uncorrected,2.327299253528713e-12,1.0903583963146408,0.289,0.144,7.78853968185919e-8,U1,G4777
Uncorrected,2.510168426872886e-12,1.0805248859953727,0.414,0.262,8.400529657372799e-8,U1,G25075
Uncorrected,4.262159780936214e-12,1.184928671788178,0.325,0.179,1.4263743922881135e-7,U1,G19518
Uncorrected,4.692843442751191e-12,1.57454786029218,0.258,0.128,1.5705069865511136e-7,U1,G16681
Uncorrected,1.0462675173272389e-11,1.0291215381688499,0.281,0.141,3.501438873487338e-7,U1,G2827
Uncorrected,1.1414968218574088e-11,1.2293009642601511,0.264,0.132,3.8201332640280044e-7,U1,G11958
Uncorrected,1.1733588618530754e-11,1.6615542210503844,0.239,0.114,3.926762767077502e-7,U1,G3803
Uncorrected,3.643752663740648e-11,1.3080076696383995,0.292,0.157,1.2194182664474453e-6,U1,G3098
Uncorrected,7.024861584932342e-11,1.3941468911928625,0.281,0.151,2.3509401780134577e-6,U1,G1167
Uncorrected,7.026067049490065e-11,1.2922082643325283,0.286,0.155,2.351343598782345e-6,U1,G16759
Uncorrected,8.014098318506366e-11,0.7375928736414097,0.583,0.441,2.6819981432713403e-6,U1,G16289
Uncorrected,8.059115795028933e-11,1.0402494887238931,0.386,0.235,2.6970636919643827e-6,U1,G22403
Uncorrected,1.430037189434849e-10,0.929462625998374,0.467,0.319,4.785762458162666e-6,U1,G14162
Uncorrected,1.4566867885268337e-10,1.160412032530774,0.464,0.329,4.874948006483902e-6,U1,G523
Uncorrected,1.5516500934823492e-10,1.2584041927006557,0.242,0.12,5.19275220284803e-6,U1,G16357
Uncorrected,1.611102818697377e-10,1.0828194715634425,0.419,0.275,5.391716693052642e-6,U1,G3529
Uncorrected,2.049969949480836e-10,0.7208625054356217,0.522,0.358,6.860429432932566e-6,U1,G5204
Uncorrected,2.099092603369831e-10,1.23820861200311,0.386,0.252,7.024823306437477e-6,U1,G6354
Uncorrected,3.54805150092715e-10,1.327485315546871,0.325,0.196,1.18739091530028e-5,U1,G9261
Uncorrected,5.932005894916494e-10,0.6952786390562471,0.553,0.417,1.9852050927927537e-5,U1,G10994
Uncorrected,7.230675801994059e-10,1.778851582435662,0.233,0.123,2.4198179638953318e-5,U1,G19889
Uncorrected,1.4454380939525716e-9,1.0967882785785819,0.325,0.193,4.837303125221676e-5,U1,G9145
Uncorrected,1.446286745617858e-9,1.1744273293859155,0.292,0.169,4.8401432228847236e-5,U1,G22798
Uncorrected,1.5722274702679978e-9,0.9809754420038865,0.289,0.162,5.261616451998881e-5,U1,G16356
Uncorrected,2.2882135964250096e-9,1.1952744402680777,0.356,0.228,7.657735621795937e-5,U1,G11185
Uncorrected,2.2882135964250096e-9,1.1952744402680777,0.356,0.228,7.657735621795937e-5,U1,G11186
Uncorrected,3.2236618034705787e-9,1.0391667633548534,0.333,0.209,1.0788306591494639e-4,U1,G10972
Uncorrected,3.9658191495860135e-9,0.6157821219384343,0.664,0.566,1.3272010366004552e-4,U1,G1502
Uncorrected,6.524941365412094e-9,1.1546972459020997,0.244,0.133,2.1836368773488113e-4,U1,G6951
Uncorrected,9.993049930270145e-9,1.5909972817713185,0.247,0.144,3.3442740896642067e-4,U1,G6473
Uncorrected,1.7088308360348094e-8,1.924331359239537,0.2,0.105,5.718773275874093e-4,U1,G1653
Uncorrected,1.890581690071034e-8,0.8562311643123701,0.381,0.258,6.327020683991722e-4,U1,G12478
Uncorrected,1.9605191719053168e-8,0.44910467913251484,0.817,0.745,6.561073460698333e-4,U1,G15067
Uncorrected,2.3268252841087707e-8,0.9109461049403249,0.481,0.364,7.786953495798412e-4,U1,G1990
Uncorrected,2.558506772386836e-8,0.904499892859981,0.481,0.364,8.562298764469785e-4,U1,G1991
Uncorrected,2.5760630018907317e-8,1.5576252289212382,0.278,0.168,8.621052442127523e-4,U1,G20867
Uncorrected,2.875318527226341e-8,1.0915308598663678,0.317,0.198,9.622540983215673e-4,U1,G26354
Uncorrected,3.023988382471125e-8,1.0940407489027801,0.261,0.152,0.0010120079520777867,U1,G17366
Uncorrected,5.1505371184703336e-8,0.9732348491591196,0.306,0.192,0.001723678752067282,U1,G18676
Uncorrected,6.026922558222659e-8,0.25746395201529104,0.964,0.929,0.002016969903334795,U1,G4112
Uncorrected,6.649931649036458e-8,1.334278890892508,0.208,0.114,0.002225466125666541,U1,G16558
Uncorrected,7.39100514557414e-8,0.9317663451935114,0.289,0.176,0.0024734737820178414,U1,G23461
Uncorrected,7.438222467508341e-8,0.3195160963507293,0.883,0.857,0.0024892755309763414,U1,G6642
Uncorrected,8.884336037638098e-8,1.41952505667542,0.231,0.131,0.002973231898355966,U1,G20864
Uncorrected,1.43882332828494e-7,0.7571976388628503,0.4,0.284,0.00481516615043838,U1,G14135
Uncorrected,1.6063021023370862e-7,0.38547138052744145,0.525,0.367,0.0053756506156812925,U1,G23780
Uncorrected,1.6369167506508497e-7,1.4175944353723144,0.2,0.11,0.005478105597728134,U1,G19973
Uncorrected,2.0276597411229467e-7,1.1764729792922757,0.211,0.116,0.006785766089642054,U1,G7688
Uncorrected,2.106376704034062e-7,1.4870627336066353,0.239,0.142,0.007049200277720392,U1,G28726
Uncorrected,2.3141800261346993e-7,0.846218316187767,0.453,0.336,0.007744634875462385,U1,G19424
Uncorrected,4.0452554245092123e-7,0.497442990786114,0.675,0.555,0.01353785180366253,U1,G8115
Uncorrected,4.7247674653522223e-7,1.0833039279819336,0.242,0.143,0.015811906799547748,U1,G32224
Uncorrected,6.668857564347945e-7,1.0778724997747307,0.289,0.185,0.022317998724846834,U1,G26362
Uncorrected,7.994968882424217e-7,0.592042252056213,0.406,0.293,0.026755962861920887,U1,G4850
Uncorrected,1.1071367679866284e-6,1.028764974481451,0.292,0.195,0.03705143907744051,U1,G1509
Uncorrected,1.143563963000538e-6,0.7360106905786099,0.278,0.173,0.038270511585776004,U1,G17405
Uncorrected,1.150255560006555e-6,0.40730198259782924,0.872,0.853,0.038494452571179366,U1,G2045
Uncorrected,1.2197641257516496e-6,1.1681974420400743,0.264,0.171,0.040820626232404705,U1,G20501
Uncorrected,1.8246424014682964e-6,0.4459557375508538,0.608,0.496,0.06106348260753801,U1,G1047
Uncorrected,2.316315492822798e-6,0.7471417118722778,0.247,0.151,0.07751781428280777,U1,G17406
Uncorrected,3.4014605125613858e-6,1.0246767242484585,0.222,0.137,0.11383327751337934,U1,G32563
Uncorrected,3.4804056276532944e-6,0.5785391680377958,0.294,0.188,0.11647525473504515,U1,G31523
Uncorrected,3.70199638945942e-6,1.0187283242447533,0.208,0.123,0.12389101116964894,U1,G13860
Uncorrected,3.7525443873579183e-6,0.8660528218680628,0.333,0.236,0.1255826504673201,U1,G21456
Uncorrected,3.7794826122696356e-6,0.9645982220327618,0.272,0.179,0.12648416510221563,U1,G19578
Uncorrected,3.7881531839844595e-6,0.46489962433556276,0.639,0.542,0.12677433445522393,U1,G26127
Uncorrected,3.86014983697345e-6,0.8800533353461393,0.353,0.254,0.12918377444415347,U1,G32246
Uncorrected,5.214955565144981e-6,1.1957780276925367,0.2,0.119,0.17452370294314193,U1,G8900
Uncorrected,5.599593240449358e-6,1.0186455164272001,0.336,0.248,0.18739598738487823,U1,G21773
Uncorrected,8.441161815101538e-6,0.9580363176790543,0.233,0.147,0.28249192130418804,U1,G16222
Uncorrected,8.840083570362914e-6,0.7171477353066764,0.211,0.125,0.29584223676576527,U1,G17857
Uncorrected,8.929175170025177e-6,0.33261068815606176,0.828,0.762,0.29882377624006257,U1,G7036
Uncorrected,9.826233695561679e-6,0.8668409194194895,0.289,0.197,0.3288447368556671,U1,G23374
Uncorrected,1.0590508294956608e-5,0.761753554314899,0.406,0.303,0.3544219505990178,U1,G14112
Uncorrected,1.3018695762785542e-5,0.40034173249363203,0.772,0.699,0.43568367239738093,U1,G31313
Uncorrected,1.311045095215891e-5,0.7195165208327352,0.397,0.302,0.4387543515649501,U1,G23686
Uncorrected,1.460860267531187e-5,0.26132365912938305,0.536,0.397,0.48889149713198704,U1,G23778
Uncorrected,1.8372510985035687e-5,0.9121511274987868,0.333,0.241,0.6148544526252043,U1,G30100
Uncorrected,1.894677270189543e-5,0.8428999296885888,0.386,0.295,0.6340726952416325,U1,G1202
Uncorrected,2.0279356312540525e-5,0.8614582218225588,0.311,0.223,0.6786689383554813,U1,G22918
Uncorrected,2.1766440148343047e-5,0.7133380649874259,0.297,0.205,0.7284356860044484,U1,G7065
Uncorrected,2.2806734848041983e-5,0.5046019834253443,0.561,0.483,0.763250188424573,U1,G13129
Uncorrected,2.3135257058622707e-5,0.5098746640820622,0.458,0.359,0.7742445127238675,U1,G26565
Uncorrected,2.4620760910116804e-5,0.96141101101558,0.206,0.127,0.823958384617969,U1,G17836
Uncorrected,2.7148264762862904e-5,0.8250842185670524,0.336,0.248,0.90854382855397,U1,G26491
Uncorrected,3.0366436681110258e-5,0.7054154586415398,0.319,0.229,1,U1,G17368
Uncorrected,3.346833859784201e-5,0.5480984523285604,0.331,0.234,1,U1,G13706
Uncorrected,3.418775416266741e-5,1.0131474597731356,0.336,0.264,1,U1,G11603
Uncorrected,3.682000385842837e-5,0.5622398818563976,0.475,0.388,1,U1,G6237
Uncorrected,3.6834627508663365e-5,0.43189417507492855,0.636,0.562,1,U1,G28008
Uncorrected,3.788567004576667e-5,1.0645261143689007,0.267,0.184,1,U1,G3521
Uncorrected,4.0442399207792525e-5,0.9622410144588124,0.286,0.2,1,U1,G19887
Uncorrected,4.294861208095645e-5,0.8754884950122619,0.228,0.148,1,U1,G12773
Uncorrected,4.913869496933674e-5,1.0155510424784946,0.206,0.131,1,U1,G9835
Uncorrected,5.2962457237359315e-5,0.9666708710699726,0.256,0.175,1,U1,G28472
Uncorrected,5.5409188866209236e-5,0.7365628973932905,0.256,0.174,1,U1,G24810
Uncorrected,5.9840181651119964e-5,0.8541810269719692,0.361,0.282,1,U1,G16499
Uncorrected,6.814550506959989e-5,0.8930696587489986,0.367,0.289,1,U1,G15945
Uncorrected,7.511604833998004e-5,0.35780116968497655,0.75,0.701,1,U1,G30213
Uncorrected,7.752452289035719e-5,0.7810400091049134,0.339,0.255,1,U1,G24953
Uncorrected,9.774155268904463e-5,0.4996959622860373,0.311,0.218,1,U1,G11586
Uncorrected,1.1190680378213264e-4,0.7253001599510633,0.486,0.416,1,U1,G1818
Uncorrected,1.2528712692036495e-4,0.6562510098183476,0.333,0.249,1,U1,G1142
Uncorrected,1.2797841118064116e-4,0.6660332165707847,0.408,0.329,1,U1,G17923
Uncorrected,1.427222535498777e-4,0.3196598099349335,0.547,0.452,1,U1,G15904
Uncorrected,1.5421718263331787e-4,0.753446021288085,0.331,0.248,1,U1,G17355
Uncorrected,1.5873024022143402e-4,0.8844366383525515,0.275,0.199,1,U1,G12265
Uncorrected,1.590028322315076e-4,0.6315533586459852,0.372,0.294,1,U1,G29355
Uncorrected,1.6137486915607468e-4,0.4004887810085007,0.556,0.474,1,U1,G20534
Uncorrected,1.723735866864949e-4,0.8002690542728728,0.286,0.206,1,U1,G19679
Uncorrected,1.8508587238983274e-4,0.535821046191987,0.528,0.448,1,U1,G24945
Uncorrected,2.056475175746877e-4,0.9821610713629239,0.433,0.599,1,U1,G32888
Uncorrected,2.1879710575495033e-4,0.6482206460180873,0.406,0.326,1,U1,G31923
Uncorrected,2.2601116109096083e-4,0.291642513903728,0.772,0.72,1,U1,G448
Uncorrected,2.503691620812951e-4,0.8000858393988428,0.258,0.181,1,U1,G23241
Uncorrected,2.876387822244416e-4,0.5904954937242644,0.25,0.172,1,U1,G2286
Uncorrected,3.166080488722245e-4,1.0787391882918496,0.203,0.137,1,U1,G8022
Uncorrected,3.2735286637409567e-4,0.764703543303354,0.325,0.251,1,U1,G26794
Uncorrected,4.539484323552095e-4,0.8030240341685095,0.292,0.224,1,U1,G15594
Uncorrected,4.621383847226831e-4,0.8333146693799552,0.203,0.137,1,U1,G10734
Uncorrected,4.923646328556088e-4,0.9125644009650986,0.2,0.134,1,U1,G6394
Uncorrected,5.205328428582585e-4,0.5826932535655742,0.411,0.343,1,U1,G5168
Uncorrected,5.222107353623082e-4,0.8040337666917259,0.219,0.151,1,U1,G16415
Uncorrected,5.335134423054818e-4,0.8123347966296475,0.242,0.173,1,U1,G9198
Uncorrected,5.395209636472655e-4,0.9777772163875847,0.233,0.165,1,U1,G4031
Uncorrected,5.816499327878901e-4,0.7984753184297093,0.233,0.165,1,U1,G23753
Uncorrected,6.368934439878261e-4,0.680894495640179,0.228,0.159,1,U1,G26091
Uncorrected,6.642578927314678e-4,0.7375072903669371,0.292,0.223,1,U1,G11100
Uncorrected,8.118694058927119e-4,0.9012887452473659,0.225,0.159,1,U1,G20170
Uncorrected,8.73350253351621e-4,0.6913681982944382,0.294,0.224,1,U1,G17922
Uncorrected,0.0010255853618100432,1.0691057516130942,0.203,0.142,1,U1,G4030
Uncorrected,0.0010647854932289683,0.7208564463623014,0.242,0.176,1,U1,G27941
Uncorrected,0.0010774998647304608,0.49811266550575073,0.203,0.138,1,U1,G27732
Uncorrected,0.0010946245666354846,0.44432339755499317,0.489,0.425,1,U1,G31137
Uncorrected,0.0013343950754495795,0.2729986652317016,0.519,0.426,1,U1,G19421
Uncorrected,0.0013655374046588546,0.8267604188396063,0.272,0.208,1,U1,G32869
Uncorrected,0.001645013505295113,0.27375203830089756,0.631,0.57,1,U1,G9997
Uncorrected,0.0017023283562523624,0.5858400486685253,0.206,0.143,1,U1,G17354
Uncorrected,0.0017889629514089625,0.8726163772137749,0.261,0.203,1,U1,G9153
Uncorrected,0.001971457618548924,0.9547116438671492,0.203,0.145,1,U1,G30062
Uncorrected,0.002162346144825794,0.7149062111122604,0.311,0.25,1,U1,G12905
Uncorrected,0.002206759799628226,0.9660496189172632,0.2,0.145,1,U1,G14357
Uncorrected,0.00224489820042252,0.8650475528697477,0.208,0.153,1,U1,G27828
Uncorrected,0.0027206834610837695,0.26906707851294076,0.408,0.338,1,U1,G1208
Uncorrected,0.0030486510780800957,0.8472056850523322,0.211,0.156,1,U1,G30771
Uncorrected,0.0032554227397762975,0.46772560085972814,0.222,0.161,1,U1,G2848
Uncorrected,0.0033794512005408815,0.5690212940937445,0.353,0.294,1,U1,G28564
Uncorrected,0.003461080127197592,0.36720448410081197,0.608,0.557,1,U1,G1851
Uncorrected,0.003514966743053394,0.5474423648942546,0.297,0.233,1,U1,G3315
Uncorrected,0.003655006822902681,0.2502586576156718,0.525,0.477,1,U1,G5430
Uncorrected,0.003999101435482927,0.49096890531412996,0.297,0.228,1,U1,G29601
Uncorrected,0.00424936051910009,0.5196771066603079,0.217,0.161,1,U1,G3680
Uncorrected,0.004287417236238541,0.40401191091058397,0.439,0.371,1,U1,G13782
Uncorrected,0.004425839980317201,0.39552230696314417,0.286,0.221,1,U1,G6733
Uncorrected,0.004576728872829454,0.7563271523006356,0.289,0.234,1,U1,G20254
Uncorrected,0.004835446508631264,0.5192757689463217,0.425,0.374,1,U1,G22753
Uncorrected,0.005248240120224922,0.6625293685616408,0.219,0.166,1,U1,G15647
Uncorrected,0.005620494176927167,0.5474793136319795,0.278,0.223,1,U1,G30395
Uncorrected,0.006007819210347856,0.5991690211947673,0.236,0.182,1,U1,G10078
Uncorrected,0.006301499597075341,0.5439303514082274,0.203,0.15,1,U1,G3155
Uncorrected,0.006354073197085282,0.6834780914371745,0.253,0.199,1,U1,G9204
Uncorrected,0.006792068183022414,0.6567110326198686,0.261,0.209,1,U1,G14187
Uncorrected,0.007387820196708835,0.6066903684931149,0.311,0.261,1,U1,G13549
Uncorrected,0.007485283668468769,0.5572294168154639,0.258,0.203,1,U1,G10025
Uncorrected,0.0077108647453092045,0.4453561323298573,0.247,0.19,1,U1,G26088
Uncorrected,0.008014028227697534,0.2524234700159429,0.35,0.284,1,U1,G25111
Uncorrected,0.008106712614300926,0.3124471853445163,0.547,0.49,1,U1,G31359
Uncorrected,0.008860679047388003,0.27451679092524683,0.347,0.282,1,U1,G25110
Uncorrected,0.009179441416355382,0.40418017619103896,0.3,0.241,1,U1,G297
Uncorrected,0.009179441416355382,0.40418017619103896,0.3,0.241,1,U1,G299
Uncorrected,0.009414800630964767,0.574236255941275,0.367,0.317,1,U1,G18939
Uncorrected,0.009510517735629937,0.4339739840063086,0.331,0.274,1,U1,G30032
Uncorrected,0.00967912355927952,0.4460239848511751,0.403,0.35,1,U1,G5689
Uncorrected,0.009803399857482199,0.56091126811773,0.289,0.237,1,U1,G988
Uncorrected,1.5764823823866025e-129,5.024338881517126,0.36,0.019,5.275855940895004e-125,U2,G21931
Uncorrected,1.770950001853812e-122,2.133815757105591,0.93,0.386,5.926661276203967e-118,U2,G6065
Uncorrected,6.761260562472421e-114,4.438762940386555,0.416,0.044,2.2627234598370204e-109,U2,G253
Uncorrected,9.272012639830022e-107,2.914864797732042,0.753,0.278,3.102971750045515e-102,U2,G10950
Uncorrected,3.972810459198076e-104,2.289337587381506,0.756,0.234,1.329540748275228e-99,U2,G13140
Uncorrected,3.971045834327551e-89,3.375787807630825,0.456,0.081,1.3289501989160584e-84,U2,G20651
Uncorrected,1.0038191588335902e-88,3.2964393989942793,0.48,0.094,3.359381196952493e-84,U2,G25309
Uncorrected,1.2398649154951328e-78,2.1082269203183728,0.834,0.49,4.149331926196011e-74,U2,G32486
Uncorrected,1.343999155170931e-66,2.7191972411279144,0.654,0.281,4.497827572695038e-62,U2,G252
Uncorrected,2.111292192695743e-65,3.0240359521352542,0.448,0.114,7.065650452075574e-61,U2,G28440
Uncorrected,4.4751571898858886e-58,1.1645951033206643,0.997,0.995,1.4976561051672114e-53,U2,G32887
Uncorrected,8.834462577566125e-57,2.8751566586843174,0.706,0.417,2.9565412462082793e-52,U2,G16226
Uncorrected,2.896678735997227e-56,2.9493659444715266,0.695,0.401,9.69402505788832e-52,U2,ENSLOC000199
Uncorrected,3.169089108378566e-53,2.76649067962638,0.358,0.082,1.0605673610099708e-48,U2,G24587
Uncorrected,3.1365074912848835e-52,1.9127773589273658,0.619,0.274,1.0496635970333991e-47,U2,G5443
Uncorrected,3.5244877834263357e-51,1.8222336657777314,0.666,0.323,1.1795050816014575e-46,U2,G17558
Uncorrected,6.320838965102151e-51,3.0056423614747274,0.294,0.055,2.1153319680610857e-46,U2,G14941
Uncorrected,7.095561980880096e-50,0.7508514055450117,0.997,0.992,2.374600772521333e-45,U2,G6643
Uncorrected,8.170760101120342e-47,3.185016644287072,0.39,0.114,2.7344265754409338e-42,U2,G22508
Uncorrected,1.2784274852863377e-46,3.25058039618128,0.323,0.076,4.278385422259258e-42,U2,G11180
Uncorrected,8.787354084673899e-46,3.1239602083515066,0.334,0.085,2.940775917976967e-41,U2,G5752
Uncorrected,6.50418793069771e-44,2.9395351134797196,0.256,0.048,2.1766915328872957e-39,U2,G28595
Uncorrected,7.504490823771563e-41,3.0108717352642307,0.244,0.046,2.5114528990833913e-36,U2,G14995
Uncorrected,1.9837330243856878e-37,1.4036938169491626,0.741,0.502,6.638760939409143e-33,U2,G23458
Uncorrected,7.274943635671301e-37,2.4856813161916445,0.308,0.083,2.4346326371137574e-32,U2,G32562
Uncorrected,1.4081874412347386e-35,1.4251778389776821,0.622,0.311,4.712640090836176e-31,U2,G19424
Uncorrected,4.1980236017711276e-35,1.3184475483866462,0.703,0.399,1.4049105785687256e-30,U2,G19421
Uncorrected,5.009162684715661e-35,2.8324457283724245,0.212,0.04,1.676366384066943e-30,U2,G17569
Uncorrected,1.93439336539354e-34,2.6711349433343496,0.282,0.076,6.473640836626021e-30,U2,G22444
Uncorrected,3.564464152679667e-33,2.355636392792655,0.273,0.072,1.1928835733357774e-28,U2,G32311
Uncorrected,8.52231359058131e-30,0.8667417035523766,0.884,0.735,2.8520774662239416e-25,U2,G15067
Uncorrected,9.48404309874011e-30,1.5143348692197534,0.445,0.185,3.173929863424365e-25,U2,G6764
Uncorrected,1.6392049371383926e-29,1.8681052180701905,0.456,0.207,5.485763242627345e-25,U2,G17979
Uncorrected,7.164439497487663e-29,1.9059400415790586,0.68,0.44,2.3976513222292212e-24,U2,G30615
Uncorrected,4.261590954467217e-27,1.176175003080882,0.645,0.37,1.4261840288219988e-22,U2,G19384
Uncorrected,5.934034524010055e-27,1.1369422174875643,0.672,0.405,1.9858839938052052e-22,U2,G15078
Uncorrected,3.650519828813868e-26,1.8593156103127693,0.416,0.192,1.2216829659108492e-21,U2,G23080
Uncorrected,1.1427947134630469e-25,1.9979058668973328,0.36,0.149,3.824476788075433e-21,U2,G23006
Uncorrected,1.5929628035282677e-25,1.378670681516784,0.663,0.456,5.331009318287701e-21,U2,G5430
Uncorrected,2.7788161147271994e-25,1.0848738265465747,0.712,0.501,9.299586009546046e-21,U2,G458
Uncorrected,1.1418055440929423e-24,2.5602241361877143,0.305,0.116,3.8211664338614405e-20,U2,G20557
Uncorrected,1.705091487266034e-24,2.274929103748048,0.203,0.053,5.706259171284509e-20,U2,G6477
Uncorrected,2.677380440225912e-24,2.4329704537737107,0.241,0.075,8.960121381260037e-20,U2,G3376
Uncorrected,2.8441907987717087e-24,0.8967828976414358,0.756,0.544,9.5183689271694e-20,U2,G8115
Uncorrected,8.015244449584756e-24,1.9145093494191379,0.404,0.196,2.6823817074980347e-19,U2,G28063
Uncorrected,4.612642810417968e-23,1.598483553537765,0.462,0.25,1.5436670429344772e-18,U2,G13515
Uncorrected,4.430940606852797e-22,2.3332153770634143,0.221,0.068,1.4828585834893572e-17,U2,G28760
Uncorrected,5.8943599135766215e-22,2.206450091695826,0.259,0.091,1.972606488677552e-17,U2,G532
Uncorrected,7.235532396625248e-22,1.9127251454637388,0.366,0.174,2.4214432718546056e-17,U2,G26656
Uncorrected,2.3286146076193794e-21,0.5122236133998429,0.776,0.545,7.792941645859015e-17,U2,G32888
Uncorrected,4.652556868442583e-20,2.164166838629716,0.267,0.104,1.5570246815929949e-15,U2,G11472
Uncorrected,2.233371711871065e-19,2.313908184420706,0.203,0.064,7.474201770947705e-15,U2,G27069
Uncorrected,4.0680854778241635e-19,1.8691512639470274,0.317,0.139,1.3614254860086346e-14,U2,G21496
Uncorrected,4.47689743169849e-19,1.150248210577387,0.61,0.4,1.498238494492217e-14,U2,G30616
Uncorrected,4.47689743169849e-19,1.150248210577387,0.61,0.4,1.498238494492217e-14,U2,G30617
Uncorrected,4.47689743169849e-19,1.150248210577387,0.61,0.4,1.498238494492217e-14,U2,G30618
Uncorrected,4.47689743169849e-19,1.150248210577387,0.61,0.4,1.498238494492217e-14,U2,G30619
Uncorrected,5.385209586337359e-19,2.1964659434444176,0.299,0.131,1.8022142401636607e-14,U2,G28021
Uncorrected,2.1817003497093417e-18,2.166133270161274,0.201,0.065,7.301278390337283e-14,U2,G15359
Uncorrected,6.5087656078701385e-18,1.1065358468422928,0.584,0.398,2.1782234983298206e-13,U2,G21925
Uncorrected,6.932538977633885e-18,1.8501782921521563,0.305,0.137,2.320043494254956e-13,U2,G28030
Uncorrected,7.309486303584832e-17,2.0430887766937698,0.253,0.105,2.4461926863577e-12,U2,G883
Uncorrected,1.0973058135130711e-16,1.8214588614262095,0.25,0.101,3.672243635502844e-12,U2,G16290
Uncorrected,1.1784486579384778e-16,1.603853028638188,0.349,0.179,3.94379627865691e-12,U2,G10751
Uncorrected,1.5661196123137e-16,2.173386645303185,0.206,0.074,5.241175894569028e-12,U2,G15835
Uncorrected,5.159236236833011e-16,2.1220267628385607,0.209,0.078,1.7265899990185354e-11,U2,G13290
Uncorrected,1.7218918582455344e-15,2.606068299246002,0.203,0.077,5.762483292804505e-11,U2,G14957
Uncorrected,7.766890201322009e-15,1.7571149074842758,0.25,0.109,2.5992674747744236e-10,U2,G25204
Uncorrected,1.0268202383601138e-14,1.8089375648877815,0.285,0.138,3.436356609695957e-10,U2,G12645
Uncorrected,1.1189294680282986e-14,0.9617459890017317,0.532,0.36,3.744609357703504e-10,U2,G16431
Uncorrected,1.4592112096309885e-14,1.6223613354183535,0.285,0.135,4.883396234151066e-10,U2,G29208
Uncorrected,2.8169096330135115e-14,1.219144714633408,0.404,0.233,9.427069777843017e-10,U2,G3717
Uncorrected,6.382189628227492e-14,1.9027839324996525,0.297,0.151,2.1358635809826123e-9,U2,G22199
Uncorrected,7.171339925600367e-14,0.882552310927943,0.529,0.34,2.399960619501419e-9,U2,G19423
Uncorrected,8.911751692308098e-14,1.4377827891384873,0.34,0.181,2.982406821347828e-9,U2,G24752
Uncorrected,2.434872338491298e-13,1.4786263010300793,0.34,0.189,8.148543767994978e-9,U2,G21533
Uncorrected,6.30145639045218e-13,1.592145201981006,0.299,0.155,2.1088453956287266e-8,U2,G23538
Uncorrected,7.146868491492095e-13,1.8824417159680058,0.224,0.099,2.3917710093627445e-8,U2,G25137
Uncorrected,1.052764326425274e-12,1.6022260330332774,0.256,0.123,3.523181094814822e-8,U2,G32289
Uncorrected,1.2066983510483892e-12,1.9041267252967329,0.227,0.103,4.038336701618539e-8,U2,G22681
Uncorrected,1.473737510172775e-12,0.6438845827345814,0.855,0.774,4.9320099515442083e-08,U2,MZ497416.1:11544..12255-df-g
Uncorrected,1.8503472203209766e-12,1.0075874574459407,0.506,0.346,6.19237200752618e-8,U2,G20645
Uncorrected,2.2565236604056537e-12,1.7306244567440991,0.244,0.117,7.551682081913561e-8,U2,G1915
Uncorrected,3.2084900557561885e-12,0.8403973617675251,0.532,0.379,1.0737532820593661e-7,U2,G16430
Uncorrected,3.40342543975737e-12,1.7619982603711297,0.203,0.086,1.1389903576692015e-7,U2,G23617
Uncorrected,3.4841629816660846e-12,1.293217268507322,0.363,0.217,1.1660099834443719e-7,U2,G32475
Uncorrected,3.972872416563468e-12,1.3304833336479174,0.451,0.316,1.32956148292713e-7,U2,G23365
Uncorrected,5.6499269449792174e-12,1.7562648241658758,0.294,0.161,1.890804551406745e-7,U2,G1363
Uncorrected,5.663133940407793e-12,1.7015947218235765,0.212,0.093,1.895224404496872e-7,U2,G12911
Uncorrected,1.1606101562738977e-11,0.8426726761984016,0.587,0.469,3.8840979489862256e-7,U2,G20534
Uncorrected,1.8003322894426636e-11,2.2599050577015274,0.218,0.104,6.024992039848818e-7,U2,G4351
Uncorrected,3.8253511400791555e-11,0.6177576905230042,0.878,0.816,1.2801920125388903e-6,U2,MZ497416.1:17606..18067-df-g
Uncorrected,7.213708883702415e-11,1.3902954778467376,0.262,0.136,2.4141398150198502e-6,U2,G23105
Uncorrected,1.7306701452427627e-10,1.1355677238088522,0.323,0.181,5.791860708069429e-6,U2,G4051
Uncorrected,3.3918522838868866e-10,1.2370092860707362,0.23,0.113,1.1351172853255855e-5,U2,G10888
Uncorrected,3.700592321093955e-10,1.6205297429402248,0.27,0.15,1.238440226177303e-5,U2,G22070
Uncorrected,7.981500622607e-10,0.7218674164262677,0.64,0.536,2.6710889983616585e-5,U2,G4818
Uncorrected,8.069180733845208e-10,1.6072022827104413,0.262,0.144,2.7004320243886372e-5,U2,G22258
Uncorrected,9.802940273778715e-10,1.8903365830610779,0.218,0.112,3.2806519920227846e-5,U2,G9777
Uncorrected,1.7800302473628225e-9,1.0166589346366337,0.427,0.302,5.957049225824422e-5,U2,G32883
Uncorrected,8.200803645281732e-9,0.5757662368918641,0.776,0.715,2.7444809479299843e-4,U2,MZ497416.1:18068..18135-df-g
Uncorrected,1.3542320935391144e-8,0.6156784519197647,0.75,0.704,4.532073124238e-4,U2,G24313
Uncorrected,1.971268573658735e-8,1.3608315276618221,0.253,0.146,6.597047408606323e-4,U2,G3323
Uncorrected,2.148761041241199e-8,0.8685372025933433,0.453,0.325,7.191043700617796e-4,U2,G32739
Uncorrected,3.786795383378679e-8,1.2760390335675373,0.346,0.242,0.0012672889430015086,U2,G1293
Uncorrected,4.04794003428163e-8,1.4132900402494546,0.262,0.159,0.0013546836118726903,U2,G20359
Uncorrected,6.386516631805923e-8,1.0552058733597036,0.407,0.297,0.0021373116560001702,U2,G24305
Uncorrected,1.1061682382161106e-7,0.7984082068542011,0.596,0.541,0.0037019026260140357,U2,G4799
Uncorrected,1.355737887149267e-7,0.9672254572862753,0.25,0.142,0.004537112413133737,U2,G32224
Uncorrected,1.4992081098733806e-7,0.8106535009737965,0.587,0.532,0.005017249860502256,U2,G4804
Uncorrected,2.534032286178436e-7,0.7602536367070218,0.523,0.443,0.008480392448924755,U2,G11483
Uncorrected,2.9521425351458726e-7,1.3573848809462505,0.233,0.137,0.009879640208119177,U2,G5526
Uncorrected,3.064373456160427e-7,0.6709092019806002,0.407,0.283,0.010255232208386485,U2,G31799
Uncorrected,3.1406806724102337e-7,0.7290074360745584,0.57,0.498,0.010510601938288087,U2,G27591
Uncorrected,3.880668233404109e-7,1.2045192386647154,0.206,0.115,0.012987044309910191,U2,G21617
Uncorrected,4.137884247358065e-7,0.6238328540928921,0.395,0.273,0.013847843422208501,U2,G2092
Uncorrected,5.305823132319021e-7,1.0933556954376746,0.334,0.235,0.017756467694618836,U2,ND5
Uncorrected,9.181365777550338e-7,1.1279002639883116,0.218,0.126,0.03072635871114996,U2,G5441
Uncorrected,2.129706125125085e-6,1.040658442177121,0.314,0.217,0.0712727451834361,U2,G12697
Uncorrected,2.291558410755202e-6,1.419502899467211,0.247,0.159,0.0766892937743336,U2,G1137
Uncorrected,2.4976567049732916e-6,0.7275171401350078,0.326,0.223,0.08358657928863618,U2,G15182
Uncorrected,2.5162146935515396e-6,1.223222465177817,0.267,0.179,0.08420764093439582,U2,G12738
Uncorrected,2.663691733266006e-6,0.7906975891491301,0.32,0.212,0.08914310754548016,U2,G4052
Uncorrected,2.8580053456615846e-6,1.396718146124897,0.297,0.204,0.09564600689791058,U2,G17803
Uncorrected,3.9071733810586184e-6,0.8593488667331324,0.279,0.181,0.13075746437050773,U2,G10635
Uncorrected,4.7459767964801085e-6,1.4069050223799555,0.235,0.148,0.1588288594710033,U2,G11123
Uncorrected,4.92647943865073e-6,0.9742902000256664,0.233,0.145,0.16486956089388533,U2,G27836
Uncorrected,4.92647943865073e-6,0.9742902000256664,0.233,0.145,0.16486956089388533,U2,G27837
Uncorrected,5.404904165129173e-6,0.6072152609137658,0.456,0.354,0.1808805227902129,U2,G24863
Uncorrected,5.923814922378549e-6,1.2365636111233291,0.227,0.142,0.19824639019232052,U2,G16610
Uncorrected,6.33947318993953e-6,0.737937147128251,0.471,0.363,0.21215680977451631,U2,G20367
Uncorrected,6.974105285338898e-6,1.222139932608319,0.267,0.184,0.23339540747915158,U2,G30997
Uncorrected,8.266801429161441e-6,1.0293110800314866,0.387,0.301,0.2766567766283168,U2,CYTB
Uncorrected,8.447422906971892e-6,0.9744498093112176,0.241,0.154,0.2827014550047213,U2,G6721
Uncorrected,1.1233722196015122e-5,0.7072410149425785,0.326,0.23,0.3759477470118421,U2,G19385
Uncorrected,1.3167521393228284e-5,0.8907538417563208,0.206,0.123,0.44066427094577776,U2,G596
Uncorrected,1.4175264963711302e-5,1.0363433694520618,0.267,0.183,0.47438941727556244,U2,G25338
Uncorrected,1.5370009572170347e-5,1.1316050578792616,0.241,0.157,0.5143727403422529,U2,G25069
Uncorrected,2.1192163011254787e-5,0.9699141000670988,0.334,0.255,0.7092169273346527,U2,G27658
Uncorrected,2.2057388006223406e-5,1.2360314248613933,0.235,0.157,0.7381725470162724,U2,G15360
Uncorrected,2.6574178879406086e-5,1.124431765819616,0.224,0.145,0.889331470378204,U2,G21423
Uncorrected,2.9877207701767513e-5,0.8748518202303782,0.244,0.163,0.9998706329473516,U2,G22839
Uncorrected,2.9877207701767513e-5,0.8748518202303782,0.244,0.163,0.9998706329473516,U2,G22840
Uncorrected,4.611926214370545e-5,1.2133326974684921,0.215,0.141,1,U2,G942
Uncorrected,6.893320405066684e-5,0.5681887034766939,0.326,0.232,1,U2,G31294
Uncorrected,1.2316298685457615e-4,0.8608934270957784,0.369,0.292,1,U2,G28564
Uncorrected,1.4122921350618695e-4,0.44534335623887067,0.395,0.302,1,U2,G13862
Uncorrected,1.581875893852725e-4,0.7133313352840878,0.517,0.471,1,U2,G27389
Uncorrected,2.3852045281403425e-4,0.6602652532269229,0.39,0.317,1,U2,G27737
Uncorrected,2.55673207125333e-4,0.27988865812578023,0.919,0.896,1,U2,MZ497416.1:16289..17324-df-g
Uncorrected,2.968029372410257e-4,1.2482277387125316,0.235,0.169,1,U2,G21811
Uncorrected,3.6593048442031684e-4,0.9874341563628743,0.299,0.236,1,U2,G988
Uncorrected,6.083622918426027e-4,0.8586909152390456,0.297,0.226,1,U2,G3027
Uncorrected,6.184730895306587e-4,0.8366982747336071,0.311,0.251,1,U2,G12905
Uncorrected,6.471893206108066e-4,0.6553497829585542,0.41,0.35,1,U2,COX1
Uncorrected,6.975034140752862e-4,0.6939372211484096,0.311,0.241,1,U2,G5541
Uncorrected,7.528202850948742e-4,0.9699119552845106,0.233,0.166,1,U2,G8293
Uncorrected,8.123201247574859e-4,0.593764240702296,0.227,0.158,1,U2,G12237
Uncorrected,8.49455722140939e-4,0.6891543069520951,0.404,0.35,1,U2,G23279
Uncorrected,9.680325136455442e-4,0.502398461655817,0.532,0.485,1,U2,G13381
Uncorrected,0.0010315782861164073,0.5457116035433982,0.427,0.372,1,U2,G15973
Uncorrected,0.0011769572530857548,0.5933716855429068,0.497,0.453,1,U2,G32065
Uncorrected,0.0012115266091068304,0.9226284017240624,0.227,0.168,1,U2,G3301
Uncorrected,0.0012512865841240385,0.6654935361599876,0.244,0.176,1,U2,G20483
Uncorrected,0.0018149426310176426,0.28777873367993134,0.73,0.706,1,U2,G21785
Uncorrected,0.0019487903394176144,0.698142456618831,0.381,0.325,1,U2,G15972
Uncorrected,0.002608858381965496,0.5614400978717442,0.497,0.458,1,U2,G32064
Uncorrected,0.00273603780554619,0.8393982445048254,0.276,0.219,1,U2,G7211
Uncorrected,0.002743227419364925,0.8259123178051924,0.314,0.258,1,U2,G11965
Uncorrected,0.003042819552854897,0.8776396609277826,0.218,0.165,1,U2,G5760
Uncorrected,0.0032928859574416006,0.9049051130648704,0.253,0.197,1,U2,G15019
Uncorrected,0.0032990602084905334,0.7344436641410041,0.27,0.214,1,U2,G24252
Uncorrected,0.003392631861065396,0.48409623915513444,0.506,0.484,1,U2,G3164
Uncorrected,0.005725156424917326,0.7445606240630791,0.314,0.264,1,U2,G27258
Uncorrected,0.0058047587148375565,0.5289277727581109,0.265,0.204,1,U2,G20484
Uncorrected,0.006158598676781041,0.6065416439287161,0.334,0.287,1,U2,G32233
Uncorrected,0.00660045494790409,0.8743651810628683,0.323,0.28,1,U2,G31230
Uncorrected,0.007935811549211316,0.6601718602805453,0.299,0.247,1,U2,G15286
Uncorrected,0.008656697289506994,0.35220600146107683,0.288,0.229,1,U2,G5684
Uncorrected,0.009063654026398617,0.8746837333664159,0.267,0.222,1,U2,G3304
Uncorrected,0.00922524345864653,0.9779885544962199,0.23,0.189,1,U2,G22387
Uncorrected,0.009247664131697855,0.7970383088268593,0.279,0.235,1,U2,G23360
Uncorrected,0.009689544213436966,0.35733766850273163,0.605,0.558,1,U2,G1851
Uncorrected,4.907579945069512e-148,4.982841584543831,0.443,0.03,1.642370704416963e-143,U3,G18786
Uncorrected,3.4184283395315794e-109,2.748811512788365,0.911,0.483,1.1440112281076383e-104,U3,G32227
Uncorrected,2.212731550355569e-99,4.704001250351794,0.321,0.024,7.405127406419947e-95,U3,G18787
Uncorrected,2.536333454581184e-94,2.730115295113345,0.774,0.34,8.488093539101391e-90,U3,G16731
Uncorrected,1.2432518312570861e-82,2.332697008708094,0.866,0.427,4.160666578484964e-78,U3,G32228
Uncorrected,1.4487857678430354e-59,4.237166603659691,0.259,0.033,4.848506450663502e-55,U3,G25444
Uncorrected,1.2122016608870067e-46,2.477788964352876,0.396,0.112,4.0567540783244564e-42,U3,G27549
Uncorrected,3.5383000875607695e-45,1.8733603720329977,0.643,0.304,1.1841275073030871e-40,U3,G1208
Uncorrected,7.952669420100973e-42,1.9382206233431558,0.518,0.22,2.6614403481309917e-37,U3,G30489
Uncorrected,2.724341223541691e-41,2.4567026064459885,0.238,0.041,9.117280338704623e-37,U3,G8544
Uncorrected,3.4406611427031397e-41,1.4036333620388217,0.667,0.308,1.1514516580170327e-36,U3,G29838
Uncorrected,3.69683250385257e-41,2.0237397080155315,0.497,0.197,1.237181965739301e-36,U3,G1825
Uncorrected,3.423299309345016e-39,3.0032513859995653,0.256,0.053,1.145641346865403e-34,U3,G4581
Uncorrected,1.1468642730368061e-38,2.076409128438496,0.518,0.226,3.838095976144975e-34,U3,G18434
Uncorrected,2.7672206956042514e-38,1.6481003771061236,0.521,0.217,9.260780779909188e-34,U3,G22403
Uncorrected,2.9633400608107057e-38,1.2682749961269506,0.753,0.444,9.917113847509107e-34,U3,G32458
Uncorrected,5.352362223765222e-37,1.4178109278938043,0.738,0.46,1.791221541805269e-32,U3,G15938
Uncorrected,5.646929307854317e-36,1.6118447071959254,0.417,0.141,1.8898013621665256e-31,U3,G23006
Uncorrected,1.8682361850556767e-34,0.6387250553265496,0.982,0.927,6.252239216907328e-30,U3,G4112
Uncorrected,2.3226847529002793e-34,1.2204320205303594,0.964,0.843,7.773096794056074e-30,U3,G32881
Uncorrected,7.6745590842240405e-34,1.23282373775832,0.792,0.544,2.5683679431264174e-29,U3,G29804
Uncorrected,3.1580680072000667e-32,1.982069291970072,0.562,0.287,1.0568790392895743e-27,U3,G13917
Uncorrected,5.782122873902627e-31,2.8694780738785868,0.265,0.072,1.9350452409802532e-26,U3,G32757
Uncorrected,9.308655173508156e-31,1.4916590049328553,0.574,0.304,3.1152345403662393e-26,U3,G31084
Uncorrected,3.238467865060897e-30,2.4646287838449714,0.292,0.086,1.0837856557212798e-25,U3,G9774
Uncorrected,1.205916460581503e-29,1.4635272156061432,0.518,0.249,4.035720026982058e-25,U3,G71
Uncorrected,4.6755448533333843e-29,2.2477712711480544,0.232,0.056,1.5647178406165504e-24,U3,G29089
Uncorrected,5.325609708148627e-29,2.4316765082150793,0.28,0.084,1.7822685449290196e-24,U3,G19487
Uncorrected,4.7630078661075045e-28,2.122978936401139,0.307,0.1,1.5939882124715374e-23,U3,G9449
Uncorrected,7.3875619286057765e-28,2.0086939776019763,0.384,0.153,2.4723214750272092e-23,U3,G8495
Uncorrected,2.6213408156133206e-26,1.4913950454833589,0.527,0.276,8.772579173531538e-22,U3,G4850
Uncorrected,1.6833800735374196e-23,1.616794634809803,0.44,0.219,5.633599754100329e-19,U3,G13706
Uncorrected,2.9847372008383705e-23,2.480795094989528,0.238,0.073,9.98872151632569e-19,U3,G31787
Uncorrected,2.3610366163389354e-22,2.172198795472225,0.342,0.145,7.901445140239881e-18,U3,G25443
Uncorrected,1.4095048705120145e-20,1.6873138768551295,0.405,0.197,4.717048999655508e-16,U3,G13908
Uncorrected,1.597481627660491e-20,2.0330291532428846,0.244,0.083,5.346132015128599e-16,U3,G27703
Uncorrected,1.967615285517365e-20,0.9495969417249257,0.69,0.498,6.584821314512414e-16,U3,G30487
Uncorrected,8.239665247825404e-20,2.0668451611373917,0.211,0.066,2.7574863718372496e-15,U3,G27704
Uncorrected,5.040940011996451e-19,1.4405108114053573,0.327,0.14,1.6870009844147322e-14,U3,G4777
Uncorrected,1.18725981849796e-18,2.0803917360703537,0.262,0.102,3.973283708585273e-14,U3,G25457
Uncorrected,1.420077242557012e-18,1.6257639799243127,0.238,0.084,4.7524304999412965e-14,U3,G32298
Uncorrected,2.5370120907827493e-18,1.269875809416264,0.542,0.331,8.490364663013549e-14,U3,G7431
Uncorrected,6.445663849513888e-18,2.071499559531428,0.226,0.081,2.1571058638783177e-13,U3,G17078
Uncorrected,1.9852880625223433e-17,0.9697516667830581,0.613,0.394,6.643965030037274e-13,U3,G31302
Uncorrected,7.11698309087906e-17,1.5232390439001475,0.318,0.145,2.381769561193586e-12,U3,G12237
Uncorrected,8.256764928762797e-17,1.545911835547857,0.31,0.138,2.7632089510597574e-12,U3,G2827
Uncorrected,9.82779701656005e-17,1.6794370648988237,0.312,0.144,3.2889705495619866e-12,U3,G1020
Uncorrected,1.2775125150204503e-16,2.0373015919397104,0.259,0.106,4.275323382767439e-12,U3,G12290
Uncorrected,2.3167288550565274e-16,1.2206154727714047,0.455,0.256,7.753164786332175e-12,U3,G14517
Uncorrected,5.689630676027642e-16,1.3450520795422622,0.324,0.152,1.904091802039411e-11,U3,G26212
Uncorrected,6.844247876339237e-16,1.1211406708496345,0.583,0.409,2.2904959942956892e-11,U3,G15598
Uncorrected,1.7684146682825704e-15,1.4448788613888843,0.363,0.188,5.91817652887445e-11,U3,G27199
Uncorrected,1.9440318356965127e-15,1.5507677502083834,0.244,0.097,6.505896941341949e-11,U3,G2044
Uncorrected,2.307165280975346e-15,1.9490160870463182,0.25,0.107,7.721159329312093e-11,U3,G18651
Uncorrected,2.8915162950865595e-14,1.3093398317573723,0.304,0.145,9.67674843313668e-10,U3,G9516
Uncorrected,1.7268408723395353e-13,1.0974451675828258,0.449,0.287,5.779045663371489e-9,U3,G1202
Uncorrected,2.542527354258937e-13,1.573292303859158,0.271,0.127,8.508822043762958e-9,U3,G10031
Uncorrected,2.584811242087287e-13,1.5852500092912654,0.324,0.176,8.650329302769315e-9,U3,G653
Uncorrected,2.834049329021734e-13,1.519882491177281,0.208,0.083,9.484429484504136e-9,U3,G744
Uncorrected,3.2000562103037964e-13,1.4606587882211985,0.301,0.153,1.0709308113402686e-8,U3,G11926
Uncorrected,7.915360649470024e-13,1.481314163655969,0.357,0.204,2.6489545949516385e-8,U3,G29475
Uncorrected,9.320491270120067e-13,1.161855672781613,0.42,0.262,3.1191956084583815e-8,U3,G19088
Uncorrected,1.6702980456527066e-12,1.7302470392377378,0.205,0.086,5.589819439581348e-8,U3,G26213
Uncorrected,1.6702980456527066e-12,1.7302470392377378,0.205,0.086,5.589819439581348e-8,U3,G26214
Uncorrected,2.1433775972560488e-12,0.9014540687434875,0.574,0.412,7.173027466977093e-8,U3,G23250
Uncorrected,2.358285961470962e-12,1.689752233200033,0.295,0.155,7.892239798658722e-8,U3,G11401
Uncorrected,4.620428903709543e-12,1.137681968644701,0.339,0.183,1.5462727369154357e-7,U3,G31523
Uncorrected,4.6976592924076016e-12,1.540845792559168,0.292,0.155,1.572118658797128e-7,U3,G20374
Uncorrected,1.5737703678196864e-11,0.7174375695411817,0.652,0.533,5.266779912945363e-7,U3,G27049
Uncorrected,2.689073119499204e-11,1.1348553173616531,0.399,0.248,8.999252101716036e-7,U3,G32246
Uncorrected,2.8477327653437952e-11,1.8035182013692816,0.241,0.117,9.530222472499545e-7,U3,G4224
Uncorrected,3.259782927361116e-11,1.308509567943696,0.312,0.174,1.0909189544706712e-6,U3,G23241
Uncorrected,3.4929816765539695e-11,1.403663585011475,0.22,0.102,1.1689612478755514e-6,U3,G22917
Uncorrected,7.018795300543744e-11,1.616394868315214,0.256,0.133,2.3489100352799695e-6,U3,G19026
Uncorrected,7.861452229347677e-11,0.9235277770840362,0.435,0.279,2.6309136030734936e-6,U3,G7742
Uncorrected,1.6438499588412887e-10,1.7198891151908577,0.271,0.147,5.501308272258257e-6,U3,G13932
Uncorrected,1.8053643574824248e-10,0.9765615623970212,0.53,0.389,6.041832358750683e-6,U3,G21809
Uncorrected,2.6482173174913526e-10,1.2397845525160922,0.277,0.147,8.86252407471656e-6,U3,G17406
Uncorrected,3.4459963665416684e-10,0.8154410978709055,0.455,0.292,1.1532371440268348e-5,U3,G24990
Uncorrected,7.042832013562179e-10,1.1882068905246301,0.289,0.159,2.356954161658719e-5,U3,G24720
Uncorrected,1.038110921527903e-9,1.5077368820099437,0.211,0.101,3.47414200998528e-5,U3,G5024
Uncorrected,1.2320154060275456e-9,0.7956529117919522,0.512,0.361,4.123062757811784e-5,U3,G5204
Uncorrected,1.289896181371016e-9,1.453454574928788,0.241,0.125,4.3167665605762423e-05,U3,G9726
Uncorrected,1.6292106613307798e-9,0.6763422861145436,0.446,0.283,5.4523163992095876e-5,U3,G6852
Uncorrected,1.8445266927785067e-9,1.6116102861574593,0.229,0.119,6.17289303005255e-5,U3,G9770
Uncorrected,2.032478662235519e-9,1.1972741130099014,0.318,0.19,6.801893091037388e-5,U3,G9204
Uncorrected,2.35827393133332e-9,1.0034542205900339,0.414,0.272,7.892199538600089e-5,U3,G18819
Uncorrected,3.727283497757077e-9,1.1478399359468847,0.289,0.167,1.2473726953593834e-4,U3,G32787
Uncorrected,3.814121994983217e-9,1.5923099787181343,0.211,0.105,1.2764340668410833e-4,U3,G5629
Uncorrected,6.362778900114336e-9,0.8794607879391889,0.485,0.366,2.1293675867122637e-4,U3,G22753
Uncorrected,6.7505689172720724e-9,1.5847846240094094,0.289,0.176,2.2591453938542718e-4,U3,G28467
Uncorrected,1.0676854645754738e-8,1.6755676575387428,0.211,0.109,3.5731161757482805e-4,U3,G18375
Uncorrected,3.169180920923699e-8,0.4648828499501567,0.78,0.719,0.0010605980869963251,U3,G448
Uncorrected,3.281473866564298e-8,0.6466830184667938,0.646,0.57,0.001098178044184408,U3,G1502
Uncorrected,4.072890592918544e-8,1.2807719926054246,0.223,0.119,0.00136303356582612,U3,G20500
Uncorrected,6.603098096322429e-8,1.2177178837228004,0.33,0.219,0.002209792808915264,U3,G15703
Uncorrected,8.352184349761133e-8,1.4202329143423744,0.235,0.134,0.0027951420144910607,U3,G2134
Uncorrected,1.1162547120504877e-7,0.8810334240436246,0.524,0.441,0.003735658019348162,U3,G5360
Uncorrected,1.3211300613028471e-7,1.4198171927890813,0.301,0.195,0.004421293863156108,U3,G24449
Uncorrected,1.4053855083787734e-7,1.379164032340542,0.292,0.187,0.0047032631423404025,U3,G6580
Uncorrected,1.5547420380318541e-7,0.7787792785728727,0.476,0.366,0.005203099704477403,U3,G1991
Uncorrected,1.5975751223405484e-7,0.7768994241876321,0.476,0.366,0.005346444904424879,U3,G1990
Uncorrected,1.688594755044405e-7,0.8378633521032028,0.458,0.354,0.005651051207231606,U3,G26499
Uncorrected,1.688594755044405e-7,0.8378633521032028,0.458,0.354,0.005651051207231606,U3,G26502
Uncorrected,2.0101239476732746e-7,1.1056867592508957,0.321,0.212,0.006727080803283381,U3,G21710
Uncorrected,2.2237663093713728e-7,1.2269919015980246,0.25,0.148,0.007442056330942236,U3,G22249
Uncorrected,2.6886233388164047e-7,1.1556186425206525,0.286,0.18,0.00899774686568298,U3,G2797
Uncorrected,2.911227052402613e-7,0.47149704786017566,0.833,0.823,0.009742712453570584,U3,MZ497416.1:17606..18067-df-g
Uncorrected,3.7164464363857016e-7,1.0742821267228044,0.283,0.178,0.01243745964400839,U3,G23461
Uncorrected,5.528377699211272e-7,0.932593517559086,0.402,0.296,0.01850126880818044,U3,G7713
Uncorrected,6.241609712876405e-7,1.141765351150341,0.33,0.229,0.020888171065112177,U3,G3315
Uncorrected,6.523064069163551e-7,1.2689415837425635,0.205,0.114,0.02183008621386274,U3,G2447
Uncorrected,7.264494693993184e-7,1.2558869046325425,0.241,0.144,0.02431135794291759,U3,G14653
Uncorrected,7.532494731091085e-7,1.1037586836498416,0.232,0.136,0.025208246867069423,U3,G6951
Uncorrected,7.535764499423634e-7,0.7110781001710285,0.488,0.401,0.025219189473771133,U3,G11234
Uncorrected,9.368311965266368e-7,1.1783217501360965,0.247,0.15,0.031351992822960424,U3,G21496
Uncorrected,1.1455864375756247e-6,1.1307514939774261,0.351,0.25,0.038338195719905856,U3,G7715
Uncorrected,1.6055222981085122e-6,1.282125014756696,0.226,0.134,0.05373040922849947,U3,G10679
Uncorrected,1.8992893868553171e-6,0.5078433682733543,0.595,0.506,0.06356161862050004,U3,G22467
Uncorrected,2.056132562918674e-6,1.0800516419713975,0.321,0.22,0.06881053235063635,U3,G21806
Uncorrected,2.64644054011252e-6,1.1571810154495479,0.256,0.16,0.0885657791154056,U3,G10796
Uncorrected,3.0573270404023514e-6,0.7772451431052574,0.277,0.175,0.1023165067341051,U3,G17405
Uncorrected,3.2155207489687125e-6,1.133757256296181,0.292,0.197,0.10761061738498694,U3,G29404
Uncorrected,3.5149618664955238e-6,0.8841867032213224,0.39,0.292,0.1176317138241392,U3,G29355
Uncorrected,4.035443063681979e-6,1.1175195660057342,0.229,0.14,0.1350501375691811,U3,G5631
Uncorrected,4.6298865736367035e-6,0.5580136066582324,0.33,0.223,0.15494378407332593,U3,G15182
Uncorrected,4.935715208155441e-6,0.9745068978394795,0.324,0.225,0.16517864515612998,U3,G14873
Uncorrected,5.031425579341224e-6,1.0648363750093983,0.232,0.142,0.1683816884382334,U3,G16610
Uncorrected,5.856347300335483e-6,0.6584203359494905,0.512,0.422,0.19598851875302728,U3,G31137
Uncorrected,7.954524296082813e-6,1.1563410093079536,0.217,0.133,0.26620611009270745,U3,G3123
Uncorrected,9.728324188482505e-6,1.0245273150759164,0.333,0.237,0.3255680972917555,U3,G369
Uncorrected,1.1701435338317929e-5,0.8698138884573965,0.321,0.228,0.3916002350321478,U3,G21782
Uncorrected,1.4273028455771434e-5,0.4470329312332195,0.747,0.719,0.4776611703008468,U3,MZ497416.1:18068..18135-df-g
Uncorrected,2.094072024892779e-5,0.45040391821694303,0.72,0.707,0.7008021438506175,U3,G21785
Uncorrected,2.18860325677731e-5,0.7376492220911992,0.384,0.288,0.7324379659130946,U3,G14135
Uncorrected,2.2965110308333276e-5,0.8204679614211132,0.262,0.173,0.7685503815786814,U3,G27941
Uncorrected,2.396397494417371e-5,1.0151541548747645,0.235,0.152,0.8019783854817174,U3,G2818
Uncorrected,2.4209930287786168e-5,1.0991134433898857,0.327,0.243,0.8102095270110519,U3,G24446
Uncorrected,3.0309520342385198e-5,0.3730302186144061,0.39,0.286,1,U3,G15945
Uncorrected,3.622737879592631e-5,1.0667756004681612,0.301,0.217,1,U3,G4652
Uncorrected,3.732423193426331e-5,0.7314139549553329,0.339,0.253,1,U3,G15330
Uncorrected,3.853148884553164e-5,0.7359517982953065,0.339,0.244,1,U3,G1206
Uncorrected,3.907616494003665e-5,0.860241059374339,0.357,0.272,1,U3,G3197
Uncorrected,5.4801420163974975e-5,0.7628199147349881,0.458,0.391,1,U3,G4038
Uncorrected,7.154311262763076e-5,0.789791360631281,0.286,0.2,1,U3,G10025
Uncorrected,7.529726019958442e-5,1.0414696209955379,0.256,0.18,1,U3,G2934
Uncorrected,7.8288047755445e-5,0.9211096942416621,0.31,0.226,1,U3,G29709
Uncorrected,7.980745639815635e-5,0.6363056108571485,0.488,0.418,1,U3,G5030
Uncorrected,8.709589928360371e-5,1.2100571462848724,0.208,0.136,1,U3,G12558
Uncorrected,9.052255572461135e-5,0.6718762200049344,0.399,0.323,1,U3,G21555
Uncorrected,9.298569559754898e-5,0.80168211026005,0.274,0.189,1,U3,G26362
Uncorrected,1.0239310491975616e-4,0.6291581764863882,0.238,0.157,1,U3,G2614
Uncorrected,1.1587010889476265e-4,0.9506871542168502,0.327,0.254,1,U3,G25620
Uncorrected,1.2323374497092562e-4,0.6420169696893905,0.277,0.191,1,U3,G24752
Uncorrected,1.245189191989315e-4,0.5952031348052556,0.223,0.141,1,U3,G19704
Uncorrected,1.3596405336950852e-4,0.7670514909387657,0.211,0.136,1,U3,G2499
Uncorrected,1.4774059241815698e-4,0.4831140877969822,0.595,0.538,1,U3,G21062
Uncorrected,1.5413298666221156e-4,0.708985318467594,0.229,0.148,1,U3,G19705
Uncorrected,1.9527889963411938e-4,0.8890728560668173,0.277,0.199,1,U3,G12265
Uncorrected,2.1213492966289397e-4,1.075397909890628,0.22,0.148,1,U3,G3155
Uncorrected,2.207424725889064e-4,0.8276585277465516,0.292,0.217,1,U3,G853
Uncorrected,2.3939052100354586e-4,1.0073369126513545,0.312,0.24,1,U3,G297
Uncorrected,2.3939052100354586e-4,1.0073369126513545,0.312,0.24,1,U3,G299
Uncorrected,2.4352029341550362e-4,0.7258347883070908,0.396,0.315,1,U3,G3256
Uncorrected,3.4836278192593623e-4,0.4872706472356829,0.598,0.545,1,U3,G27098
Uncorrected,3.488756328710401e-4,1.0202356431944588,0.235,0.167,1,U3,G9207
Uncorrected,4.299429270287428e-4,0.7140558342481449,0.301,0.222,1,U3,G31216
Uncorrected,5.157980423019802e-4,1.1026237234041334,0.208,0.143,1,U3,G12312
Uncorrected,5.461853185278361e-4,0.7977236097152902,0.354,0.281,1,U3,G22502
Uncorrected,5.998134558052499e-4,0.6238714929066371,0.455,0.391,1,U3,G5163
Uncorrected,6.177145718677162e-4,0.45564616681866754,0.503,0.443,1,U3,G22633
Uncorrected,6.58449478433317e-4,0.9023444366556803,0.336,0.272,1,U3,G30258
Uncorrected,6.790534331869362e-4,0.958788314420676,0.211,0.146,1,U3,G29707
Uncorrected,7.209748740836896e-4,0.45877610678269676,0.667,0.645,1,U3,G1531
Uncorrected,0.0010534660363083637,1.190017806939801,0.25,0.19,1,U3,G4130
Uncorrected,0.0013374153723799925,0.571988948551517,0.494,0.456,1,U3,G16289
Uncorrected,0.0014590558934018357,0.3982274603986764,0.435,0.363,1,U3,G26565
Uncorrected,0.001559973589215423,0.5584437097076473,0.417,0.36,1,U3,G24863
Uncorrected,0.0018308810456477034,0.41695172266043734,0.548,0.509,1,U3,G11961
Uncorrected,0.0018565143855108642,0.4951662198438198,0.393,0.327,1,U3,G8099
Uncorrected,0.002010096524745557,0.4644396230936385,0.277,0.205,1,U3,G26354
Uncorrected,0.0020335872123681473,0.405096464154187,0.22,0.155,1,U3,G29429
Uncorrected,0.002341826889544706,1.1959563769072976,0.205,0.149,1,U3,G12173
Uncorrected,0.0024599132204105364,0.6396307590487469,0.307,0.244,1,U3,G16945
Uncorrected,0.002576502979043678,0.34147885532089584,0.461,0.391,1,U3,G6237
Uncorrected,0.002700900116187548,0.7385198371383797,0.238,0.174,1,U3,G9198
Uncorrected,0.002707603479704109,0.9970610818327152,0.307,0.246,1,U3,G15293
Uncorrected,0.003426511702812291,0.7876450721067044,0.241,0.184,1,U3,G11205
Uncorrected,0.0038276978239266605,0.3658480050796738,0.205,0.145,1,U3,G15941
Uncorrected,0.0038609887245574723,1.1191492179522793,0.217,0.167,1,U3,G29335
Uncorrected,0.0046911748407866705,0.5941999813919567,0.482,0.438,1,U3,G26996
Uncorrected,0.004894049876970876,0.777837506790856,0.241,0.186,1,U3,G25978
Uncorrected,0.005133656132025542,0.8873534035953377,0.342,0.295,1,U3,G937
Uncorrected,0.0051653161994277205,0.3631135346549281,0.25,0.187,1,U3,G17344
Uncorrected,0.005187708762543161,0.5895554067837243,0.452,0.394,1,U3,G10438
Uncorrected,0.005187708762543161,0.5895554067837243,0.452,0.394,1,U3,G10439
Uncorrected,0.005234651135118978,0.3775491418991308,0.777,0.699,1,U3,G31313
Uncorrected,0.005317316082521183,0.3281968226059244,0.363,0.293,1,U3,G614
Uncorrected,0.0057758872073749926,0.6929277441856692,0.289,0.237,1,U3,G22683
Uncorrected,0.006064048692245328,0.5673294999250142,0.31,0.254,1,U3,G26794
Uncorrected,0.0068996115081085795,0.6041171721520584,0.348,0.297,1,U3,G3393
Uncorrected,0.007408315734117166,0.8547758639698504,0.223,0.175,1,U3,G16059
Uncorrected,0.007893945991713629,0.6705407379235813,0.217,0.166,1,U3,G30756
Uncorrected,0.008490003349080653,0.6372556048893848,0.289,0.231,1,U3,G21283
Uncorrected,0.009253437203985486,0.5311559936806072,0.295,0.242,1,U3,G3211
Uncorrected,0.009659498071233084,0.5720006159561539,0.262,0.21,1,U3,G14187
Uncorrected,5.296590641394324e-292,5.583829628134605,0.762,0.044,1.7725570240490243e-287,U4,G8546
Uncorrected,6.048609416383735e-95,2.8850434592316625,0.775,0.302,2.0242276272869805e-90,U4,G5363
Uncorrected,2.943751736766244e-83,3.195225969863897,0.466,0.085,9.851559562261913e-79,U4,G11423
Uncorrected,1.6196007130908503e-80,3.2618796305769493,0.541,0.136,5.42015574642984e-76,U4,G8557
Uncorrected,2.15368254571554e-59,2.9186561126844657,0.306,0.047,7.207514007491627e-55,U4,G29089
Uncorrected,1.819157285517999e-58,1.1712743506151178,1,0.995,6.087991771714536e-54,U4,G32887
Uncorrected,1.6166625206875388e-56,1.7483559783214555,0.844,0.543,5.410322791732918e-52,U4,G10014
Uncorrected,1.3047424745381714e-50,0.4291298030349061,0.934,0.525,4.366451165289444e-46,U4,G32888
Uncorrected,2.650473602490234e-49,2.077177946208982,0.55,0.201,8.870074958093817e-45,U4,G31294
Uncorrected,4.910339663154768e-48,3.3161597247630428,0.206,0.024,1.6432942716713749e-43,U4,G14436
Uncorrected,4.1706417960559173e-44,2.2025870085803487,0.519,0.199,1.3957469834680732e-39,U4,G5361
Uncorrected,5.254263130379483e-43,1.859837746522966,0.597,0.276,1.7583916992127976e-38,U4,G28262
Uncorrected,1.0103810212246767e-42,2.437798871841802,0.466,0.17,3.381341125630503e-38,U4,G31394
Uncorrected,1.0103810212246767e-42,2.437798871841802,0.466,0.17,3.381341125630503e-38,U4,G31395
Uncorrected,1.0405829233290131e-40,1.905072082099742,0.509,0.194,3.4824148112128756e-36,U4,G17926
Uncorrected,6.688373551569771e-40,1.2871682711503767,0.819,0.618,2.2383310927683397e-35,U4,G14493
Uncorrected,5.904750087057667e-39,2.1144902659350153,0.319,0.079,1.976083664134719e-34,U4,G24283
Uncorrected,2.9273085586269314e-38,2.974215540563372,0.209,0.034,9.796530822300888e-34,U4,G31234
Uncorrected,1.712283610324438e-37,2.112254724526603,0.344,0.096,5.7303283303117646e-33,U4,G5731
Uncorrected,2.8323341676814095e-36,2.21312915963229,0.316,0.083,9.478689525562605e-32,U4,G5730
Uncorrected,2.9394291740315305e-35,1.3821023256710983,0.859,0.661,9.83709367381392e-31,U4,G31358
Uncorrected,1.158954608890172e-34,1.7067418445743114,0.572,0.266,3.87855749411185e-30,U4,G6852
Uncorrected,2.8726840366318693e-33,2.7416679230172925,0.216,0.042,9.613724396992214e-29,U4,G31296
Uncorrected,1.4989238443521055e-32,2.5249873730978476,0.231,0.049,5.016298537508756e-28,U4,G31239
Uncorrected,1.9936663428316644e-32,2.371932242743474,0.291,0.079,6.672003782920448e-28,U4,G5007
Uncorrected,1.2663894901267446e-31,1.3426986667883325,0.753,0.554,4.238099067658163e-27,U4,G9997
Uncorrected,6.281779039569895e-31,2.5329405461471026,0.281,0.077,2.102260173382461e-26,U4,G31295
Uncorrected,3.3159147901622945e-30,2.3099200481896074,0.241,0.058,1.1097040436757136e-25,U4,G17456
Uncorrected,4.0456432545610164e-30,1.4788017775452134,0.606,0.346,1.3539149715713899e-25,U4,G9923
Uncorrected,5.816151801995519e-30,1.4314183672825886,0.572,0.301,1.9464333620558204e-25,U4,G6896
Uncorrected,2.5795453577152676e-29,1.8926397425624808,0.397,0.154,8.632706494129914e-25,U4,G19907
Uncorrected,3.073797772318657e-28,2.1305078773779385,0.288,0.085,1.0286771624841619e-23,U4,G17069
Uncorrected,9.097829245908112e-28,2.4943258331324856,0.256,0.072,3.0446795354356085e-23,U4,G2999
Uncorrected,1.1472816932498079e-27,1.8957618118573218,0.431,0.185,3.839492914629807e-23,U4,G1230
Uncorrected,5.1762321199062085e-27,2.6738739038956947,0.216,0.053,1.7322778412478117e-22,U4,G20009
Uncorrected,4.771277389326898e-26,1.295192933684699,0.528,0.257,1.5967556911121398e-21,U4,G15184
Uncorrected,2.0703268186755204e-25,2.4053209528683794,0.291,0.098,6.928555731379496e-21,U4,G14511
Uncorrected,1.1059386094652991e-24,1.7777079183241309,0.344,0.131,3.7011341504365697e-20,U4,G4836
Uncorrected,1.6477952345777278e-24,1.5421708087925838,0.506,0.275,5.514511532037824e-20,U4,G14351
Uncorrected,1.883709761794661e-24,1.4686247646904922,0.609,0.392,6.304023088822013e-20,U4,G2120
Uncorrected,2.1891590811335995e-23,0.9879964132772532,0.534,0.266,7.3262397809217045e-19,U4,G31799
Uncorrected,3.610964631966827e-23,2.031354740667996,0.347,0.144,1.2084454237340183e-18,U4,G1167
Uncorrected,4.9908500132125914e-23,1.5878383588916063,0.35,0.137,1.6702378654217258e-18,U4,G28884
Uncorrected,5.9967437934053e-23,1.2422669092692118,0.616,0.395,2.006870277901018e-18,U4,G9218
Uncorrected,1.610165893207435e-22,2.2938675332567775,0.209,0.057,5.3885811782080026e-18,U4,G7932
Uncorrected,4.95484533570509e-21,1.3713191529128674,0.491,0.261,1.6581885400470653e-16,U4,G2092
Uncorrected,5.904038774206834e-21,1.838489068617267,0.522,0.316,1.975845616176059e-16,U4,G1225
Uncorrected,1.2788557926971249e-20,1.8934518060641479,0.216,0.064,4.279818795840198e-16,U4,G19560
Uncorrected,1.426653094177245e-20,1.4691645959390818,0.3,0.111,4.774437244973569e-16,U4,G596
Uncorrected,2.1692515062716377e-19,0.5990163355899654,0.725,0.514,7.259617090888663e-15,U4,G24974
Uncorrected,7.165257841010539e-19,1.6002588959375916,0.297,0.118,2.3979251890725872e-14,U4,G9726
Uncorrected,7.423447132367239e-19,1.0669687695666448,0.678,0.482,2.4843308173180202e-14,U4,G31371
Uncorrected,7.633622716486822e-19,1.3486742572195316,0.556,0.366,2.55466817829948e-14,U4,G2118
Uncorrected,7.906604125143851e-19,1.860547511530519,0.234,0.08,2.6460241365206412e-14,U4,G6126
Uncorrected,8.321152384642119e-19,1.7068163183603287,0.347,0.155,2.7847568570443315e-14,U4,G14308
Uncorrected,9.033649666415713e-19,0.9656902459221075,0.578,0.357,3.0232011973626826e-14,U4,G4113
Uncorrected,1.2601564230471026e-18,1.441606854887553,0.519,0.327,4.217239485369434e-14,U4,G31357
Uncorrected,2.0822367357036535e-18,1.0682440037858485,0.544,0.335,6.968413459705846e-14,U4,G18792
Uncorrected,2.802522364214358e-18,1.5991899685361617,0.238,0.081,9.378921344079771e-14,U4,G30527
Uncorrected,1.2255881599997874e-17,1.653228561947754,0.228,0.08,4.1015533362552885e-13,U4,G5089
Uncorrected,1.4008295372148097e-17,1.988269536083436,0.253,0.098,4.688016129243082e-13,U4,G14578
Uncorrected,8.743481227629e-17,1.1028578062730854,0.625,0.441,2.9260934276383213e-12,U4,G32064
Uncorrected,1.287478420437013e-16,1.3703360505208426,0.334,0.158,4.308675281834507e-12,U4,G24977
Uncorrected,2.783830877360067e-16,1.0982078488933023,0.619,0.436,9.3163684141732e-12,U4,G32065
Uncorrected,3.370295363667447e-16,1.9098989980030276,0.262,0.11,1.1279030464049478e-11,U4,G28213
Uncorrected,1.3630727893160225e-15,2.006760719315857,0.259,0.109,4.5616593967250005e-11,U4,G4522
Uncorrected,1.922827624979386e-15,1.1609396619614716,0.366,0.183,6.434934929756014e-11,U4,G31340
Uncorrected,3.620429386201276e-15,1.2370470646237155,0.278,0.117,1.211612898386119e-10,U4,G26708
Uncorrected,1.7510173219747413e-14,1.8905206290833791,0.3,0.147,5.859954569720669e-10,U4,G9516
Uncorrected,4.817656740485772e-14,1.4961657856046753,0.212,0.081,1.6122770047709685e-9,U4,G1656
Uncorrected,5.390531667893845e-14,1.0140929261045124,0.466,0.282,1.8039953279773542e-9,U4,G11034
Uncorrected,6.288437952672219e-14,1.666148424156124,0.244,0.103,2.104488645241285e-9,U4,G4695
Uncorrected,1.8382651595004577e-13,1.5992066284843696,0.309,0.155,6.151938182784232e-9,U4,G15398
Uncorrected,2.751180940786437e-13,1.5215793558154096,0.297,0.148,9.20710213643589e-9,U4,G14149
Uncorrected,8.136647685405374e-13,1.1029552376272964,0.459,0.29,2.7230105143977625e-8,U4,G31452
Uncorrected,1.5001075676859963e-12,1.4303089464988412,0.331,0.178,5.020259986017955e-8,U4,G31550
Uncorrected,1.8873894100193748e-12,1.1626893420523887,0.312,0.161,6.316337399570839e-8,U4,G11816
Uncorrected,8.708638000989517e-12,1.155342870322998,0.391,0.237,2.9144327934111515e-7,U4,G25981
Uncorrected,1.4659893005883975e-11,0.8728411113080621,0.634,0.49,4.906079793349132e-7,U4,G1940
Uncorrected,1.6736773956142497e-11,1.2700757378988277,0.266,0.129,5.601128772162648e-7,U4,G2499
Uncorrected,1.733217013636714e-11,1.184182448466422,0.347,0.193,5.800384057836627e-7,U4,G26040
Uncorrected,1.733217013636714e-11,1.184182448466422,0.347,0.193,5.800384057836627e-7,U4,G26042
Uncorrected,2.9059986179885268e-11,1.2371105251760086,0.366,0.215,9.725214974960404e-7,U4,G24742
Uncorrected,3.910007222920705e-11,1.6320667028202844,0.278,0.148,1.3085230172226433e-6,U4,G1224
Uncorrected,6.226710350926215e-11,0.9044472421849541,0.644,0.477,2.0838308860409675e-6,U4,G31359
Uncorrected,7.304163368104252e-11,1.0438011075155822,0.444,0.289,2.444411312769769e-6,U4,G7350
Uncorrected,8.73960894322957e-11,1.5395496811363594,0.216,0.099,2.924797528941208e-6,U4,G3000
Uncorrected,1.0057113349128464e-10,1.5167221636118966,0.203,0.09,3.365713553419332e-6,U4,G14278
Uncorrected,1.1637770506082155e-10,1.3738138711945709,0.234,0.11,3.894696277565454e-6,U4,G13185
Uncorrected,3.395516088861297e-10,0.9960533220726902,0.428,0.283,1.1363434142983217e-5,U4,G25782
Uncorrected,4.776586393969068e-10,1.3660327347273356,0.272,0.147,1.598532402605688e-5,U4,G24957
Uncorrected,7.417036477023707e-10,1.432087914159932,0.231,0.112,2.4821854274007536e-5,U4,G17198
Uncorrected,7.981371714120429e-10,1.6465006899917562,0.203,0.096,2.671045857847543e-5,U4,G14350
Uncorrected,8.816169296513221e-10,1.2196396332602903,0.356,0.221,2.9504192167711147e-5,U4,G29601
Uncorrected,1.8237254971637797e-9,0.46467695083994087,0.769,0.632,6.103279748808305e-5,U4,G24433
Uncorrected,2.863440906172842e-9,0.827522314552565,0.441,0.298,9.582791336598033e-5,U4,G1232
Uncorrected,3.513604571728023e-9,1.2837832889738363,0.278,0.155,1.1758629059745002e-4,U4,G1375
Uncorrected,4.088789164193514e-9,1.5206580207653848,0.209,0.103,1.3683541816890011e-4,U4,G9979
Uncorrected,1.0408073606114754e-8,1.0690185337329008,0.316,0.189,3.4831659130223633e-4,U4,G1000
Uncorrected,1.2169616572517603e-8,1.0321445319382303,0.328,0.199,4.072683882158741e-4,U4,G10059
Uncorrected,2.0253705674328457e-8,0.6208159937311968,0.597,0.461,6.778105140970762e-4,U4,G819
Uncorrected,2.0371048730980007e-8,1.1508890052545402,0.278,0.16,6.817375168309769e-4,U4,G7790
Uncorrected,2.1514646134409303e-8,1.1902550401204193,0.319,0.199,7.200091475341418e-4,U4,G2014
Uncorrected,2.2984096534143414e-8,1.362300071188004,0.228,0.12,7.691857746116435e-4,U4,G7293
Uncorrected,4.416296464925805e-8,1.088718848531693,0.391,0.265,0.00147795777495207,U4,G25958
Uncorrected,5.467056237534497e-8,1.052922490436947,0.378,0.254,0.0018296050404532948,U4,G24740
Uncorrected,5.467056237534497e-8,1.052922490436947,0.378,0.254,0.0018296050404532948,U4,G24741
Uncorrected,5.972282846615923e-8,0.9460067646541843,0.328,0.208,0.001998684177448485,U4,G7889
Uncorrected,6.376369283555984e-8,1.1876984775896071,0.262,0.151,0.0021339157444348455,U4,G4696
Uncorrected,7.044276544608937e-8,0.6172158479776253,0.541,0.398,0.002357437588418827,U4,G31341
Uncorrected,7.044276544608937e-8,0.6172158479776253,0.541,0.398,0.002357437588418827,U4,G31342
Uncorrected,8.6527287920527e-8,1.2119350985437602,0.331,0.214,0.002895722217548357,U4,G28217
Uncorrected,9.438696766495698e-8,0.778240855259422,0.278,0.162,0.0031587542598754503,U4,G3098
Uncorrected,1.4189261674050735e-7,1.031843059881663,0.312,0.192,0.004748578311837819,U4,G17726
Uncorrected,1.4808526647922615e-7,1.2528491474503172,0.206,0.109,0.004955821527993782,U4,G30803
Uncorrected,1.8056212000889867e-7,0.611421753194842,0.722,0.617,0.006042691908217803,U4,G24312
Uncorrected,1.8504477240912363e-7,0.9716797072364092,0.369,0.25,0.006192708353443732,U4,G15330
Uncorrected,2.425801479305121e-7,1.2997181948575294,0.238,0.136,0.008118187230642518,U4,G20882
Uncorrected,3.3598423712145376e-7,1.102322770318903,0.238,0.133,0.011244048479506571,U4,G666
Uncorrected,5.422844995608141e-7,0.7621210532711493,0.528,0.44,0.018148093062302206,U4,G22633
Uncorrected,5.83537188177792e-7,0.7495760928878277,0.219,0.118,0.019528655539557987,U4,G31211
Uncorrected,6.023583748495995e-7,0.7293183642182166,0.35,0.234,0.020158525372716698,U4,G27529
Uncorrected,6.062111018162576e-7,0.6917461392563258,0.388,0.261,0.02028746073338288,U4,G9349
Uncorrected,8.561585284333136e-7,0.9834448417635853,0.303,0.195,0.028652201312549273,U4,G14487
Uncorrected,9.18789450611505e-7,1.1735876293512866,0.347,0.244,0.030748207754164626,U4,G20098
Uncorrected,9.837484856144216e-7,1.2378783696737834,0.222,0.129,0.03292212681957223,U4,G28214
Uncorrected,1.033787566210852e-6,0.777209916512922,0.466,0.356,0.03459673469081238,U4,G1894
Uncorrected,1.122921444582485e-6,0.7806787457818882,0.294,0.185,0.037579689064397445,U4,G18199
Uncorrected,1.3284995834541214e-6,0.4876017846743683,0.425,0.304,0.044459567059875624,U4,G32883
Uncorrected,1.5427499647985238e-6,1.1071427041724442,0.288,0.186,0.0516296703219474,U4,G7279
Uncorrected,1.6439824011416638e-6,0.7779200990072059,0.431,0.327,0.05501751503660692,U4,G20178
Uncorrected,2.3150140593087686e-6,1.2111922056650424,0.3,0.201,0.07747426050882725,U4,G4723
Uncorrected,2.4989024726663824e-6,0.39818401648006496,0.681,0.581,0.08362827015025315,U4,G24436
Uncorrected,2.81150538105544e-6,0.44474650433842555,0.678,0.577,0.09408983908240136,U4,G24435
Uncorrected,2.9409404048233903e-6,1.2454116360335716,0.203,0.115,0.09842151158781957,U4,G30148
Uncorrected,3.3237988923544905e-6,0.7306967735386365,0.353,0.242,0.11123425373153538,U4,G32870
Uncorrected,3.4111228577436056e-6,1.211561757748,0.272,0.176,0.1141566375572475,U4,G16009
Uncorrected,3.5774591481551405e-6,0.8718386675102932,0.497,0.414,0.11972324785215993,U4,G17994
Uncorrected,3.5774591481551405e-6,0.8718386675102932,0.497,0.414,0.11972324785215993,U4,G17995
Uncorrected,4.375656522640836e-6,1.2387601467028995,0.322,0.225,0.14643572118669823,U4,G15182
Uncorrected,4.805531791266329e-6,1.2030863338048319,0.212,0.125,0.16082192692651898,U4,G14576
Uncorrected,4.863226343316538e-6,0.7500728163682613,0.444,0.338,0.16275273280543126,U4,G820
Uncorrected,4.884782824365826e-6,0.5594910612978161,0.753,0.703,0.16347414200022672,U4,G31313
Uncorrected,5.412348060014915e-6,0.6238085657083974,0.388,0.277,0.18112964017645913,U4,G22502
Uncorrected,6.842900314982139e-6,0.9909125434006384,0.241,0.149,0.22900450194119226,U4,G14588
Uncorrected,7.256759231298231e-6,0.3815604052988153,0.344,0.226,0.2428547044346266,U4,G17979
Uncorrected,8.604097277160198e-6,0.6981002891632033,0.347,0.24,0.2879447194774432,U4,G28609
Uncorrected,1.3039347028869452e-5,0.7658139738818045,0.244,0.152,0.4363747876681451,U4,G17840
Uncorrected,1.5897628222989116e-5,0.8044115149112206,0.203,0.119,0.5320300261105537,U4,G31549
Uncorrected,1.6041658315680622e-5,0.7160487819198829,0.478,0.394,0.5368501371925677,U4,G338
Uncorrected,1.770092050544704e-5,1.0277876257492946,0.203,0.119,0.5923790056352907,U4,G27760
Uncorrected,1.7897484412452657e-5,0.3083041218117044,0.887,0.857,0.5989572133471406,U4,G6642
Uncorrected,1.9154283396506166e-5,0.9603209554379762,0.262,0.175,0.6410172481474753,U4,G14444
Uncorrected,1.9920351538057553e-5,0.7674243529885687,0.344,0.237,0.6666544845726341,U4,G21300
Uncorrected,2.8464894901108333e-5,0.9804099187218578,0.241,0.153,0.9526061727604914,U4,G2952
Uncorrected,3.1352394849306524e-5,0.35687150263879763,0.472,0.352,1,U4,G20645
Uncorrected,3.624714162095864e-5,1.0944229140237787,0.266,0.175,1,U4,G30647
Uncorrected,3.764868240499245e-5,0.699550729641536,0.297,0.2,1,U4,G21299
Uncorrected,4.715772016712627e-5,0.8317798452682725,0.297,0.208,1,U4,G18782
Uncorrected,7.712027780828321e-5,0.42071448782174015,0.672,0.592,1,U4,G13016
Uncorrected,7.714171175779524e-5,0.5695120280252568,0.656,0.61,1,U4,G7323
Uncorrected,8.42285079985413e-5,0.7276505715009047,0.328,0.239,1,U4,G5541
Uncorrected,1.1348185961910313e-4,0.7254912908058375,0.328,0.24,1,U4,G14658
Uncorrected,1.1661091564700727e-4,0.7623648845892288,0.284,0.199,1,U4,G7351
Uncorrected,1.2690686580719038e-4,0.9690329234671089,0.228,0.151,1,U4,G15623
Uncorrected,1.3265670009758742e-4,0.5311514213962321,0.403,0.309,1,U4,G31742
Uncorrected,1.3303415244644414e-4,0.6732875484638258,0.316,0.23,1,U4,G7264
Uncorrected,1.34939474453273e-4,1.0336778290875366,0.316,0.237,1,U4,G14495
Uncorrected,1.5312065838469932e-4,0.39219988461865585,0.578,0.487,1,U4,G998
Uncorrected,1.6249447060737415e-4,0.9389569362414063,0.291,0.211,1,U4,G17226
Uncorrected,2.2901187467250057e-4,0.8287296583639205,0.247,0.171,1,U4,G7348
Uncorrected,2.4303079988437524e-4,0.6269604256022594,0.272,0.189,1,U4,G18065
Uncorrected,2.556888769796003e-4,0.44543850042662525,0.594,0.5,1,U4,G28711
Uncorrected,2.5710084304237426e-4,0.9363456474919515,0.275,0.199,1,U4,G23247
Uncorrected,2.7273223593136145e-4,0.8022955838966839,0.284,0.206,1,U4,G24775
Uncorrected,3.213965124515887e-4,0.6863812246333902,0.275,0.195,1,U4,G10243
Uncorrected,4.6101118763978977e-4,0.6021450090252523,0.362,0.283,1,U4,G567
Uncorrected,4.843181691614938e-4,1.0974927783043116,0.206,0.14,1,U4,G23093
Uncorrected,5.818288756333657e-4,0.47976257702922487,0.344,0.264,1,U4,G11603
Uncorrected,8.008425635729072e-4,0.7959438914484647,0.256,0.183,1,U4,G23618
Uncorrected,9.393259778968096e-4,0.7364861447529343,0.384,0.314,1,U4,G24440
Uncorrected,9.456459917264993e-4,0.4607832007798671,0.603,0.571,1,U4,G10863
Uncorrected,0.0010051183282326459,1.0920477955406709,0.241,0.176,1,U4,G7346
Uncorrected,0.0010687739498795436,0.9921564569429071,0.206,0.143,1,U4,G24503
Uncorrected,0.0011022852173453107,0.5049552093818983,0.484,0.42,1,U4,G31949
Uncorrected,0.0014084668366570003,1.1656599065782685,0.206,0.146,1,U4,G8902
Uncorrected,0.0014121825871743845,0.571648350567713,0.331,0.26,1,U4,G11496
Uncorrected,0.0015867584731858683,0.6774471073148431,0.347,0.286,1,U4,G26426
Uncorrected,0.001607409081886156,0.3936442888841736,0.6,0.533,1,U4,G28010
Uncorrected,0.0016140049187410878,0.3075620056041366,0.484,0.408,1,U4,G16780
Uncorrected,0.001639820626129394,0.4637266676858576,0.247,0.176,1,U4,G16091
Uncorrected,0.0016713949618890986,0.534296336921424,0.297,0.225,1,U4,G15703
Uncorrected,0.00201139957417343,0.49836128754980213,0.203,0.139,1,U4,G30387
Uncorrected,0.0021125636539672038,0.5655887654138545,0.334,0.268,1,U4,G20472
Uncorrected,0.002227219604267867,0.8259959486157297,0.225,0.161,1,U4,G7411
Uncorrected,0.0026991472568968474,0.3029176392903139,0.331,0.251,1,U4,G14770
Uncorrected,0.0029664826796812253,0.30669507764263415,0.294,0.217,1,U4,G31213
Uncorrected,0.0029798607916025105,0.622768633212218,0.222,0.158,1,U4,G6721
Uncorrected,0.002984830238243031,0.8656288348314423,0.219,0.161,1,U4,G22185
Uncorrected,0.003107855428717745,0.5495900766368211,0.284,0.219,1,U4,G7211
Uncorrected,0.0038857678460054203,0.7479399547631144,0.231,0.171,1,U4,G9225
Uncorrected,0.0039743679824849835,0.9574491469654856,0.216,0.158,1,U4,G31458
Uncorrected,0.004452270873644923,0.507254341736574,0.297,0.234,1,U4,G15027
Uncorrected,0.004568213853208423,0.37238642280399126,0.294,0.228,1,U4,G24973
Uncorrected,0.005559069647335033,0.6833509030306804,0.253,0.193,1,U4,G5340
Uncorrected,0.005611944275329888,0.5105059567840864,0.25,0.19,1,U4,G3282
Uncorrected,0.005638971273235625,0.5092248768558427,0.338,0.278,1,U4,G7395
Uncorrected,0.00577149550746362,0.5393931835281358,0.406,0.349,1,U4,G25341
Uncorrected,0.00577149550746362,0.5393931835281358,0.406,0.349,1,U4,G25342
Uncorrected,0.00577149550746362,0.5393931835281358,0.406,0.349,1,U4,G25343
Uncorrected,0.006448122457223887,0.2560324472177493,0.625,0.566,1,U4,G21643
Uncorrected,0.00657353482729311,0.8486834067324663,0.234,0.177,1,U4,G16747
Uncorrected,0.006721600309290183,0.5862345777694662,0.331,0.272,1,U4,G27271
Uncorrected,0.006916529719558725,0.7485777940332614,0.244,0.188,1,U4,G25338
Uncorrected,0.007429291778016285,0.38196643684937004,0.397,0.33,1,U4,G19722
Uncorrected,0.007886310911714023,0.47201017712619,0.35,0.297,1,U4,G31683
Uncorrected,0.008943191429284842,0.4674076094637254,0.428,0.382,1,U4,G27358
Uncorrected,0.009403074205054374,0.5579246115101446,0.459,0.427,1,U4,G1113
Uncorrected,0.009403074205054374,0.5579246115101446,0.459,0.427,1,U4,G1114
Uncorrected,0.009403074205054374,0.5579246115101446,0.459,0.427,1,U4,G1115
Uncorrected,3.581906943242929e-139,4.167158837796031,0.475,0.041,1.1987209776256786e-134,U5,G8288
Uncorrected,8.004678183817319e-128,2.805203044711254,0.717,0.137,2.678845600996304e-123,U5,G5467
Uncorrected,4.105227177321624e-102,2.7079875763413255,0.478,0.064,1.3738553271624547e-97,U5,G10490
Uncorrected,4.6554051388541584e-102,3.0094297328700566,0.44,0.052,1.5579778837689326e-97,U5,G21960
Uncorrected,2.805328977012666e-99,2.301607017394574,0.478,0.064,9.388313954470588e-95,U5,G32642
Uncorrected,2.5831816954756966e-84,2.436646730004482,0.462,0.074,8.644875862078966e-80,U5,G32283
Uncorrected,1.5871328778199606e-81,2.0912729304075115,0.544,0.109,5.31149888891228e-77,U5,G5468
Uncorrected,1.5871328778199606e-81,2.0912729304075115,0.544,0.109,5.31149888891228e-77,U5,G5470
Uncorrected,1.4419562068460046e-80,2.3807767090949974,0.497,0.093,4.825650641830839e-76,U5,G32281
Uncorrected,2.340274008587878e-79,3.25729975527553,0.289,0.025,7.831960997140193e-75,U5,G26244
Uncorrected,1.1123208577021473e-77,4.405482479984432,0.217,0.01,3.722492982386006e-73,U5,G10894
Uncorrected,4.71085519592677e-75,2.2710400012968286,0.481,0.095,1.5765347998688527e-70,U5,G6183
Uncorrected,2.1887931635870257e-71,2.305787423768549,0.365,0.052,7.325015201260341e-67,U5,G19693
Uncorrected,8.278582676583685e-67,3.6521931685739415,0.201,0.011,2.7705104785454963e-62,U5,G32302
Uncorrected,1.4725933610029552e-65,2.302882460036877,0.387,0.067,4.92818094193249e-61,U5,G28705
Uncorrected,1.2297583886133546e-63,2.6602130449874957,0.308,0.041,4.115509423333452e-59,U5,G7427
Uncorrected,2.2871954875132974e-62,2.8121241694600414,0.384,0.073,7.654328418512002e-58,U5,G28104
Uncorrected,4.846424588649778e-62,1.9301250638624112,0.5,0.123,1.6219044528375346e-57,U5,G25649
Uncorrected,2.908937359087779e-60,2.9513190952470536,0.261,0.03,9.735049765923161e-56,U5,G23044
Uncorrected,7.762851975727578e-60,2.0733013440350287,0.321,0.049,2.5979160421969913e-55,U5,G11018
Uncorrected,2.160662818557864e-58,1.8721206206150076,0.343,0.058,7.230874188585747e-54,U5,G26283
Uncorrected,4.613609434210975e-57,3.3173736542547503,0.239,0.026,1.543990533253045e-52,U5,G8290
Uncorrected,4.267421330664017e-56,2.155033907355289,0.481,0.127,1.42813522252002e-51,U5,G7425
Uncorrected,1.3751828695988875e-55,2.2499712391332727,0.286,0.042,4.602186991399637e-51,U5,G10964
Uncorrected,2.047537742684777e-55,2.3016151437690313,0.425,0.1,6.852289809668875e-51,U5,G14885
Uncorrected,1.1316199218656906e-54,2.6512402789953606,0.261,0.034,3.78707923051572e-50,U5,G25938
Uncorrected,1.1316199218656906e-54,2.6512402789953606,0.261,0.034,3.78707923051572e-50,U5,G25939
Uncorrected,4.210697825001079e-52,2.302614693199804,0.283,0.044,1.409152134114861e-47,U5,G11680
Uncorrected,1.9141501424555638e-51,2.417244077193522,0.283,0.045,6.405894866741789e-47,U5,G5508
Uncorrected,4.365684603123143e-50,1.9724937840874124,0.324,0.061,1.461020009281191e-45,U5,G5093
Uncorrected,5.75997338376965e-50,1.5662616138863825,0.403,0.092,1.9276326926123512e-45,U5,G19692
Uncorrected,6.937783404965716e-50,1.983882661747525,0.55,0.185,2.3217985943058264e-45,U5,G28051
Uncorrected,9.61935406107439e-50,2.6651192412911504,0.239,0.031,3.2192130300791554e-45,U5,G1794
Uncorrected,7.037064063938391e-49,1.7536174463845626,0.588,0.208,2.355023859637622e-44,U5,G15286
Uncorrected,1.8857842388245836e-48,2.9568221753062094,0.208,0.023,6.310965533650351e-44,U5,G4190
Uncorrected,6.4120296548077975e-47,2.114637513835346,0.236,0.033,2.1458498442779776e-42,U5,G6264
Uncorrected,8.268185542456216e-47,2.5914832813070445,0.223,0.029,2.7670309736383972e-42,U5,G30017
Uncorrected,1.0216496667016118e-45,1.9830608359623085,0.327,0.069,3.419052774583614e-41,U5,G2190
Uncorrected,3.6440504932711826e-45,2.828921797675747,0.201,0.024,1.219517938078134e-40,U5,G5129
Uncorrected,4.041671657643943e-45,3.379307370189014,0.346,0.083,1.352585836947122e-40,U5,G29424
Uncorrected,5.368778685931189e-45,2.806017648073047,0.217,0.029,1.7967154750337318e-40,U5,G30047
Uncorrected,6.630496075476869e-45,2.255419342372777,0.27,0.047,2.218961816619089e-40,U5,G4625
Uncorrected,3.118318189643479e-44,2.1399299685449087,0.211,0.027,1.0435763653460867e-39,U5,G27780
Uncorrected,6.191282118170214e-44,1.8941007185008751,0.491,0.157,2.0719744736668437e-39,U5,G18199
Uncorrected,3.791032145660781e-43,1.6551905413682606,0.381,0.095,1.268706817866837e-38,U5,G29317
Uncorrected,5.3197243300680525e-43,1.557824815852206,0.692,0.302,1.7802989443005743e-38,U5,G11676
Uncorrected,1.0579099025137195e-42,1.260657312221297,0.654,0.266,3.5404012797524135e-38,U5,G24990
Uncorrected,2.5858986188344444e-42,2.3121283492341345,0.22,0.032,8.653968317791351e-38,U5,G4666
Uncorrected,6.882699512206084e-40,1.284469617036866,0.349,0.084,2.3033642187548882e-35,U5,G21269
Uncorrected,1.1320141545977245e-38,1.964358073264889,0.217,0.035,3.788398569776745e-34,U5,G17142
Uncorrected,1.8298620938500287e-38,1.446719677950416,0.406,0.118,6.123816483278506e-34,U5,G24814
Uncorrected,5.920105599709206e-38,1.6394778947749449,0.418,0.128,1.981222539998683e-33,U5,G15868
Uncorrected,7.015415544151633e-38,1.2753649217584881,0.607,0.237,2.3477789660057857e-33,U5,G27029
Uncorrected,8.329177576843197e-37,1.713237486003784,0.27,0.057,2.787442567866344e-32,U5,G23598
Uncorrected,5.2773394702024744e-36,1.0467427112650527,0.61,0.24,1.76611442709796e-31,U5,G31230
Uncorrected,1.037793911316328e-35,1.7622489058071953,0.255,0.052,3.4730811036112235e-31,U5,G18007
Uncorrected,1.2730670280203373e-35,1.3725049343825115,0.406,0.122,4.260446115972861e-31,U5,G1563
Uncorrected,1.3023144043907663e-35,1.8929487839468588,0.28,0.065,4.358325385734139e-31,U5,G16323
Uncorrected,1.3764701033960474e-33,0.6520258643491958,0.991,0.926,4.606494848025212e-29,U5,G4112
Uncorrected,3.470716503713357e-33,1.520663672316425,0.274,0.064,1.161509985132712e-28,U5,G4955
Uncorrected,4.647105866851869e-33,1.2033827797115304,0.519,0.199,1.5552004494006463e-28,U5,G19035
Uncorrected,6.30327214282512e-33,1.0018106729531753,0.654,0.294,2.1094530553178546e-28,U5,G19404
Uncorrected,8.93174901508996e-33,2.009938551540043,0.226,0.046,2.989099125390006e-28,U5,G19413
Uncorrected,1.880105835821859e-32,1.8586522725624244,0.261,0.06,6.291962190161434e-28,U5,G5121
Uncorrected,2.4039755661856285e-32,1.0360158776748265,0.544,0.213,8.045144629796824e-28,U5,G1801
Uncorrected,4.2913240073168796e-32,1.2727359780239933,0.443,0.154,1.436134492288667e-27,U5,G25300
Uncorrected,5.078420251429476e-32,1.3181629747023673,0.368,0.113,1.6995441213433886e-27,U5,G29321
Uncorrected,6.500009195239242e-32,0.9126922141771554,0.591,0.249,2.175293077278765e-27,U5,G6266
Uncorrected,6.634098508652754e-32,1.728756046178643,0.27,0.065,2.2201674069057304e-27,U5,G25285
Uncorrected,8.105851507562846e-32,1.5717401282373396,0.318,0.088,2.7127042655209822e-27,U5,G6265
Uncorrected,2.368314022972579e-31,1.207558164535417,0.387,0.124,7.925799709280033e-27,U5,G24942
Uncorrected,2.4317122373755917e-31,1.6506396460146306,0.239,0.052,8.137968173601155e-27,U5,G2189
Uncorrected,3.6927152224557534e-31,1.3995212367347603,0.34,0.099,1.2358040763470424e-26,U5,G2789
Uncorrected,3.6927152224557534e-31,1.3995212367347603,0.34,0.099,1.2358040763470424e-26,U5,G2790
Uncorrected,1.5264021925057144e-30,2.201427705189757,0.22,0.046,5.1082575774396236e-26,U5,G28009
Uncorrected,5.825568249634371e-30,1.6075981705006184,0.245,0.057,1.9495846704226386e-25,U5,G2479
Uncorrected,6.072532355194194e-30,1.7191216033765102,0.201,0.039,2.032233677989289e-25,U5,G26241
Uncorrected,7.8444237238191e-30,2.086255567170187,0.208,0.042,2.6252148434133e-25,U5,G31054
Uncorrected,7.94238036608716e-30,1.3549047017349567,0.324,0.095,2.6579970133147288e-25,U5,G21075
Uncorrected,4.2077983254444987e-29,1.5322687231434013,0.299,0.084,1.4081817875932558e-24,U5,G27829
Uncorrected,5.520292968630604e-29,1.6431932536014462,0.296,0.084,1.847421244881918e-24,U5,G17796
Uncorrected,1.4325109521932598e-28,0.790865489280983,0.39,0.128,4.794041152609963e-24,U5,G28880
Uncorrected,2.1918370131672512e-28,1.3674333191928243,0.252,0.062,7.335201748265523e-24,U5,G30831
Uncorrected,2.750394115205482e-28,1.8155959026876716,0.277,0.076,9.204468945946666e-24,U5,G15117
Uncorrected,7.748858333545094e-28,1.5733197080449108,0.289,0.082,2.5932329299042012e-23,U5,G22936
Uncorrected,9.704149127327225e-28,0.6857457749321743,0.956,0.806,3.247590546951329e-23,U5,MZ497416.1:17606..18067-df-g
Uncorrected,1.1831098810460857e-27,1.4338787696417894,0.23,0.054,3.95939552790883e-23,U5,G19131
Uncorrected,1.8697731463951026e-27,1.5242680157355466,0.358,0.121,6.257382811725851e-23,U5,G25372
Uncorrected,4.686485108399605e-27,0.7326842999690264,0.934,0.764,1.5683791063770118e-22,U5,MZ497416.1:11544..12255-df-g
Uncorrected,1.068900595976065e-26,1.6104191391428713,0.201,0.044,3.577182734493499e-22,U5,G5469
Uncorrected,4.047977901546588e-26,0.8155365409269604,0.635,0.301,1.3546962845315812e-21,U5,G1225
Uncorrected,4.987191132566398e-26,1.687079984532677,0.226,0.056,1.6690133844246708e-21,U5,G18561
Uncorrected,6.694531134182706e-26,1.1433604135829025,0.292,0.088,2.2403917893655843e-21,U5,G6279
Uncorrected,6.713443555761074e-26,0.6835586248781409,0.786,0.456,2.246721020371001e-21,U5,G15938
Uncorrected,1.1395170775744228e-25,1.5948886326643987,0.217,0.052,3.813507851810563e-21,U5,G23597
Uncorrected,1.1592704320905475e-25,0.9066805004463461,0.403,0.144,3.879614428034226e-21,U5,G9207
Uncorrected,1.2267265875714147e-25,0.5977714391895175,0.984,0.887,4.1053631979664965e-21,U5,MZ497416.1:16289..17324-df-g
Uncorrected,2.173082630930408e-25,1.3209309011627495,0.22,0.053,7.272438332671704e-21,U5,G14319
Uncorrected,2.274033102350404e-25,1.387057538219175,0.242,0.064,7.610279180325862e-21,U5,G11682
Uncorrected,3.049855849542002e-25,1.007439971532183,0.255,0.069,1.0206647586077265e-20,U5,G28701
Uncorrected,8.340247559470262e-25,1.5941165545935496,0.292,0.091,2.7911472482523176e-20,U5,G26299
Uncorrected,9.328974873620161e-25,1.3319969581413926,0.248,0.068,3.122034731205723e-20,U5,G3227
Uncorrected,2.0191093349006283e-24,1.2783969783992313,0.33,0.112,6.757151300178443e-20,U5,G13752
Uncorrected,2.3684043384710074e-24,1.5778925344350543,0.223,0.057,7.926101959127073e-20,U5,G27506
Uncorrected,2.5372539400186245e-24,1.1603179098056187,0.447,0.186,8.491174035666329e-20,U5,G11852
Uncorrected,4.074727343008224e-24,0.913461967189027,0.321,0.106,1.3636482526111324e-19,U5,G7433
Uncorrected,4.736646092363879e-24,1.2394085613432404,0.292,0.092,1.5851659812704958e-19,U5,G26235
Uncorrected,5.860585303439138e-24,1.1919705241759688,0.201,0.047,1.961303477648942e-19,U5,G26891
Uncorrected,7.04117490880224e-24,0.9754287665413823,0.374,0.135,2.356399594979758e-19,U5,G1224
Uncorrected,9.760354228855242e-24,1.6590426425876847,0.333,0.117,3.2664001462286956e-19,U5,G22596
Uncorrected,1.505083746797625e-23,1.711967781212994,0.226,0.061,5.036913267032932e-19,U5,G18200
Uncorrected,2.6816877298947875e-23,1.538498438135606,0.321,0.111,8.974536156865897e-19,U5,G22595
Uncorrected,3.412003659978105e-23,0.9869158747998891,0.409,0.159,1.1418611448482725e-18,U5,G11846
Uncorrected,3.825544546975025e-23,0.5900196990668163,0.381,0.141,1.2802567380906618e-18,U5,G25443
Uncorrected,3.88672643690461e-23,1.0171028377646156,0.547,0.265,1.3007318693744967e-18,U5,G15945
Uncorrected,5.2629489741972114e-23,0.8866071733658896,0.472,0.204,1.7612985037048386e-18,U5,G29601
Uncorrected,5.423445691392083e-23,0.5879606204457417,0.953,0.842,1.8150103350812744e-18,U5,MZ497416.1:99..1303-df-g
Uncorrected,6.46155908837055e-23,0.8836667075619363,0.318,0.106,2.1624253645140883e-18,U5,G4149
Uncorrected,6.865466996321346e-23,1.30757362306912,0.321,0.113,2.2975971849889018e-18,U5,G17836
Uncorrected,7.95384083441522e-23,1.019924161976113,0.214,0.054,2.6618323736453973e-18,U5,G29751
Uncorrected,9.943869178686592e-23,0.7633029149643291,0.827,0.528,3.327815259339255e-18,U5,G28704
Uncorrected,1.3184446723432868e-22,0.7929515044485229,0.425,0.17,4.412306940464043e-18,U5,G2486
Uncorrected,3.556811484465971e-22,1.1826701831654671,0.403,0.165,1.1903225313913819e-17,U5,G22387
Uncorrected,1.0760789724441724e-21,0.6928566503613252,0.437,0.179,3.601205889181667e-17,U5,G9145
Uncorrected,2.6860073951319335e-21,0.9419684632076089,0.27,0.087,8.988992348548528e-17,U5,G19102
Uncorrected,3.2394057603118286e-21,0.9080186395738203,0.428,0.178,1.0840995317459565e-16,U5,G11650
Uncorrected,3.3369012123080275e-21,0.9840420801277928,0.283,0.093,1.1167273597110044e-16,U5,G7302
Uncorrected,3.3791259612404995e-21,0.8057711451605836,0.431,0.182,1.1308582941887456e-16,U5,G19427
Uncorrected,3.577143615485754e-21,0.6983012636147454,0.56,0.266,1.1971268823584626e-16,U5,G28564
Uncorrected,1.2039124308091065e-20,0.8112834459196376,0.352,0.133,4.029013340945756e-16,U5,G3722
Uncorrected,1.2039124308091065e-20,0.8112834459196376,0.352,0.133,4.029013340945756e-16,U5,G3723
Uncorrected,1.5517972118318448e-20,0.5261000045874161,0.33,0.12,5.193244549116452e-16,U5,G16681
Uncorrected,1.9231467107079625e-20,1.0661346844645407,0.233,0.069,6.436002782055267e-16,U5,G26893
Uncorrected,2.4776251365702745e-20,1.1068521995901848,0.23,0.068,8.291620282046081e-16,U5,G11972
Uncorrected,2.7150474606710487e-20,1.1267867315349909,0.201,0.054,9.086177831881732e-16,U5,G5452
Uncorrected,1.6372624513330704e-19,1.0386210281229493,0.292,0.103,5.4792625196312534e-15,U5,G15081
Uncorrected,2.333233697585013e-19,1.457956901539653,0.239,0.077,7.808399892338004e-15,U5,G14881
Uncorrected,2.944979894428262e-19,1.2117873482302408,0.236,0.074,9.855669714693622e-15,U5,G28586
Uncorrected,3.9206264527294585e-19,1.0303439353504287,0.45,0.207,1.3120768486704406e-14,U5,G32475
Uncorrected,4.700236701348892e-19,0.8010247326631188,0.277,0.096,1.5729812144734202e-14,U5,G19108
Uncorrected,1.1818961834093653e-18,0.7768208444941124,0.314,0.117,3.955333767397782e-14,U5,G21559
Uncorrected,1.2151186443945523e-18,1.1484981624049935,0.233,0.074,4.0665160553308086e-14,U5,G29757
Uncorrected,1.376945514234495e-18,0.7548800335837317,0.368,0.151,4.608085857937161e-14,U5,G9066
Uncorrected,1.5116265215090725e-18,0.9594582454282037,0.264,0.091,5.058809316882262e-14,U5,G17128
Uncorrected,1.5860596675713002e-18,1.0052039136495978,0.236,0.076,5.307907283494113e-14,U5,G3715
Uncorrected,1.7243388230511898e-18,0.801562833134966,0.462,0.223,5.770672305223112e-14,U5,G18692
Uncorrected,2.5292781977134448e-18,1.0171436495614417,0.22,0.069,8.464482416467814e-14,U5,G997
Uncorrected,2.5989784587142696e-18,0.7205185345795875,0.673,0.381,8.697741309933174e-14,U5,G5669
Uncorrected,3.1386551366848345e-18,0.8412397945118159,0.267,0.092,1.0503823280429467e-13,U5,G20378
Uncorrected,3.661648423311777e-18,0.612532326118133,0.327,0.125,1.2254072613455194e-13,U5,G26881
Uncorrected,3.694763690088995e-18,1.2110647665087009,0.208,0.062,1.2364896165251831e-13,U5,G30203
Uncorrected,3.968721550540699e-18,0.5055569028281055,0.478,0.222,1.32817235410395e-13,U5,G5563
Uncorrected,4.04422702886905e-18,0.9332121774918197,0.283,0.104,1.3534410174813162e-13,U5,G2447
Uncorrected,4.863723156887995e-18,1.2205826587864088,0.252,0.088,1.6276935916841364e-13,U5,G29426
Uncorrected,6.752287488683814e-18,0.4950775456390808,0.522,0.248,2.2597205309629253e-13,U5,G24369
Uncorrected,7.256387754699323e-18,0.8515583080839826,0.28,0.1,2.4284227259876754e-13,U5,G26434
Uncorrected,8.26635651504302e-18,0.6526727351062189,0.349,0.141,2.766418871324297e-13,U5,G7786
Uncorrected,9.300794555937182e-18,0.5937503988884025,0.443,0.199,3.112603906089937e-13,U5,G16734
Uncorrected,9.979308403722755e-18,0.7086238876916524,0.327,0.129,3.339675350389857e-13,U5,ENSLOC000323
Uncorrected,1.4676436265446996e-17,0.6931851543253171,0.613,0.348,4.911616160594492e-13,U5,G5204
Uncorrected,1.8183093032256364e-17,0.5584886509926417,0.884,0.701,6.085153914174915e-13,U5,MZ497416.1:18068..18135-df-g
Uncorrected,4.2082135056400956e-17,0.970228404418339,0.252,0.089,1.4083207317975144e-12,U5,G21779
Uncorrected,5.593955347955698e-17,0.6595689746002453,0.399,0.18,1.872073096746854e-12,U5,G12027
Uncorrected,5.65837130737367e-17,0.8763554230554459,0.211,0.066,1.893630541725672e-12,U5,G2734
Uncorrected,6.025650609837248e-17,0.5182020131505818,0.601,0.317,2.0165442330881335e-12,U5,G6178
Uncorrected,6.974900509539474e-17,0.7868257151510658,0.428,0.194,2.33422020452248e-12,U5,G6277
Uncorrected,9.141446077302207e-17,0.5635345258658879,0.739,0.465,3.0592763442299566e-12,U5,G32222
Uncorrected,1.0156759678484607e-16,0.6100349171388362,0.443,0.205,3.3990611940016587e-12,U5,G24936
Uncorrected,1.0318424985424864e-16,0.8612177420330803,0.311,0.125,3.453164105622285e-12,U5,G27352
Uncorrected,1.4085101187733722e-16,0.4827058742852821,0.384,0.167,4.713719963486968e-12,U5,G16981
Uncorrected,1.6255245876313843e-16,0.7376915108119464,0.289,0.111,5.439980584967191e-12,U5,G3312
Uncorrected,1.9968096753333077e-16,0.9196721064291691,0.204,0.065,6.682523259470447e-12,U5,G32430
Uncorrected,3.118411870459297e-16,0.440956962651633,0.594,0.312,1.0436077165679083e-11,U5,G27416
Uncorrected,3.409041805921473e-16,0.54187690790379,0.352,0.149,1.1408699307696802e-11,U5,G11299
Uncorrected,3.5497317060021986e-16,0.9193006530127596,0.245,0.088,1.1879532127306957e-11,U5,G24661
Uncorrected,4.38164513011314e-16,0.936667503432779,0.261,0.098,1.4663613592436635e-11,U5,G25693
Uncorrected,5.75547083377558e-16,1.2856087274113936,0.252,0.095,1.926125869231336e-11,U5,G16385
Uncorrected,6.595219596216299e-16,0.44336472936452465,0.594,0.325,2.2071561900697466e-11,U5,G7431
Uncorrected,9.81721331249758e-16,0.558700915311072,0.425,0.197,3.2854286071604406e-11,U5,G11432
Uncorrected,1.0289435274814117e-15,0.5651055188140841,0.525,0.27,3.443462409069293e-11,U5,G937
Uncorrected,1.382972075694601e-15,0.9600056308721753,0.324,0.138,4.6282543485195514e-11,U5,G25305
Uncorrected,1.4243112790365614e-15,0.7613828660109307,0.252,0.093,4.766600126423757e-11,U5,G10452
Uncorrected,1.51976999152552e-15,0.6958531255906759,0.223,0.077,5.086062253639305e-11,U5,G1312
Uncorrected,1.609030675575041e-15,0.4790282839016885,0.349,0.149,5.384782058879432e-11,U5,G24512
Uncorrected,1.609030675575041e-15,0.4790282839016885,0.349,0.149,5.384782058879432e-11,U5,G24513
Uncorrected,1.86718553179591e-15,0.7051450374324609,0.368,0.165,6.248723100708193e-11,U5,G15727
Uncorrected,2.0684927022210277e-15,0.44979019129327746,0.292,0.117,6.922417677252892e-11,U5,G19889
Uncorrected,3.1875071124507847e-15,0.9383648023841892,0.311,0.132,1.0667311302527795e-10,U5,G8036
Uncorrected,3.837985487574818e-15,1.2755820992856055,0.223,0.08,1.2844202232717887e-10,U5,G22806
Uncorrected,4.108231614804695e-15,0.45786841881430473,0.61,0.345,1.3748607922105394e-10,U5,G29652
Uncorrected,5.612677771383499e-15,0.46928845180477685,0.371,0.166,1.8783387429712016e-10,U5,G222
Uncorrected,5.6668081812383134e-15,0.7725748468344168,0.242,0.09,1.896454025933214e-10,U5,G19079
Uncorrected,7.975475516726817e-15,0.861504438682619,0.472,0.239,2.6690726364277966e-10,U5,G9148
Uncorrected,8.713947389215297e-15,0.7167782207959599,0.245,0.091,2.9162096332747914e-10,U5,G25366
Uncorrected,9.001332983687525e-15,0.6241517202091338,0.226,0.081,3.012386096320867e-10,U5,G31279
Uncorrected,9.020158179622793e-15,0.6233863998591231,0.475,0.238,3.0186861363925635e-10,U5,G1381
Uncorrected,1.0565428273232877e-14,0.7754553378492881,0.591,0.347,3.5358262259201147e-10,U5,G20367
Uncorrected,1.1473435079669274e-14,0.7535895573376996,0.239,0.089,3.839699783762119e-10,U5,G23335
Uncorrected,1.3278667726821581e-14,0.5408924986099362,0.333,0.142,4.4438389414581106e-10,U5,G30123
Uncorrected,1.4540107683465396e-14,0.37192139672592095,0.318,0.136,4.86599243734853e-10,U5,G4449
Uncorrected,1.5397662652715763e-14,0.7359329780756172,0.365,0.167,5.152981783357857e-10,U5,G2464
Uncorrected,1.780187764778197e-14,1.2097571523737143,0.267,0.109,5.957576373606714e-10,U5,G28476
Uncorrected,1.8476546294079694e-14,0.47386421111684607,0.604,0.324,6.183360982776711e-10,U5,COX1
Uncorrected,1.9985307827269938e-14,0.5792491625393728,0.346,0.156,6.688283117474157e-10,U5,G21342
Uncorrected,2.0335070538618092e-14,0.3987525582255418,0.692,0.428,6.805334706453931e-10,U5,G29650
Uncorrected,2.5648965285320513e-14,0.44292997352656904,0.415,0.197,8.583682722385363e-10,U5,G5571
Uncorrected,3.900342310187328e-14,0.9463570678095308,0.208,0.074,1.3052885575272914e-9,U5,G16386
Uncorrected,4.4798896259066275e-14,0.8014604285607945,0.211,0.075,1.499239862205912e-9,U5,G24353
Uncorrected,4.6221004809980195e-14,0.8467533137829311,0.258,0.104,1.5468321469707972e-9,U5,G24784
Uncorrected,5.446153678645272e-14,0.5282680374554232,0.497,0.259,1.8226097900954267e-9,U5,G22649
Uncorrected,5.599457563589277e-14,0.4764289245412141,0.522,0.283,1.8739144682307873e-9,U5,G20327
Uncorrected,6.656241263351567e-14,0.5040670019325855,0.447,0.221,2.2275777011932353e-9,U5,ND5
Uncorrected,7.044719972224262e-14,1.1124443503498054,0.255,0.104,2.3575859859045718e-9,U5,G7797
Uncorrected,8.004246676662798e-14,0.46340496368757744,0.811,0.514,2.678701192811972e-9,U5,G4818
Uncorrected,8.136882629057407e-14,0.384888932437524,0.519,0.272,2.7230891406403518e-9,U5,G6174
Uncorrected,8.72594455664867e-14,0.5388735430902023,0.475,0.247,2.920224605328044e-9,U5,G12478
Uncorrected,1.0335674723799078e-13,0.8668840228716856,0.226,0.086,3.4589369030665995e-9,U5,G17159
Uncorrected,1.0980508916260444e-13,0.6540754429606188,0.314,0.136,3.6747371139157202e-9,U5,G9205
Uncorrected,1.1992353094288532e-13,0.44232898520293396,0.406,0.195,4.0133608865346e-9,U5,G17226
Uncorrected,1.2346229489569475e-13,0.36208136019305526,0.513,0.278,4.1317891609793205e-9,U5,G13261
Uncorrected,1.259685520602537e-13,0.49848319498329285,0.465,0.235,4.21566356324845e-9,U5,G30215
Uncorrected,1.262727461333782e-13,0.5721483813995835,0.236,0.091,4.225843722099635e-9,U5,G23358
Uncorrected,1.468272235624429e-13,0.5949997689292954,0.292,0.124,4.913719863740714e-9,U5,G1049
Uncorrected,1.5219928273955537e-13,0.6402612571346993,0.428,0.218,5.09350119616196e-9,U5,G28703
Uncorrected,1.7010226531855717e-13,1.0170888975180659,0.217,0.082,5.692642411150834e-9,U5,G32164
Uncorrected,1.9608491408979536e-13,0.47238947761968675,0.431,0.215,6.562177734929092e-9,U5,G15050
Uncorrected,2.1025544168558918e-13,0.3780700593768196,0.381,0.178,7.036408611449927e-9,U5,G19967
Uncorrected,2.2003656289711339e-13,0.5738581960199518,0.434,0.22,7.363743613914797e-9,U5,G25485
Uncorrected,2.2877455520126584e-13,0.4195074407940025,0.557,0.302,7.656169264365562e-9,U5,G28638
Uncorrected,2.400114082004702e-13,0.8072299670096257,0.252,0.103,8.032221786836936e-9,U5,G16238
Uncorrected,2.481168353941486e-13,0.4674915278303162,0.981,0.954,8.303478013300578e-9,U5,G32877
Uncorrected,2.9815643102856654e-13,0.6787422021615142,0.525,0.297,9.978103120802007e-9,U5,G5350
Uncorrected,3.5323754765782393e-13,0.7023738389770273,0.292,0.128,1.1821447769916736e-8,U5,G26330
Uncorrected,3.7856239220931484e-13,0.5709396144216298,0.258,0.106,1.266896901767693e-8,U5,G20738
Uncorrected,4.2289998486096516e-13,0.7580760847923502,0.204,0.075,1.415277089335706e-8,U5,G116
Uncorrected,4.515959159881675e-13,0.28833526309034396,0.453,0.23,1.5113108924460013e-8,U5,G17317
Uncorrected,4.683098388848212e-13,0.47255704347909044,0.311,0.138,1.5672457068119425e-8,U5,G2853
Uncorrected,7.053037756084738e-13,0.5818647533747776,0.437,0.232,2.3603696154513186e-8,U5,G19132
Uncorrected,7.30231243116815e-13,0.6273830483782917,0.274,0.115,2.443791878214733e-8,U5,G1433
Uncorrected,7.624107539777334e-13,0.6381358777532926,0.252,0.103,2.5514838292618826e-8,U5,G5173
Uncorrected,7.773213770064214e-13,0.5351029003059035,0.208,0.076,2.60138372028969e-8,U5,G21360
Uncorrected,7.858392416352604e-13,0.4067683545347005,0.346,0.161,2.6298896060565625e-8,U5,G5820
Uncorrected,8.331526312409269e-13,0.3081590064444588,0.327,0.149,2.788228595710886e-8,U5,G4502
Uncorrected,9.253885386082517e-13,0.4708000665976792,0.252,0.102,3.0969052833063754e-8,U5,G31786
Uncorrected,1.0506122700306184e-12,0.3677070783547536,0.421,0.206,3.5159790228844676e-8,U5,G11100
Uncorrected,1.067885363949638e-12,0.4476873276349682,0.346,0.164,3.573785158993858e-8,U5,G28472
Uncorrected,1.1660503344364246e-12,0.3549915993661387,0.248,0.1,3.902304049224938e-8,U5,G1059
Uncorrected,1.2062780755104255e-12,0.4342457224356715,0.796,0.541,4.03693020750319e-8,U5,G28008
Uncorrected,1.2098722157684986e-12,0.30506654818863155,0.28,0.118,4.048958357290857e-8,U5,G386
Uncorrected,1.3657706395954633e-12,0.4428744391842223,0.214,0.08,4.5706880224701775e-8,U5,G18281
Uncorrected,1.4396167276567775e-12,0.4700352995454249,0.491,0.265,4.8178213407761715e-8,U5,G32117
Uncorrected,1.4429452865495365e-12,0.5948786532940105,0.802,0.54,4.828960695966679e-8,U5,G8115
Uncorrected,1.5700840872863045e-12,0.5120812848514751,0.509,0.272,5.254443406512347e-8,U5,G20574
Uncorrected,1.5708293826905445e-12,0.7665746154626084,0.248,0.104,5.256937612112176e-8,U5,G5681
Uncorrected,1.6075795309105359e-12,0.5749224285604444,0.239,0.096,5.3799256581451993e-8,U5,G28042
Uncorrected,1.6303359068069205e-12,0.6813573887546603,0.264,0.112,5.45608214572004e-8,U5,G8944
Uncorrected,1.6812190171228073e-12,0.4460824506173697,0.267,0.112,5.626367562703187e-8,U5,G20598
Uncorrected,1.7025452826682235e-12,0.37707264046055755,0.522,0.278,5.6977380429774767e-8,U5,G1202
Uncorrected,1.7619111107581002e-12,0.5055254508494889,0.355,0.169,5.8964117232630577e-8,U5,G19578
Uncorrected,2.026407674908214e-12,0.25720938701736173,0.248,0.101,6.781575924847828e-8,U5,G4351
Uncorrected,2.1774858466826995e-12,0.6359023816764305,0.258,0.107,7.287174134508321e-8,U5,G18651
Uncorrected,2.210986469391476e-12,0.42680390470130547,0.465,0.243,7.399287318465514e-8,U5,G6354
Uncorrected,2.4755477782026735e-12,0.9930049998708919,0.217,0.086,8.284668194533067e-8,U5,ATP6
Uncorrected,2.5158113803887868e-12,0.5353712853126182,0.343,0.161,8.419414365609114e-8,U5,G20499
Uncorrected,2.5449850656329664e-12,0.40711190123545826,0.519,0.284,8.517047020647286e-8,U5,CYTB
Uncorrected,2.809452490003228e-12,0.3859677379963756,0.311,0.141,9.402113703044803e-8,U5,G15391
Uncorrected,2.8695498166719855e-12,0.4492189788523089,0.201,0.075,9.603235416474466e-8,U5,G24380
Uncorrected,2.9239284026713074e-12,0.43573594947484573,0.324,0.149,9.785218792379798e-8,U5,G12804
Uncorrected,3.4530085600213743e-12,0.3090237113470413,0.308,0.14,1.1555838446967531e-7,U5,G28563
Uncorrected,3.5583488698876472e-12,0.4841660091293543,0.252,0.104,1.1908370327966e-7,U5,G19973
Uncorrected,4.2039584052552906e-12,0.36433459796926626,0.547,0.307,1.4068967199027355e-7,U5,G5805
Uncorrected,4.367703721670015e-12,0.32473511997227655,0.333,0.154,1.4616957274940872e-7,U5,G12888
Uncorrected,5.3069033694096015e-12,0.509688904338973,0.217,0.085,1.7760082816066173e-7,U5,G23720
Uncorrected,5.67441264989112e-12,0.32305645725156684,0.453,0.234,1.8989989374125622e-7,U5,G26491
Uncorrected,5.682116797941001e-12,0.48474155417894993,0.481,0.261,1.9015772075989355e-7,U5,G2451
Uncorrected,5.798322624767977e-12,0.38853797024104075,0.371,0.183,1.9404666496048514e-7,U5,G9204
Uncorrected,6.3205736436483964e-12,0.31893548580023223,0.34,0.159,2.1152431755833725e-7,U5,G5375
Uncorrected,6.390858675129954e-12,0.4701076829871472,0.201,0.077,2.1387647642189905e-7,U5,G11817
Uncorrected,6.631078297956377e-12,0.44210705608880985,0.513,0.284,2.2191566631940812e-7,U5,G24305
Uncorrected,6.872782783914833e-12,0.5072892907731876,0.409,0.205,2.3000454864649382e-7,U5,G30395
Uncorrected,7.0858390279408455e-12,0.3671350015905128,0.45,0.236,2.3713468890906834e-7,U5,G5261
Uncorrected,7.338847051358845e-12,0.8596438305938066,0.292,0.136,2.4560185542077514e-7,U5,G11849
Uncorrected,8.130497924663137e-12,1.0204962783142002,0.248,0.11,2.720952435467765e-7,U5,G20411
Uncorrected,8.249596892587927e-12,0.4006762788694654,0.233,0.095,2.760810096073476e-7,U5,G287
Uncorrected,9.836427200935734e-12,0.43624998092934497,0.324,0.153,3.2918587270651527e-7,U5,G7790
Uncorrected,1.0253921783657006e-11,0.44702979144757443,0.242,0.102,3.4315774641186536e-7,U5,G25815
Uncorrected,1.13742428450999e-11,0.9103065346954724,0.286,0.131,3.8065041105411325e-7,U5,G17179
Uncorrected,1.203230652625706e-11,0.48364423515687527,0.396,0.202,4.0267317020771874e-7,U5,G10972
Uncorrected,1.645604046374041e-11,0.3625620719247158,0.324,0.151,5.507178501595366e-7,U5,G20374
Uncorrected,1.7026838466375566e-11,0.4720438235899793,0.283,0.129,5.698201761157247e-7,U5,G23363
Uncorrected,1.7635343945007544e-11,0.7593688610133754,0.208,0.081,5.901844204636224e-7,U5,G20236
Uncorrected,1.7665253495481534e-11,0.728706644356923,0.236,0.099,5.91185373479785e-7,U5,G15812
Uncorrected,1.8094847727995268e-11,0.7242345329047182,0.368,0.19,6.055621740650896e-7,U5,G19887
Uncorrected,1.9591727068472785e-11,0.38060467630971795,0.538,0.309,6.556567380735102e-7,U5,G31923
Uncorrected,2.192138764050126e-11,0.6669258079708144,0.201,0.079,7.336211587770151e-7,U5,G28642
Uncorrected,2.1936029203675056e-11,0.2523394711903313,0.676,0.412,7.341111533301894e-7,U5,G16603
Uncorrected,2.4696842546885443e-11,0.7148152744635913,0.211,0.085,8.265045326740683e-7,U5,G14152
Uncorrected,2.595045897550763e-11,0.5884623195728661,0.236,0.1,8.684580600743383e-7,U5,G20914
Uncorrected,2.6876926247522384e-11,0.30617925778730215,0.381,0.192,8.994632137995841e-7,U5,G28814
Uncorrected,2.8384988184444294e-11,0.43483767091734293,0.318,0.152,9.499320145806127e-7,U5,G19321
Uncorrected,2.974179335222217e-11,0.3977447578070575,0.252,0.109,9.953388563254673e-7,U5,G3454
Uncorrected,3.019261065229196e-11,0.392424419361308,0.748,0.474,1.0104259080896026e-6,U5,G1940
Uncorrected,3.44479593166838e-11,0.35243741749471413,0.255,0.112,1.1528354064921402e-6,U5,G28698
Uncorrected,3.94449292042702e-11,0.4316340116429991,0.399,0.206,1.3200640007501065e-6,U5,G6405
Uncorrected,3.969481084881313e-11,0.5281264465042108,0.346,0.172,1.3284265398663801e-6,U5,G25045
Uncorrected,4.1601028214789734e-11,0.2913886515425518,0.346,0.168,1.3922200102361531e-6,U5,G28158
Uncorrected,4.9725177342695125e-11,0.29002395895965605,0.418,0.22,1.664102784950635e-6,U5,G988
Uncorrected,5.0527510617464054e-11,0.8227508366523559,0.28,0.13,1.690953670324052e-6,U5,G17177
Uncorrected,5.3200918914522065e-11,0.6463842667306094,0.211,0.086,1.7804219523933955e-6,U5,G23042
Uncorrected,5.4532595446241397e-11,0.25534886863341844,0.355,0.179,1.8249878392039146e-6,U5,G6580
Uncorrected,5.855159361427544e-11,0.5268909403385782,0.509,0.292,1.959487631895342e-6,U5,G32883
Uncorrected,6.532341326709001e-11,0.48760544511575643,0.223,0.093,2.1861133483964346e-6,U5,G24712
Uncorrected,7.321349689817917e-11,0.4134107067779891,0.377,0.194,2.450162887194464e-6,U5,G14187
Uncorrected,8.288120409840964e-11,0.5387820796340859,0.245,0.108,2.773702376357377e-6,U5,G8535
Uncorrected,8.672662721257268e-11,0.6514846466438216,0.469,0.264,2.902393306295957e-6,U5,G2092
Uncorrected,1.0041929084958885e-10,0.7165644031351939,0.214,0.09,3.3606319875723403e-6,U5,G10715
Uncorrected,1.0066709684650642e-10,0.3782791965779937,0.314,0.155,3.368925063065184e-6,U5,G26212
Uncorrected,1.0330087413884092e-10,0.355682489057485,0.626,0.387,3.45706705393045e-6,U5,G23778
Uncorrected,1.0762185902618955e-10,0.2931287751989117,0.333,0.163,3.6016731341704594e-6,U5,G24817
Uncorrected,1.2798503975258813e-10,0.2666746381741063,0.522,0.298,4.283147340360114e-6,U5,G15038
Uncorrected,1.318094378593154e-10,0.7361759386460162,0.22,0.094,4.4111346473998495e-6,U5,G6498
Uncorrected,1.360403890591067e-10,0.250661046360644,0.226,0.096,4.552727660252065e-6,U5,ND1
Uncorrected,1.3995640651276537e-10,0.32061762294673124,0.456,0.249,4.683781100356206e-6,U5,G26324
Uncorrected,1.447934207671642e-10,0.5655968375727742,0.239,0.107,4.845656619393917e-6,U5,G7410
Uncorrected,1.4623023611651134e-10,0.35854915405691856,0.33,0.161,4.8937410818751685e-6,U5,G25420
Uncorrected,1.4732533363824414e-10,0.28970587672134895,0.519,0.289,4.930389615537478e-6,U5,G15884
Uncorrected,1.5559969436612666e-10,0.6970110677516,0.223,0.095,5.207299371656795e-6,U5,G32202
Uncorrected,1.584854836565001e-10,0.36072043582068813,0.585,0.358,5.303875196048433e-6,U5,G23987
Uncorrected,1.611009271361075e-10,0.5971184899037474,0.236,0.102,5.3914036275369735e-6,U5,G2902
Uncorrected,1.861701673813032e-10,0.25726335531748323,0.381,0.197,6.230370821582693e-6,U5,G1767
Uncorrected,2.2228115354472167e-10,0.4573867285149906,0.274,0.128,7.438861084527655e-6,U5,G1172
Uncorrected,2.281502162027008e-10,0.3898772221951224,0.226,0.097,7.635275135439585e-6,U5,G3000
Uncorrected,2.2858896555888517e-10,0.2676235857183973,0.412,0.218,7.649958321393651e-6,U5,G25775
Uncorrected,2.5327606160196254e-10,0.3482339171070847,0.371,0.192,8.476136677571279e-6,U5,G20096
Uncorrected,2.595731240084578e-10,0.2664085614042295,0.352,0.177,8.68687416806705e-6,U5,G23786
Uncorrected,2.951447747210164e-10,0.4336718361113924,0.308,0.151,9.877315030813534e-6,U5,G1368
Uncorrected,3.3278128873718557e-10,0.27469143148124564,0.547,0.31,1.1136858608878652e-5,U5,G31927
Uncorrected,3.4192775632969687e-10,0.45942936472768126,0.23,0.101,1.1442954293329635e-5,U5,G24384
Uncorrected,3.6056688461778445e-10,0.42303181553767655,0.33,0.165,1.2066731360618774e-5,U5,G7023
Uncorrected,3.7450635992506793e-10,0.4595127031923224,0.248,0.112,1.2533229841252323e-5,U5,G21588
Uncorrected,3.786833952337785e-10,0.39486829387162836,0.475,0.27,1.2673018504893632e-5,U5,G3264
Uncorrected,4.019846342121667e-10,0.6391773356412919,0.283,0.138,1.3452817768544371e-5,U5,G4344
Uncorrected,4.5377378393195347e-10,0.7540420571134697,0.226,0.099,1.5185993453066755e-5,U5,G16867
Uncorrected,4.985737122884097e-10,0.2532345754124036,0.258,0.119,1.6685267855443917e-5,U5,G23683
Uncorrected,6.838640220939775e-10,0.4808579416235994,0.522,0.313,2.2886193363397052e-5,U5,G4562
Uncorrected,7.399299159680229e-10,0.3767205776434568,0.582,0.362,2.4762494567785855e-5,U5,G23780
Uncorrected,8.290166505102342e-10,0.39006184701621693,0.701,0.455,2.77438712259755e-5,U5,G20534
Uncorrected,8.302165808247869e-10,0.3647746568918854,0.292,0.144,2.7784028093882317e-5,U5,G12546
Uncorrected,8.52245665124996e-10,0.47582207437574076,0.255,0.119,2.8521253429073117e-5,U5,G24101
Uncorrected,8.934269768379513e-10,0.35757249625536613,0.226,0.101,2.989942720685888e-5,U5,G13861
Uncorrected,9.180955915409473e-10,0.252412289310463,0.459,0.254,3.0724987066509345e-5,U5,G3526
Uncorrected,9.817567929753934e-10,0.25025955461734806,0.296,0.143,3.2855472833714514e-5,U5,G28554
Uncorrected,1.0432079897332753e-9,0.330188565737525,0.73,0.476,3.491199858441379e-5,U5,G27591
Uncorrected,1.0751586415478501e-9,0.31129339412988233,0.381,0.205,3.598125909804035e-5,U5,G4052
Uncorrected,1.1155401790695823e-9,0.39732334666054303,0.211,0.092,3.733266763274264e-5,U5,G8415
Uncorrected,1.1295945341426323e-9,0.29314742687453,0.208,0.091,3.780301067961733e-5,U5,G32174
Uncorrected,1.3643202234653e-9,0.3847304064654291,0.28,0.136,4.565834059848973e-5,U5,G24792
Uncorrected,1.4751316581535393e-9,0.2763803154765865,0.226,0.1,4.9366756071766346e-5,U5,G16416
Uncorrected,1.4826104881131384e-9,0.31465085680530275,0.277,0.132,4.961704259519429e-5,U5,G26985
Uncorrected,1.486997172984705e-9,0.4355552779047642,0.274,0.131,4.9763847391106135e-5,U5,G3494
Uncorrected,1.5414822751975494e-9,0.49054947699790163,0.261,0.125,5.158724582176119e-5,U5,G12207
Uncorrected,1.5693995646048928e-9,0.3569452094149293,0.204,0.088,5.252152582906734e-5,U5,G14366
Uncorrected,1.7267535728421424e-9,0.37586003697187254,0.733,0.494,5.7787535068735136e-5,U5,G30487
Uncorrected,2.0025492703726545e-9,0.5718617481338868,0.217,0.097,6.701731388229125e-5,U5,G13213
Uncorrected,2.241356628956823e-9,0.4456499325455515,0.223,0.099,7.500924094466904e-5,U5,G3438
Uncorrected,2.491329423484528e-9,0.38845729995752887,0.324,0.167,8.33748304863332e-5,U5,G11860
Uncorrected,2.5140310125894786e-9,0.289307240121337,0.616,0.371,8.41345618673195e-5,U5,G16953
Uncorrected,2.6519379839532044e-9,0.26110857994776926,0.469,0.27,8.874975657097795e-5,U5,G3529
Uncorrected,3.0210317994951353e-9,0.495613315146495,0.308,0.161,1.0110185020190419e-4,U5,G12356
Uncorrected,3.4633494400426064e-9,0.5689252984880337,0.217,0.097,1.1590445236046587e-4,U5,G2800
Uncorrected,3.479134710883474e-9,0.41640994066049064,0.881,0.756,1.1643272223442633e-4,U5,G7036
Uncorrected,3.6842083078336774e-9,0.48978084870078975,0.327,0.172,1.2329571522996184e-4,U5,G23461
Uncorrected,3.7122312937942335e-9,0.619621291190632,0.261,0.127,1.2423353247811782e-4,U5,G4972
Uncorrected,3.789552383117669e-9,0.42864468894255625,0.201,0.088,1.268211600534159e-4,U5,G20869
Uncorrected,3.881741573503836e-9,0.531818123116254,0.248,0.122,1.2990636349887938e-4,U5,G18691
Uncorrected,5.084498201529133e-9,0.3633545306120968,0.255,0.124,1.7015781681237397e-4,U5,G11910
Uncorrected,5.585199947565538e-9,0.31488188243979925,0.399,0.225,1.869143014452283e-4,U5,G24104
Uncorrected,6.3119891869028345e-9,0.3315081006671634,0.566,0.343,2.1123703012889027e-4,U5,G32162
Uncorrected,6.911634880370794e-9,0.4881838746950574,0.233,0.111,2.31304772906489e-4,U5,G28274
Uncorrected,7.69448625761873e-9,0.36488927742032073,0.233,0.11,2.5750367709746844e-4,U5,G9091
Uncorrected,8.027863766240419e-9,0.29022300640761034,0.362,0.196,2.6866048880100184e-4,U5,G14250
Uncorrected,8.078326877044629e-9,0.3052048739212546,0.283,0.143,2.7034928726717557e-4,U5,G15623
Uncorrected,1.0889947235520133e-8,0.5016819265044181,0.23,0.109,3.644429741839168e-4,U5,G25729
Uncorrected,1.1831165796129357e-8,0.2746339259107475,0.239,0.114,3.9594179453326505e-4,U5,G23688
Uncorrected,1.2339636063913597e-8,0.33423843120633284,0.22,0.102,4.1295826051493243e-4,U5,G16185
Uncorrected,1.3277566347151046e-8,0.3074353144728452,0.261,0.129,4.443470353737569e-4,U5,G4050
Uncorrected,1.4074339682448986e-8,0.6111152619991561,0.211,0.099,4.710118518128378e-4,U5,G24225
Uncorrected,1.4267591189931787e-8,0.9124066096309408,0.208,0.098,4.7747920676225716e-4,U5,G26126
Uncorrected,1.4438757592321605e-8,0.3361341513661471,0.242,0.117,4.832074615846348e-4,U5,G16149
Uncorrected,1.507951899623092e-8,0.5018392579960197,0.233,0.112,5.04651182727864e-4,U5,G10825
Uncorrected,1.5731348904228892e-8,0.3133235957297049,0.377,0.213,5.264653224289241e-4,U5,G27449
Uncorrected,1.602165391727619e-8,0.4662505794471543,0.34,0.186,5.361806699955649e-4,U5,G734
Uncorrected,1.6765195659599062e-8,0.29258568174488464,0.314,0.167,5.610640379441422e-4,U5,G24810
Uncorrected,1.6770106334864382e-8,0.3053057499077507,0.34,0.182,5.612283786025714e-4,U5,G21826
Uncorrected,1.7033426253423418e-8,0.255247198733079,0.264,0.132,5.700406429970681e-4,U5,G24036
Uncorrected,1.712627300675335e-8,0.48352957632102983,0.245,0.119,5.731478524440076e-4,U5,G23329
Uncorrected,1.7310322423014604e-8,0.3366131489372275,0.39,0.223,5.793072502086067e-4,U5,G17750
Uncorrected,1.7648997332409415e-8,0.4559419265669282,0.236,0.115,5.906413447264135e-4,U5,G26465
Uncorrected,2.0782981897621982e-8,0.3509806077856204,0.201,0.092,6.955232721858173e-4,U5,G12028
Uncorrected,2.078675040179545e-8,0.414798487706443,0.255,0.129,6.956493889464866e-4,U5,G2847
Uncorrected,2.080938719962747e-8,0.44777990299280035,0.22,0.103,6.964069520227329e-4,U5,G13522
Uncorrected,2.155355523977773e-8,0.3899690413124307,0.204,0.095,7.213112796544015e-4,U5,COX2
Uncorrected,2.198699177101542e-8,0.2519233270691792,0.443,0.255,7.35816666608802e-4,U5,G11062
Uncorrected,2.2579175184593407e-8,0.28169166683992497,0.28,0.144,7.556346767276029e-4,U5,G2827
Uncorrected,2.4953244143472284e-8,0.33594668275811435,0.204,0.094,8.350852685054434e-4,U5,G15272
Uncorrected,2.6751397019506285e-8,0.2642863589860741,0.292,0.15,8.952622526547973e-4,U5,G30940
Uncorrected,2.973228369017924e-8,0.6324087594197616,0.258,0.132,9.950206059755385e-4,U5,G18690
Uncorrected,3.0154255735997084e-8,0.3027769132086493,0.544,0.331,0.0010091423224608785,U5,G23279
Uncorrected,3.1038548051242925e-8,0.3345912670018727,0.846,0.647,0.0010387360490828957,U5,G32229
Uncorrected,3.2588197215313936e-8,0.32096397589304854,0.217,0.104,0.0010905966080076962,U5,G13352
Uncorrected,3.479966089616871e-8,0.3121073442031599,0.774,0.56,0.001164605451551182,U5,G4660
Uncorrected,3.5793709899632554e-8,0.26190766424196754,0.406,0.235,0.001197872295501103,U5,G24106
Uncorrected,4.8258055871512155e-8,0.27180827250021844,0.651,0.42,0.0016150040977960258,U5,G1456
Uncorrected,4.9628097329308305e-8,0.36159102082437444,0.311,0.168,0.0016608539052226318,U5,G20483
Uncorrected,5.1294122484327446e-8,0.28679683988119886,0.327,0.176,0.0017166091030605022,U5,G13049
Uncorrected,5.3109913047378814e-8,0.34494433654155543,0.654,0.42,0.0017773763500435794,U5,G13130
Uncorrected,5.320167685446888e-8,0.3450885083375784,0.267,0.137,0.0017804473176116556,U5,G625
Uncorrected,5.336142027625763e-8,0.3061686986601738,0.305,0.163,0.001785793290965238,U5,G26092
Uncorrected,5.6041780402630205e-8,0.3924018019194577,0.311,0.171,0.0018754942229544224,U5,G17405
Uncorrected,6.30737035125755e-8,0.4955636877721658,0.214,0.103,0.0021108245617518515,U5,COX3
Uncorrected,8.131072487154493e-8,0.595100519761971,0.23,0.117,0.0027211447185511227,U5,G1884
Uncorrected,8.770737155846447e-8,0.3637242195418454,0.333,0.193,0.002935214896575572,U5,G23985
Uncorrected,9.682001580419524e-8,0.2976249794870076,0.311,0.17,0.003240178648903198,U5,G10764
Uncorrected,1.0571575009392851e-7,0.4274207376577255,0.311,0.172,0.0035378832926434116,U5,G16197
Uncorrected,1.1047600139428312e-7,0.6237987835566015,0.314,0.176,0.003697189862661079,U5,G17772
Uncorrected,1.1147749756008871e-7,0.27832485845832533,0.78,0.547,0.0037307059333459287,U5,G10863
Uncorrected,1.2661417627091436e-7,0.28966961643723166,0.226,0.112,0.00423727002308242,U5,G19411
Uncorrected,1.2940943638686945e-7,0.2798086961623494,0.456,0.283,0.004330816198122973,U5,G3713
Uncorrected,1.3817366976459856e-7,0.5134041321702109,0.204,0.099,0.004624120032342055,U5,G6859
Uncorrected,1.575176278070157e-7,0.3276695862803587,0.211,0.102,0.005271484932189587,U5,G24596
Uncorrected,1.990734342182323e-7,0.6108877949347404,0.204,0.101,0.006662191549547362,U5,G18611
Uncorrected,2.131648384776831e-7,0.37974919598903756,0.233,0.118,0.0071337744844941426,U5,G5649
Uncorrected,2.4139152062280414e-7,0.2729443323265206,0.283,0.151,0.008078408629162764,U5,G13040
Uncorrected,2.416329403768103e-7,0.3216015209512362,0.871,0.685,0.008086487982650332,U5,G30213
Uncorrected,2.7460564085095535e-7,0.2678057365350809,0.34,0.194,0.009189952376718071,U5,G20484
Uncorrected,2.9600245712293394e-7,0.32670943050142887,0.412,0.248,0.009906018230076107,U5,G31255
Uncorrected,4.2184522214271755e-7,0.27604604399673305,0.204,0.101,0.014117472204228185,U5,G3287
Uncorrected,4.294741081921823e-7,0.3064858559957673,0.462,0.303,0.014372780504759574,U5,G13917
Uncorrected,4.931114017735347e-7,0.27687241109550853,0.296,0.166,0.016502466171753112,U5,G18899
Uncorrected,5.543478652839336e-7,0.40850109990997086,0.27,0.149,0.01855180565959212,U5,G17406
Uncorrected,5.733550496556387e-7,0.49605817992142415,0.245,0.133,0.019187900091775605,U5,G20320
Uncorrected,6.192896064552854e-7,0.44358605299079046,0.204,0.103,0.020725145969632583,U5,G23272
Uncorrected,6.553292179728304e-7,0.264111889628024,0.267,0.143,0.02193124760867874,U5,G26928
Uncorrected,8.01075443191182e-7,0.49054125863187786,0.201,0.101,0.0268087907818361,U5,G6674
Uncorrected,8.047219699895724e-7,0.40260766113897917,0.33,0.193,0.026930825447671027,U5,G27381
Uncorrected,8.886330953735333e-7,0.45680688460119145,0.226,0.119,0.029738995169770667,U5,G3934
Uncorrected,9.374352419466112e-7,0.2761156361071356,0.245,0.129,0.03137220780698529,U5,G23866
Uncorrected,9.59831856431389e-7,0.36527358619130157,0.27,0.149,0.03212173290733287,U5,G27237
Uncorrected,1.0759545688120012e-6,0.27186097516701146,0.211,0.107,0.036007895599862436,U5,G27243
Uncorrected,1.3638740057221757e-6,0.3293139437736976,0.399,0.246,0.04564340747549833,U5,G23411
Uncorrected,1.442658519054957e-6,0.26969586176291616,0.242,0.13,0.04828000999869319,U5,G15513
Uncorrected,1.6529465294187426e-6,0.2951640845058001,0.33,0.192,0.05531750855352764,U5,G29404
Uncorrected,2.114407947942638e-6,0.34434005272462265,0.258,0.144,0.07076077638584832,U5,G4451
Uncorrected,2.1519407296237495e-6,0.400338354461168,0.242,0.131,0.0720168484575884,U5,G21582
Uncorrected,2.3534956939108687e-6,0.3087693393612263,0.352,0.211,0.07876208689242113,U5,G16535
Uncorrected,2.8099752651919658e-6,0.3253598746132033,0.248,0.139,0.09403863222491432,U5,G15941
Uncorrected,3.6963976148550094e-6,0.3360890801915072,0.245,0.136,0.12370364257873774,U5,G10149
Uncorrected,4.198471137950728e-6,0.28490022790264014,0.258,0.142,0.14050603510265905,U5,G7706
Uncorrected,5.551264191654709e-6,0.27518030579172437,0.226,0.123,0.1857786074379165,U5,G13244
Uncorrected,7.2547300650374984e-6,0.4521848805357971,0.239,0.136,0.24278679635654493,U5,G29566
Uncorrected,8.632977607312344e-6,0.35129084362208096,0.22,0.121,0.2889112286063149,U5,G10889
Uncorrected,8.959220567825674e-6,0.32958745640222986,0.321,0.202,0.299829275522854,U5,G17803
Uncorrected,1.0451109040521016e-5,0.659585420301681,0.201,0.111,0.34975681515007634,U5,G1228
Uncorrected,1.3094553250487703e-5,0.3044426482911617,0.217,0.12,0.4382223190808215,U5,G28295
Uncorrected,2.245299388842159e-5,0.294865058014236,0.264,0.162,0.751411893469917,U5,G12405
Uncorrected,3.77135763568805e-5,0.29826792587176876,0.214,0.122,1,U5,G16920
Uncorrected,7.437601362378783e-5,0.3461922570608231,0.544,0.398,1,U5,G1936
Uncorrected,1.8011602281390506e-4,0.25435027745136707,0.252,0.157,1,U5,G3341
Uncorrected,5.663306986419422e-4,0.41598551523094685,0.72,0.569,1,U5,G16819
Uncorrected,6.308325888920562e-4,0.308279960241288,0.893,0.763,1,U5,G13774
Uncorrected,3.0120427332658573e-94,2.548940162034247,0.892,0.495,1.0080102211147518e-89,U6,G24974
Uncorrected,8.659436267081859e-94,2.8232209318468717,0.732,0.217,2.8979669411416147e-89,U6,G12406
Uncorrected,1.6421129845160028e-91,2.6190559157472952,0.671,0.18,5.495495313981255e-87,U6,G24973
Uncorrected,2.0698676393827526e-85,2.2029613771620253,0.424,0.056,6.92701904195832e-81,U6,G8077
Uncorrected,4.33611170915928e-84,2.7253994310332796,0.658,0.178,1.4511231445872448e-79,U6,G12408
Uncorrected,3.4302790632447144e-80,2.6526895881541823,0.644,0.193,1.147977191305476e-75,U6,G2038
Uncorrected,7.223153886971583e-76,2.6257675404991354,0.627,0.182,2.41730067981391e-71,U6,G6506
Uncorrected,2.2049712164168277e-75,3.0578559037789663,0.353,0.045,7.379156672860556e-71,U6,G8071
Uncorrected,1.1171523066834708e-71,3.320702715472308,0.285,0.028,3.738661909546903e-67,U6,G8078
Uncorrected,2.5602255477345526e-70,3.8076588571596712,0.258,0.022,8.568050818048453e-66,U6,G18671
Uncorrected,2.0970882253884217e-59,2.407414700616773,0.522,0.145,7.018115455084892e-55,U6,G12407
Uncorrected,2.0530348378824795e-58,1.9903523476637726,0.586,0.187,6.870686388457505e-54,U6,G17926
Uncorrected,1.8005989116151252e-57,2.298110212295974,0.386,0.076,6.0258843176111785e-53,U6,G5730
Uncorrected,6.005852053221805e-55,2.4379908547544202,0.488,0.134,2.0099184481312094e-50,U6,G12405
Uncorrected,2.021929052883832e-52,2.328061285040792,0.4,0.091,6.766587768381032e-48,U6,G5731
Uncorrected,5.217901482678498e-52,2.4672964358497365,0.488,0.14,1.7462229101931863e-47,U6,G24977
Uncorrected,4.5221171269798365e-49,2.5026865166552534,0.359,0.076,1.5133717177150722e-44,U6,G24283
Uncorrected,1.28507912038179e-46,2.3734195747544096,0.285,0.049,4.300645784269698e-42,U6,G7932
Uncorrected,3.365545060128023e-46,3.2786000973369607,0.234,0.033,1.1263133098224442e-41,U6,G18675
Uncorrected,1.9441495973389097e-39,2.9808887336160916,0.2,0.028,6.506291042454395e-35,U6,G19731
Uncorrected,1.2527614827572979e-29,1.7000145958215498,0.332,0.102,4.192491578195573e-25,U6,G18437
Uncorrected,2.713452534855887e-29,1.5005803042357546,0.532,0.244,9.080840253148711e-25,U6,G9349
Uncorrected,1.1506230783637262e-27,1.2626520417442024,0.553,0.256,3.850675194052046e-23,U6,G15184
Uncorrected,2.587287444100674e-27,2.422286693691974,0.203,0.044,8.658616160427316e-23,U6,G24525
Uncorrected,3.8636825374139234e-26,1.3797645917369832,0.329,0.106,1.2930199979709435e-21,U6,G11423
Uncorrected,6.562132725877276e-25,1.5121853619174237,0.437,0.188,2.196083338042089e-20,U6,G17803
Uncorrected,1.0583047887697288e-24,2.2460983770837966,0.271,0.082,3.541722806096774e-20,U6,G8540
Uncorrected,3.1206241584829973e-24,1.4192392714835977,0.515,0.256,1.0443480808779199e-19,U6,G27058
Uncorrected,2.0540479163536184e-23,2.091501420160725,0.261,0.079,6.874076756869019e-19,U6,G23269
Uncorrected,3.2632638979622845e-23,1.4414550364513417,0.536,0.296,1.0920838960920582e-18,U6,G27044
Uncorrected,7.791887930343236e-23,1.4669355640851474,0.427,0.192,2.607633214768667e-18,U6,G18782
Uncorrected,8.3843583501497e-23,1.1772961757925586,0.325,0.113,2.8059093654610986e-18,U6,G26708
Uncorrected,3.212529800392447e-22,1.3433612551596494,0.451,0.212,1.0751052229993363e-17,U6,G6669
Uncorrected,1.5190286206674043e-21,1.972942420089809,0.275,0.093,5.0835811819255353e-17,U6,G24111
Uncorrected,2.9470251714584537e-21,2.0498109962279454,0.244,0.077,9.862514438802862e-17,U6,G11160
Uncorrected,6.481414808923565e-21,1.6899680375631738,0.329,0.129,2.1690702799543603e-16,U6,G24105
Uncorrected,2.7998076786331086e-20,1.1317589775419514,0.478,0.236,9.369836377313562e-16,U6,G18434
Uncorrected,3.0922580377386614e-20,1.9032413432146085,0.407,0.189,1.0348550749096203e-15,U6,G4723
Uncorrected,4.570307152064784e-20,1.9350105535401712,0.214,0.062,1.5294989915100006e-15,U6,G27767
Uncorrected,4.8845359657005555e-20,0.7265837526385832,0.929,0.847,1.634658806281348e-15,U6,G2045
Uncorrected,1.2090797874521826e-19,0.9751821765428024,0.827,0.612,4.046306416687474e-15,U6,G2047
Uncorrected,1.7069968189456158e-19,1.3642178102178184,0.393,0.178,5.712635554283398e-15,U6,G31523
Uncorrected,1.7481765016148913e-19,0.8960510920657425,0.549,0.292,5.850447480304395e-15,U6,G23776
Uncorrected,1.830695781433255e-19,0.6713042238561586,0.936,0.848,6.126606502144531e-15,U6,G32881
Uncorrected,2.11246294343911e-19,1.5653133205971865,0.359,0.156,7.069568486513326e-15,U6,G10079
Uncorrected,5.322859872640827e-19,1.6554981956878791,0.414,0.208,1.7813482849779792e-14,U6,G11586
Uncorrected,1.3195699302327462e-18,1.5953594504488213,0.227,0.072,4.4160727285169083e-14,U6,G31792
Uncorrected,2.170068306840259e-18,1.7997516289545337,0.207,0.061,7.262350595671611e-14,U6,G12409
Uncorrected,2.5022576996978915e-18,1.4065452129990152,0.386,0.182,8.374055617808963e-14,U6,G10243
Uncorrected,2.8370090489061812e-18,1.3424169889843713,0.258,0.091,9.494334483069426e-14,U6,G17069
Uncorrected,3.90980512727759e-18,1.4725288710541788,0.366,0.167,1.3084553838947181e-13,U6,G10078
Uncorrected,5.366700694378722e-18,1.4784945965933647,0.231,0.075,1.7960200543807831e-13,U6,G22468
Uncorrected,1.123310872366326e-17,1.0536779110646421,0.447,0.222,3.7592721654611464e-13,U6,G27529
Uncorrected,1.0939512453328245e-16,0.9631305037839568,0.512,0.291,3.661017237630831e-12,U6,G28262
Uncorrected,1.2107331509559274e-16,1.350395156781275,0.322,0.14,4.051839562989107e-12,U6,G30734
Uncorrected,1.3088520870263489e-16,1.6774432199033291,0.217,0.073,4.380204394442379e-12,U6,G7689
Uncorrected,5.672915920935369e-16,0.679243437476059,0.593,0.357,1.8984980421002304e-11,U6,G4113
Uncorrected,6.217139866138654e-16,1.624284483956448,0.312,0.139,2.080628027601962e-11,U6,G18779
Uncorrected,6.588447573293629e-16,1.559284689559946,0.241,0.088,2.2048898648784458e-11,U6,G10715
Uncorrected,7.652265558629407e-16,1.532402878534894,0.295,0.124,2.5609071918509174e-11,U6,G15513
Uncorrected,1.156199940184598e-15,1.8628318022601484,0.234,0.085,3.8693387198217757e-11,U6,G4729
Uncorrected,1.4868782118971146e-15,1.3823884982645094,0.217,0.075,4.975986623934884e-11,U6,G325
Uncorrected,1.5019764057816782e-15,1.082387029815718,0.495,0.282,5.026514239588964e-11,U6,G20268
Uncorrected,1.6462442661152294e-15,1.3433091355306295,0.295,0.126,5.509321060981227e-11,U6,G16072
Uncorrected,1.915330321604934e-15,1.7520630919505984,0.207,0.071,6.409844454283072e-11,U6,G18509
Uncorrected,2.019276570271526e-15,0.9840322586750045,0.393,0.192,6.757710970070689e-11,U6,G10059
Uncorrected,1.661018469145235e-14,1.2337106892218614,0.39,0.206,5.558764408841444e-10,U6,G3361
Uncorrected,1.7983145986822667e-14,1.2048799118133737,0.397,0.207,6.018239635950073e-10,U6,G28217
Uncorrected,2.0632146235919577e-14,1.5746416959621048,0.234,0.09,6.904754059312846e-10,U6,G17790
Uncorrected,1.0077984924444214e-13,0.6460244786638532,0.742,0.566,3.3726984348145005e-9,U6,G4660
Uncorrected,1.2802219041050738e-13,1.187977665759061,0.386,0.207,4.28439062427804e-9,U6,G28428
Uncorrected,1.3783903253872838e-13,1.2760352704307012,0.217,0.081,4.612921062941084e-9,U6,G775
Uncorrected,1.885121316043293e-13,1.2146756732494777,0.38,0.207,6.308746996270484e-9,U6,G26870
Uncorrected,2.8850835261073883e-13,1.384488363983707,0.258,0.11,9.655220528470986e-9,U6,G9449
Uncorrected,3.388809240938155e-13,1.7635227078538258,0.237,0.1,1.134098900572363e-8,U6,G27063
Uncorrected,3.4471874103765796e-13,1.3519936798606187,0.254,0.109,1.153635738756626e-8,U6,G13185
Uncorrected,3.758861630233092e-13,1.0324928644422446,0.441,0.247,1.2579406331738067e-8,U6,G20270
Uncorrected,5.726833930943183e-13,1.4265063932587947,0.268,0.121,1.9165422433294455e-8,U6,G23735
Uncorrected,8.178171126288256e-13,0.9780975594602117,0.373,0.191,2.7369067491236278e-8,U6,G24497
Uncorrected,8.589199023518284e-13,1.2367057151693466,0.231,0.093,2.874461345210629e-8,U6,G14350
Uncorrected,1.2877999299027166e-12,0.9057585955871983,0.373,0.195,4.309751245412432e-8,U6,G1230
Uncorrected,1.6764607474000442e-12,1.4630942318091504,0.234,0.098,5.610443537248988e-8,U6,G2813
Uncorrected,2.3504827434812564e-12,0.8879511165428027,0.529,0.339,7.866125549334373e-8,U6,G5363
Uncorrected,6.226915078469861e-12,1.5490581190594948,0.2,0.079,2.083899400160724e-7,U6,G12132
Uncorrected,7.076962226515853e-12,1.2995627213219056,0.217,0.089,2.3683761787257952e-7,U6,G26376
Uncorrected,9.848657274584917e-12,1.1762576842032715,0.305,0.153,3.295951643512588e-7,U6,G17552
Uncorrected,1.0464588200836365e-11,1.1091172537484564,0.339,0.179,3.502079087291898e-7,U6,G16702
Uncorrected,1.4000802157851024e-11,1.3355255470602647,0.207,0.084,4.685508450146424e-7,U6,G16802
Uncorrected,1.5306130463233905e-11,1.3633993249924337,0.227,0.098,5.122349620825858e-7,U6,G4136
Uncorrected,2.6104079071061566e-11,0.7950267472643398,0.58,0.388,8.735991101921464e-7,U6,G2048
Uncorrected,2.888130728732921e-11,1.443499100713942,0.275,0.133,9.665418296777593e-7,U6,G6666
Uncorrected,3.050352627632894e-11,1.12370538058842,0.264,0.125,1.0208310103636243e-6,U6,G9726
Uncorrected,3.6042500942990766e-11,1.4053562876247223,0.241,0.109,1.206198336558129e-6,U6,G2783
Uncorrected,6.516676486864939e-11,0.8664327301086898,0.431,0.264,2.1808709530942203e-6,U6,G3197
Uncorrected,7.338892192119617e-11,0.7712003294089627,0.461,0.283,2.456033661014751e-6,U6,G14351
Uncorrected,1.053750531210583e-10,1.1270707611860642,0.214,0.092,3.526481527749337e-6,U6,G23561
Uncorrected,1.0888646328304649e-10,1.2993811917146871,0.21,0.09,3.6439943802304337e-6,U6,G25587
Uncorrected,1.5056542342845625e-10,1.145512500228592,0.231,0.103,5.0388224604567164e-6,U6,G22861
Uncorrected,1.7187183093124826e-10,0.9821718492810697,0.292,0.148,5.751862693945154e-6,U6,G2952
Uncorrected,1.8534824268635287e-10,0.9201482790789366,0.312,0.163,6.202864289741485e-6,U6,G11816
Uncorrected,1.8973061190611158e-10,0.7324400858134705,0.451,0.269,6.34952465804993e-6,U6,G18819
Uncorrected,2.061632824073919e-10,1.6020861142935665,0.214,0.095,6.899460409045777e-6,U6,G23434
Uncorrected,2.65228137087455e-10,0.7179076818541474,0.38,0.214,8.876124835768768e-6,U6,G18021
Uncorrected,2.7933951848014953e-10,0.7085061236172066,0.447,0.276,9.348376325456683e-6,U6,G25451
Uncorrected,2.860856485493122e-10,0.9891926113891014,0.214,0.091,9.574142314351283e-6,U6,G5007
Uncorrected,3.28686355922965e-10,1.080013904468026,0.244,0.114,1.0999817587317947e-5,U6,G7688
Uncorrected,3.8026375420757397e-10,0.9549114948554125,0.349,0.195,1.272590679831067e-5,U6,G7774
Uncorrected,4.45332458900807e-10,0.9156449860562728,0.4,0.238,1.4903496069574407e-5,U6,G1206
Uncorrected,5.277746816073861e-10,1.214930605657964,0.227,0.106,1.7662507494672786e-5,U6,G5131
Uncorrected,5.349568977957009e-10,0.8841369760981729,0.346,0.195,1.7902867541630926e-5,U6,G19887
Uncorrected,8.273293379799243e-10,0.6637669251968519,0.59,0.419,2.7687403624836144e-5,U6,G11320
Uncorrected,8.273293379799243e-10,0.6637669251968519,0.59,0.419,2.7687403624836144e-5,U6,G11321
Uncorrected,8.273293379799243e-10,0.6637669251968519,0.59,0.419,2.7687403624836144e-5,U6,G11322
Uncorrected,8.500617744841221e-10,0.7284676418879139,0.502,0.337,2.844816734488563e-5,U6,G25341
Uncorrected,8.500617744841221e-10,0.7284676418879139,0.502,0.337,2.844816734488563e-5,U6,G25342
Uncorrected,8.500617744841221e-10,0.7284676418879139,0.502,0.337,2.844816734488563e-5,U6,G25343
Uncorrected,9.411499321629455e-10,0.5239702972127525,0.783,0.632,3.1496523629765136e-5,U6,G24433
Uncorrected,1.3026139589389146e-9,0.8721734197399291,0.434,0.277,4.3593278749849714e-5,U6,G3264
Uncorrected,3.513503003540681e-9,1.0262649569631603,0.285,0.153,1.1758289151649242e-4,U6,G22185
Uncorrected,3.737345576350379e-9,1.243920365825846,0.217,0.102,1.250740070581418e-4,U6,G23396
Uncorrected,3.737345576350379e-9,1.243920365825846,0.217,0.102,1.250740070581418e-4,U6,G23398
Uncorrected,4.084503804534769e-9,0.806658612952649,0.444,0.293,1.366920043225606e-4,U6,G7713
Uncorrected,4.465097441887934e-9,0.9233711167334937,0.2,0.09,1.494289509902216e-4,U6,G31295
Uncorrected,4.676575673438986e-9,0.8416071019990984,0.271,0.14,1.5650628148730912e-4,U6,G31594
Uncorrected,5.081948856380895e-9,0.9174083086171549,0.386,0.239,1.7007250042764304e-4,U6,G25981
Uncorrected,5.281793089609171e-9,0.6399577335003546,0.512,0.34,1.7676048753686053e-4,U6,G18783
Uncorrected,5.2925862136103415e-9,1.1604302523253354,0.281,0.155,1.771216902246837e-4,U6,G2848
Uncorrected,5.912417077163399e-9,0.9154670909752181,0.336,0.195,1.978649499043503e-4,U6,G9145
Uncorrected,6.009242500252334e-9,1.2560917318001217,0.302,0.169,2.011053095134446e-4,U6,G16704
Uncorrected,7.535963893528657e-9,1.243469822599361,0.207,0.096,2.5219856766083004e-4,U6,G15017
Uncorrected,1.2070571020871926e-8,0.8236436726359962,0.264,0.137,4.0395372978449984e-4,U6,G9063
Uncorrected,1.4400662204082701e-8,0.7165075007616659,0.556,0.397,4.819325613218317e-4,U6,G31341
Uncorrected,1.4400662204082701e-8,0.7165075007616659,0.556,0.397,4.819325613218317e-4,U6,G31342
Uncorrected,1.6673296859556113e-8,0.7409649010544597,0.271,0.143,5.579885527019049e-4,U6,G4836
Uncorrected,2.327106543772842e-8,1.4367993746605392,0.203,0.1,7.787894759390193e-4,U6,G19585
Uncorrected,2.9263860548744205e-8,0.748836672316628,0.563,0.422,9.793443571242736e-4,U6,G5109
Uncorrected,3.6248210965600357e-8,0.778930124012533,0.302,0.169,0.0012130826281747816,U6,G19907
Uncorrected,4.009336151679439e-8,0.9527559575467675,0.258,0.14,0.001341764436521041,U6,G2576
Uncorrected,4.2018691576830805e-8,0.7827549069649411,0.258,0.135,0.0014061975323102196,U6,G14647
Uncorrected,4.724999173763107e-8,0.5429275351322915,0.705,0.575,0.0015812682234915612,U6,G24435
Uncorrected,4.848391475210464e-8,0.6985476758046172,0.434,0.284,0.001622562691093934,U6,G25782
Uncorrected,5.50106287968409e-8,0.6493119983578497,0.336,0.199,0.0018409857033150777,U6,G26354
Uncorrected,6.494877489965349e-8,1.1075645942491494,0.268,0.151,0.0021735757007918036,U6,G2739
Uncorrected,6.707945741871932e-8,0.681661659628555,0.292,0.165,0.002244881121974861,U6,G14308
Uncorrected,6.795464603773638e-8,0.6889155986874109,0.366,0.226,0.0022741701842988855,U6,G1769
Uncorrected,6.854422870935854e-8,0.860213383952034,0.305,0.178,0.002293901157987393,U6,G24263
Uncorrected,7.074788531192127e-8,1.0382215185457055,0.359,0.232,0.0023676487298487574,U6,G10034
Uncorrected,7.32368476684416e-8,1.036100451598374,0.295,0.172,0.002450944344072067,U6,G11484
Uncorrected,7.73842402025495e-8,0.6522868467569571,0.708,0.578,0.002589740982618522,U6,G24436
Uncorrected,7.8842023507093e-8,1.0765498807379017,0.21,0.105,0.0026385271586883744,U6,G22080
Uncorrected,8.5524868696010365e-08,0.9712331761236918,0.258,0.141,0.002862175255780683,U6,G17676
Uncorrected,8.836317835527336e-8,0.7606409473699514,0.458,0.319,0.0029571621268375784,U6,G6896
Uncorrected,9.405981112814515e-8,0.8672761980337573,0.261,0.143,0.0031478056392145056,U6,G12173
Uncorrected,1.0997678131977711e-7,0.7571565936751598,0.278,0.156,0.003680482963647661,U6,G15839
Uncorrected,1.3280896269674043e-7,1.1100617708029255,0.224,0.116,0.004444584745609115,U6,G28213
Uncorrected,1.7598359760711935e-7,0.8329442454432288,0.322,0.195,0.005889467077519857,U6,G7351
Uncorrected,1.7903082928734671e-7,0.6358061571733291,0.353,0.221,0.0059914457329303455,U6,G3027
Uncorrected,1.9505296219325704e-7,0.7477665239331099,0.397,0.261,0.00652764243275954,U6,G20472
Uncorrected,2.7247538996498543e-07,1.192270246030056,0.224,0.121,0.009118661400568202,U6,G1636
Uncorrected,3.022536074787557e-7,0.8267207172291137,0.2,0.1,0.010115219227884038,U6,G13213
Uncorrected,3.7233440891937766e-7,0.4875928668911579,0.234,0.124,0.012460543328895892,U6,G14576
Uncorrected,3.8194109243123795e-7,0.8969208921349948,0.281,0.162,0.01278204059930381,U6,G7666
Uncorrected,3.982088369504265e-7,0.9145538387626009,0.261,0.151,0.013326456937382972,U6,G29429
Uncorrected,4.7243214122829776e-7,0.9070250581075401,0.319,0.201,0.015810414038346213,U6,G2014
Uncorrected,5.180938259622579e-7,0.9055403113034599,0.295,0.18,0.017338527979652924,U6,G25045
Uncorrected,6.132237584390998e-7,0.6986913182819962,0.322,0.199,0.020522146299922914,U6,G17304
Uncorrected,6.743640719268744e-7,1.0710181198870206,0.241,0.137,0.02256826803110478,U6,G20882
Uncorrected,6.913798295590665e-7,0.6814122650131713,0.397,0.267,0.023137717376023718,U6,G24369
Uncorrected,7.320633598062507e-7,0.6003121104970881,0.546,0.419,0.024499232399275983,U6,G23250
Uncorrected,7.589123109539135e-7,0.786357968573391,0.305,0.189,0.02539775939838367,U6,G29338
Uncorrected,8.042522194108474e-7,0.794104893732662,0.288,0.171,0.026915104774803418,U6,G7346
Uncorrected,8.5725858695627e-7,1.0045109629558902,0.2,0.104,0.02868901587107853,U6,G28389
Uncorrected,8.843918805885251e-7,0.5847713882075434,0.295,0.177,0.02959705867577558,U6,G12738
Uncorrected,8.997619355418336e-7,0.7871193950337959,0.217,0.115,0.030111432934843002,U6,G10825
Uncorrected,9.544871285140694e-7,0.6380086164238512,0.461,0.323,0.03194286624285185,U6,G6662
Uncorrected,9.60680370747048e-7,0.811680408713505,0.21,0.111,0.03215012928742071,U6,G25457
Uncorrected,9.617101029653118e-7,0.304821176349801,0.424,0.266,0.032184590305837125,U6,G71
Uncorrected,9.681677176191061e-7,0.7634894865586589,0.329,0.206,0.032400700837841,U6,G24264
Uncorrected,9.862788202818458e-7,0.8439031220867892,0.346,0.225,0.03300680699955225,U6,G21859
Uncorrected,1.083253487353577e-6,0.9599577117428226,0.22,0.122,0.03625216120777481,U6,G26540
Uncorrected,1.1027406572917423e-6,0.45845794561957653,0.705,0.605,0.03690431883692545,U6,G7323
Uncorrected,1.1206590347957626e-6,0.8999297776443581,0.247,0.143,0.03750397525847499,U6,G29707
Uncorrected,1.1851746186370384e-6,0.5609621890797492,0.4,0.264,0.039663053787307126,U6,G27271
Uncorrected,1.2197260020337636e-6,0.8372077343593511,0.231,0.127,0.04081935038406193,U6,G9252
Uncorrected,1.2433827482427928e-6,1.080176426765017,0.21,0.114,0.041611047052693306,U6,G12436
Uncorrected,1.4132239153352517e-6,0.9515695093707885,0.22,0.123,0.04729495155060953,U6,G26539
Uncorrected,1.4193366199631017e-6,1.0715509788376976,0.207,0.111,0.047499519323685166,U6,G1228
Uncorrected,1.5770312848506615e-6,0.7568774889242917,0.237,0.133,0.05277692897881224,U6,G17671
Uncorrected,1.6752129094156302e-6,1.1189440377450015,0.2,0.108,0.05606267522650348,U6,G22449
Uncorrected,1.7910677029829096e-6,0.7703704808766274,0.376,0.258,0.05993987174802605,U6,G3360
Uncorrected,1.8478698659624374e-6,0.5209722070153662,0.305,0.186,0.06184081293429893,U6,G26362
Uncorrected,1.8590214255380476e-6,0.9633513850354134,0.251,0.147,0.0622140110270563,U6,G10728
Uncorrected,1.8590214255380476e-6,0.9633513850354134,0.251,0.147,0.0622140110270563,U6,G10729
Uncorrected,2.061816440589886e-6,0.7572859773625364,0.315,0.202,0.06900074900078113,U6,G29357
Uncorrected,2.1587096492275316e-6,0.8824331612844631,0.241,0.139,0.07224337712104857,U6,G17303
Uncorrected,2.3054842818758327e-6,0.882062731614069,0.322,0.21,0.07715533697725661,U6,G7889
Uncorrected,2.441239512426406e-6,0.8300558465356952,0.237,0.135,0.0816985215228621,U6,G30128
Uncorrected,2.7215526978574275e-6,0.9120712099339913,0.237,0.135,0.09107948258649667,U6,G666
Uncorrected,2.988834961084751e-6,0.5982203935380894,0.298,0.183,0.10002435080766227,U6,G1178
Uncorrected,3.109136017932447e-6,0.5141553303657873,0.451,0.317,0.10405034597612728,U6,G21555
Uncorrected,3.2893147672063477e-6,0.6057542317446192,0.336,0.215,0.11008020799932763,U6,G4831
Uncorrected,3.3641085972093136e-6,0.6661913425078234,0.247,0.142,0.11258325831420689,U6,G8036
Uncorrected,3.386956719826148e-6,0.8002840642490393,0.241,0.137,0.11334789358570187,U6,G32563
Uncorrected,3.717271015180744e-6,1.0089819859461011,0.21,0.118,0.12440219179403879,U6,G3075
Uncorrected,5.081030181148941e-6,0.6559448317827382,0.214,0.118,0.17004175604233046,U6,G14822
Uncorrected,5.498062551173444e-6,0.34878930491215687,0.251,0.147,0.18399816133757046,U6,G4449
Uncorrected,6.405193311661222e-6,0.5948716432166654,0.403,0.29,0.21435619936805445,U6,G3393
Uncorrected,7.039930594468241e-6,0.6348385239882565,0.234,0.135,0.23559831727447414,U6,G10734
Uncorrected,8.076814275890095e-6,0.7408077653288511,0.271,0.17,0.2702986665569379,U6,G18899
Uncorrected,1.1242961995467403e-5,0.8538641574944812,0.302,0.2,0.3762569661403121,U6,G32105
Uncorrected,1.2241216994774414e-5,0.5392231534738245,0.434,0.308,0.40966456794712053,U6,G24440
Uncorrected,1.3206390810793504e-5,0.5056117534982598,0.553,0.438,0.4419650748740154,U6,G22633
Uncorrected,1.4939902574986142e-5,0.6455387674146423,0.214,0.123,0.4999787795744862,U6,G9770
Uncorrected,1.5451805698302436e-5,0.5401551235111923,0.42,0.296,0.5171101294993893,U6,G31452
Uncorrected,1.5860806135556045e-5,0.25375093238891644,0.776,0.674,0.5307977381325186,U6,G31358
Uncorrected,1.7460002708807346e-5,0.5807812435260022,0.271,0.17,0.5843164506529467,U6,G17548
Uncorrected,1.7515136824114756e-5,0.9624223090136402,0.22,0.131,0.5861615689558244,U6,G28214
Uncorrected,1.7541157577474957e-5,0.9025769646113033,0.207,0.121,0.5870323794877769,U6,G6503
Uncorrected,1.800593980921682e-5,0.5429315117087437,0.424,0.301,0.60258678165525,U6,G1232
Uncorrected,1.807485003224841e-5,0.8466162751078325,0.275,0.176,0.6048929311792253,U6,G6433
Uncorrected,1.9382892672494716e-5,0.707642873952264,0.451,0.343,0.6486678861777081,U6,G6230
Uncorrected,2.190986771720819e-5,0.7243033186016581,0.329,0.223,0.7332356330240892,U6,G11528
Uncorrected,2.2929959603040397e-5,0.741771443264974,0.285,0.185,0.7673740280753499,U6,G31550
Uncorrected,2.7358766976007676e-5,0.7600305529087326,0.268,0.172,0.9155884956190729,U6,G9198
Uncorrected,3.0754756744722696e-5,0.8080369693914264,0.22,0.134,1,U6,G3123
Uncorrected,3.39317728642879e-5,0.5989175325649243,0.359,0.256,1,U6,G13549
Uncorrected,3.4862091065754986e-5,0.8515489699895673,0.261,0.165,1,U6,G3098
Uncorrected,3.492589409519767e-5,0.5699519362187324,0.59,0.486,1,U6,G998
Uncorrected,4.810724714807871e-5,0.8399806745636154,0.302,0.204,1,U6,G28814
Uncorrected,4.9625192828140465e-5,0.7930909178756431,0.271,0.178,1,U6,G16197
Uncorrected,5.3199820521527374e-5,0.6253053233945514,0.305,0.207,1,U6,G11852
Uncorrected,5.3703638008810575e-5,0.335033207186604,0.539,0.414,1,U6,G31949
Uncorrected,5.404815563284165e-5,0.5193018441182389,0.359,0.251,1,U6,G30215
Uncorrected,5.6408815807067055e-5,0.27047268953501336,0.708,0.559,1,U6,G29804
Uncorrected,5.7518609801324705e-5,0.39762676206457137,0.214,0.124,1,U6,G596
Uncorrected,7.376845205403331e-5,0.9959462035636111,0.258,0.17,1,U6,G26231
Uncorrected,7.88968116061853e-5,0.5025302117633084,0.247,0.158,1,U6,G7411
Uncorrected,8.263968510492945e-5,0.2763944243722154,0.251,0.155,1,U6,G7786
Uncorrected,8.428539721731192e-5,0.6390435409942695,0.227,0.141,1,U6,G13792
Uncorrected,8.547681395695162e-5,0.8493210115546146,0.237,0.151,1,U6,G3802
Uncorrected,8.658053569815881e-5,0.6769228224294475,0.281,0.191,1,U6,G2001
Uncorrected,9.170851086521435e-5,0.7052756784242652,0.336,0.239,1,U6,G297
Uncorrected,9.170851086521435e-5,0.7052756784242652,0.336,0.239,1,U6,G299
Uncorrected,9.425819239557653e-5,0.7563899371708003,0.285,0.192,1,U6,G19967
Uncorrected,9.663416210704533e-5,0.5633666542463551,0.217,0.132,1,U6,G1549
Uncorrected,9.798917717994956e-5,0.7973986895249515,0.244,0.159,1,U6,G3680
Uncorrected,9.933337898859586e-5,0.7828685954497893,0.214,0.13,1,U6,G28535
Uncorrected,9.994173250481636e-5,0.7196722671610204,0.244,0.156,1,U6,G2846
Uncorrected,1.0620004845922378e-4,0.731212570704104,0.21,0.128,1,U6,G22595
Uncorrected,1.0737062262385159e-4,0.4613513726805831,0.349,0.246,1,U6,G17317
Uncorrected,1.1592326187430219e-4,0.7636687406438416,0.271,0.184,1,U6,G31338
Uncorrected,1.2119664099741274e-4,0.7719357075952398,0.268,0.178,1,U6,G16009
Uncorrected,1.22264818251638e-4,0.6749773952007436,0.244,0.156,1,U6,G31809
Uncorrected,1.3911601465238805e-4,0.5051205147969313,0.231,0.146,1,U6,G32226
Uncorrected,1.4406222026094414e-4,0.7253541488715297,0.247,0.163,1,U6,G10796
Uncorrected,1.6319430470341812e-4,0.4408349732747787,0.437,0.338,1,U6,G27426
Uncorrected,1.8926251908944297e-4,0.8801419479566003,0.231,0.149,1,U6,G9205
Uncorrected,2.0699124407677288e-4,0.9184469262237105,0.207,0.131,1,U6,G1452
Uncorrected,2.0730617664446648e-4,0.9416349057338251,0.241,0.158,1,U6,G14323
Uncorrected,2.156780367871769e-4,0.5545815300746875,0.325,0.233,1,U6,G22683
Uncorrected,2.1760526498567083e-4,0.3922719443943987,0.512,0.407,1,U6,G2120
Uncorrected,2.1997855469655002e-4,0.5149917523762879,0.241,0.155,1,U6,G4777
Uncorrected,2.2991767817573478e-4,0.657016635721985,0.251,0.166,1,U6,G4935
Uncorrected,2.3315007566846206e-4,0.6817949283669449,0.336,0.246,1,U6,G10072
Uncorrected,2.7063811866177194e-4,0.5076790064055289,0.292,0.204,1,U6,G9261
Uncorrected,2.8176033835610327e-4,0.47434053119197195,0.424,0.324,1,U6,G14767
Uncorrected,3.0640002487005325e-4,0.32539045039424597,0.617,0.505,1,U6,G22467
Uncorrected,3.0984999269920545e-4,0.6127387253276819,0.298,0.211,1,U6,G13670
Uncorrected,3.108519750994499e-4,0.49835877343831747,0.38,0.282,1,U6,G26426
Uncorrected,3.149515094276249e-4,0.4995368529527797,0.261,0.176,1,U6,G30647
Uncorrected,3.3175763512155806e-4,0.2893034882351495,0.685,0.591,1,U6,G1512
Uncorrected,3.323261708784224e-4,0.9617313752684359,0.237,0.161,1,U6,G29534
Uncorrected,3.401815893914597e-4,0.9831052373325835,0.227,0.15,1,U6,G27476
Uncorrected,3.7538486929871204e-4,0.5867053535255473,0.258,0.174,1,U6,G5814
Uncorrected,3.817570136588441e-4,0.43944649241258404,0.342,0.251,1,U6,G14029
Uncorrected,3.905707438535457e-4,0.45946021963663775,0.207,0.129,1,U6,G17893
Uncorrected,4.0434926908296725e-4,0.789952783369538,0.237,0.159,1,U6,G2614
Uncorrected,4.162409769641347e-4,0.5533813814448545,0.281,0.196,1,U6,G30670
Uncorrected,4.2529806521908995e-4,0.5067693482317531,0.342,0.253,1,U6,G7715
Uncorrected,4.489162606864052e-4,0.6022179742328551,0.207,0.132,1,U6,G10147
Uncorrected,4.50980774288558e-4,0.7338224231205772,0.22,0.144,1,U6,G932
Uncorrected,4.54882258461051e-4,0.5669393501110456,0.312,0.227,1,U6,G29709
Uncorrected,4.945639088251539e-4,0.6021124896273735,0.342,0.253,1,U6,G30279
Uncorrected,5.010639740795315e-4,0.7695603471636178,0.227,0.152,1,U6,G13984
Uncorrected,5.340261669845453e-4,0.381425736558608,0.508,0.418,1,U6,G14817
Uncorrected,5.628492128657094e-4,0.6230446258382462,0.234,0.155,1,U6,G17406
Uncorrected,5.736251003630499e-4,0.2512347426278565,0.288,0.196,1,U6,G9204
Uncorrected,5.753292999192466e-4,0.9306653909554606,0.251,0.174,1,U6,G5134
Uncorrected,6.349810309671769e-4,0.5644987842869809,0.217,0.144,1,U6,G25571
Uncorrected,6.393114342551707e-4,0.39792943364149114,0.42,0.329,1,U6,G20178
Uncorrected,6.675578112594067e-4,0.7716186390323728,0.234,0.157,1,U6,G21305
Uncorrected,7.297891006912742e-4,0.5358380931290141,0.224,0.148,1,U6,G24949
Uncorrected,7.750144584281017e-4,0.48889547054768145,0.292,0.21,1,U6,G6633
Uncorrected,7.750144584281017e-4,0.48889547054768145,0.292,0.21,1,U6,G6634
Uncorrected,7.750144584281017e-4,0.48889547054768145,0.292,0.21,1,U6,G6635
Uncorrected,7.813016836698874e-4,0.3939175846087144,0.464,0.374,1,U6,G26423
Uncorrected,7.919545559293098e-4,0.7901025140814848,0.261,0.186,1,U6,G18
Uncorrected,8.160351535819822e-4,0.40278559526669055,0.353,0.265,1,U6,G18954
Uncorrected,8.580541861754313e-4,0.6224700306510853,0.2,0.129,1,U6,G3052
Uncorrected,8.73836964499132e-4,0.42983248110048144,0.373,0.28,1,U6,G22502
Uncorrected,9.23546603424056e-4,0.5933181837051811,0.302,0.222,1,U6,G19919
Uncorrected,9.502730977266429e-4,0.528759113520204,0.21,0.138,1,U6,G21836
Uncorrected,9.554217333318474e-4,0.6841095221291156,0.275,0.198,1,U6,G9200
Uncorrected,9.60899647176626e-4,0.5977425682633956,0.258,0.179,1,U6,G17405
Uncorrected,9.93586765925178e-4,0.5900583151433874,0.241,0.167,1,U6,G15183
Uncorrected,0.0010058174418123656,0.5210803549198715,0.227,0.152,1,U6,G27252
Uncorrected,0.0010779303655021634,0.31625424773926225,0.403,0.316,1,U6,G3256
Uncorrected,0.0010917826079154755,0.46052154065697826,0.41,0.326,1,U6,G8099
Uncorrected,0.0011149016718597527,0.4826899407016063,0.271,0.193,1,U6,G11937
Uncorrected,0.0011491595600193246,0.7267548681754495,0.258,0.186,1,U6,G25893
Uncorrected,0.0012137126928457246,0.47975589942189223,0.329,0.249,1,U6,G21817
Uncorrected,0.0012224565911453922,0.5483163554873401,0.264,0.188,1,U6,G27430
Uncorrected,0.0012843925161210518,0.36498585166787967,0.549,0.461,1,U6,G7327
Uncorrected,0.0013061330949917405,0.5954770770475875,0.231,0.156,1,U6,G10312
Uncorrected,0.0013230946433487546,0.6226442142947318,0.247,0.175,1,U6,G14058
Uncorrected,0.0013370264623324014,0.5530165719117213,0.271,0.195,1,U6,G17200
Uncorrected,0.0014685673877780536,0.5085070477402727,0.254,0.179,1,U6,G2105
Uncorrected,0.0014688523092342603,0.29380262249978273,0.292,0.205,1,U6,G20667
Uncorrected,0.0015302124511678988,0.5147604980645366,0.376,0.294,1,U6,G31683
Uncorrected,0.0015400353594464604,0.4837199144220923,0.251,0.174,1,U6,G32787
Uncorrected,0.001546148535391155,0.49215887217859033,0.359,0.276,1,U6,G27434
Uncorrected,0.0015775171891410846,0.6152036634829936,0.278,0.202,1,U6,G16690
Uncorrected,0.0015854391019941936,0.4682874170898333,0.203,0.134,1,U6,G74
Uncorrected,0.0017505359926970976,0.27771581624598163,0.566,0.47,1,U6,G12098
Uncorrected,0.001787699920128305,0.5123164577156492,0.251,0.176,1,U6,G16747
Uncorrected,0.0019728038814195398,0.36070847593794486,0.241,0.166,1,U6,G7790
Uncorrected,0.0020124937934995033,0.5726793315722818,0.203,0.138,1,U6,G29285
Uncorrected,0.0020467024692816327,0.46797677700902085,0.305,0.229,1,U6,G5361
Uncorrected,0.0021979151270102143,0.6514333445305156,0.417,0.342,1,U6,G31357
Uncorrected,0.0022050208898117423,0.6310293026915119,0.302,0.223,1,U6,G31216
Uncorrected,0.002246895088435409,0.4094384758968299,0.322,0.241,1,U6,G21300
Uncorrected,0.0022523053130640244,0.4642132290268297,0.373,0.292,1,U6,G25370
Uncorrected,0.002270791745572458,0.469034671875483,0.285,0.205,1,U6,G23924
Uncorrected,0.0023562918728579855,0.30414545125526327,0.329,0.243,1,U6,G28609
Uncorrected,0.002401650158594481,0.3754387088543394,0.231,0.161,1,U6,G25069
Uncorrected,0.0025327653292683836,0.3917749071970238,0.346,0.266,1,U6,G6229
Uncorrected,0.0025765182534205795,0.3182692258825588,0.254,0.182,1,U6,G28467
Uncorrected,0.0026352884148881767,0.41776583784698673,0.231,0.161,1,U6,G920
Uncorrected,0.002668741359896798,0.29194837862040357,0.505,0.427,1,U6,G12256
Uncorrected,0.0027885530491076386,0.2542977301249274,0.631,0.542,1,U6,G27098
Uncorrected,0.0028587809488101715,0.4801698541685222,0.38,0.303,1,U6,G20327
Uncorrected,0.002875705401811713,0.28633312407934963,0.468,0.379,1,U6,G2118
Uncorrected,0.002979535829186827,0.45594998613640325,0.22,0.152,1,U6,G14588
Uncorrected,0.0030296361108039056,0.34390251305659314,0.553,0.491,1,U6,G31359
Uncorrected,0.003271091947017295,0.598501605196671,0.278,0.209,1,U6,G21284
Uncorrected,0.003686744876397743,0.2884614867323868,0.214,0.148,1,U6,G28726
Uncorrected,0.004014863740362145,0.2603385692179785,0.447,0.364,1,U6,G26609
Uncorrected,0.004033287211365044,0.37113888465571265,0.329,0.251,1,U6,G21773
Uncorrected,0.005500582900893992,0.45459191959346545,0.217,0.155,1,U6,G2818
Uncorrected,0.006713835676158119,0.4536260562216401,0.231,0.17,1,U6,G6169
Uncorrected,0.007479155592151046,0.304416509330661,0.376,0.296,1,U6,G29355
Uncorrected,0.007947947960393427,0.316771309856379,0.22,0.159,1,U6,G14149
Uncorrected,0.008035547148800433,0.4153132002272606,0.329,0.257,1,U6,G21303
Uncorrected,0.008080196223919697,0.4344074006616915,0.227,0.165,1,U6,G23717
Uncorrected,0.008220153203773726,0.49114878003150997,0.227,0.167,1,U6,G15647
Uncorrected,0.008364012193395425,0.2746919437315696,0.617,0.536,1,U6,G21062
Uncorrected,0.008838699811762007,0.6800861619627476,0.207,0.15,1,U6,G14826
Uncorrected,0.008894277823486224,0.4999193460577478,0.231,0.168,1,U6,G17608
Uncorrected,0.008982639039025785,0.3998023800131596,0.329,0.261,1,U6,G11496
Uncorrected,0.008995339001467612,0.30311094469646893,0.2,0.139,1,U6,G2499
Uncorrected,0.009205564982024354,0.37878132153390087,0.376,0.307,1,U6,G23686
Uncorrected,5.4697065672067114e-216,5.016127303072096,0.83,0.079,1.830491999781398e-211,U7,G18691
Uncorrected,8.5104843847833e-77,6.05960055249422,0.27,0.017,2.848118704211579e-72,U7,G26711
Uncorrected,1.0883305556714983e-74,3.7249062533773807,0.455,0.068,3.6422070376102365e-70,U7,G8077
Uncorrected,2.54850407776416e-56,2.4293304698839053,0.715,0.265,8.528823746645538e-52,U7,G31799
Uncorrected,2.0416425209686453e-52,0.9298591318203426,1,0.988,6.832560860673669e-48,U7,G14031
Uncorrected,1.6931552076542484e-51,3.052379296455917,0.29,0.036,5.666313217935708e-47,U7,G26991
Uncorrected,3.377595187566387e-47,1.8968876629755664,0.84,0.532,1.130346005470967e-42,U7,G20682
Uncorrected,2.5598455753759368e-46,2.9002862408466576,0.55,0.185,8.56677920255311e-42,U7,G20683
Uncorrected,3.953349173625146e-44,4.188873383393435,0.26,0.036,1.3230278344453912e-39,U7,G15649
Uncorrected,5.837854337561821e-38,3.744139332691314,0.28,0.05,1.953696332608439e-33,U7,G25799
Uncorrected,8.657371100238778e-33,3.596189404078048,0.265,0.051,2.897275812405909e-28,U7,G26709
Uncorrected,1.1525158404388315e-31,1.6078368472282536,0.69,0.327,3.8570095116125935e-27,U7,G29838
Uncorrected,4.877926740119685e-31,3.0944646690232096,0.32,0.079,1.6324469628484538e-26,U7,G5089
Uncorrected,1.1906248989455006e-29,2.380974888784746,0.635,0.363,3.9845452868110125e-25,U7,G4113
Uncorrected,2.441947846622031e-29,3.4391179957078366,0.205,0.033,8.172222663505289e-25,U7,G9234
Uncorrected,1.6217288584906674e-28,3.709097371450916,0.225,0.042,5.427277797824868e-24,U7,G31755
Uncorrected,9.007293272976456e-28,2.8977001860712877,0.37,0.119,3.014380766734301e-23,U7,G17893
Uncorrected,9.398194201412718e-25,0.6602171859776922,0.99,0.96,3.14519967144478e-20,U7,G14032
Uncorrected,1.3812256744679355e-24,2.2353935079428773,0.58,0.322,4.622409842174393e-20,U7,G32739
Uncorrected,4.2871142668535535e-23,2.5452451955479423,0.35,0.119,1.4347256605452103e-18,U7,G26708
Uncorrected,8.120826360866715e-23,2.440668215589813,0.41,0.166,2.7177157499276546e-18,U7,G16091
Uncorrected,2.257137931647732e-20,1.6937749596291132,0.665,0.402,7.5537378020522995e-16,U7,G31302
Uncorrected,2.872200621426278e-20,3.245232227895579,0.235,0.063,9.612106599665182e-16,U7,G3621
Uncorrected,3.216633700363987e-19,3.37801909690455,0.24,0.069,1.0764786341638118e-14,U7,G3620
Uncorrected,3.660680914674904e-19,0.5884355540074937,0.99,0.993,1.2250834749051033e-14,U7,G6643
Uncorrected,4.5684287634420956e-18,2.9657387468684813,0.275,0.092,1.5288703699735318e-13,U7,G14438
Uncorrected,2.1017135073633046e-17,1.6563744851351503,0.505,0.272,7.033594423742035e-13,U7,G15184
Uncorrected,4.8527515569978203e-17,1.0520841809736234,0.685,0.467,1.6240218360648905e-12,U7,G32458
Uncorrected,2.345269585468856e-16,3.228782486598385,0.205,0.059,7.848679194730073e-12,U7,G31781
Uncorrected,3.6343799572109535e-16,1.1017104547808776,0.765,0.626,1.2162815964802177e-11,U7,G2047
Uncorrected,4.715598996321419e-16,2.405300886184616,0.225,0.068,1.578122360108926e-11,U7,G8071
Uncorrected,1.6928607728715272e-15,0.8689650046038389,0.78,0.559,5.665327862491853e-11,U7,G29804
Uncorrected,2.1343491077767496e-15,2.316486785948006,0.325,0.138,7.14281272408567e-11,U7,G19704
Uncorrected,3.566500236886012e-15,1.675455160305249,0.53,0.319,1.1935649692762726e-10,U7,G6896
Uncorrected,4.814919604452254e-14,2.2022650117910483,0.325,0.145,1.6113609948259913e-9,U7,G19705
Uncorrected,8.610146514150787e-14,2.4084643041831697,0.23,0.08,2.881471632425702e-9,U7,G9519
Uncorrected,1.8698634577762388e-13,1.37316689569157,0.545,0.361,6.257685047793961e-9,U7,G16602
Uncorrected,9.693247413937737e-13,2.5879972432790743,0.235,0.088,3.2439421795484026e-8,U7,G25564
Uncorrected,4.4601230842355636e-12,2.315154711385253,0.315,0.154,1.4926247913702737e-7,U7,G7786
Uncorrected,9.652891779200531e-12,1.7308095868151547,0.345,0.174,3.23043676282725e-7,U7,G3523
Uncorrected,1.318391868509314e-11,2.2572281946811863,0.31,0.146,4.41213022715327e-7,U7,G4449
Uncorrected,4.6533247550375044e-11,1.1493623546395892,0.675,0.538,1.5572816625208512e-6,U7,G27049
Uncorrected,6.913171998173789e-10,1.1826491552815281,0.63,0.52,2.3135621409088402e-5,U7,G458
Uncorrected,9.718702685113154e-10,1.0183339775549172,0.58,0.433,3.252461040599968e-5,U7,G16603
Uncorrected,1.049262195960876e-9,2.011725495428092,0.245,0.111,3.5114608650026676e-5,U7,G10355
Uncorrected,1.5989897171575983e-8,1.5552652048546896,0.27,0.138,5.351178987439618e-4,U7,G18690
Uncorrected,2.3904354514574197e-8,2.0482406454323367,0.215,0.099,7.9998312818474e-4,U7,G23335
Uncorrected,6.756828981774464e-8,1.6195708949820733,0.53,0.454,0.002261240387040642,U7,G29650
Uncorrected,1.0986626399857572e-7,2.088564908241071,0.215,0.103,0.003676784390976335,U7,G13213
Uncorrected,9.233325718153734e-7,1.075014682623939,0.56,0.532,0.030900247848373287,U7,G19966
Uncorrected,2.153116936924068e-6,1.5572322946340167,0.315,0.207,0.07205621141110086,U7,G10862
Uncorrected,2.2139730992709547e-6,1.201774692856914,0.51,0.438,0.07409282374020176,U7,G17327
Uncorrected,6.488000124590981e-6,0.6678134789407917,0.75,0.755,0.21712741216956177,U7,G15067
Uncorrected,8.376705813140114e-6,0.6117461979025718,0.61,0.473,0.28033483674254706,U7,G5430
Uncorrected,8.89817707474128e-6,1.211586259732065,0.295,0.187,0.2977863939832917,U7,G3521
Uncorrected,1.187378997434543e-5,1.2173394780328852,0.395,0.297,0.39736825528144415,U7,G11034
Uncorrected,2.5134997303204284e-5,0.7067281069449023,0.41,0.295,0.8411678197490345,U7,G6852
Uncorrected,2.727195231309218e-5,1.8077380927140216,0.27,0.179,0.9126831561099429,U7,G22798
Uncorrected,2.9153374903790165e-5,1.2133217956646107,0.35,0.248,0.9756468445302416,U7,G22403
Uncorrected,3.62701234166781e-5,1.7470412362914947,0.32,0.232,1,U7,G19035
Uncorrected,5.245595091059695e-5,1.2304602981767672,0.445,0.367,1,U7,G26565
Uncorrected,5.460073732002358e-5,1.6962503221597454,0.22,0.132,1,U7,G1042
Uncorrected,8.247649005129523e-5,1.4120105330487376,0.265,0.172,1,U7,G21388
Uncorrected,8.754271052551311e-5,0.9150318284015708,0.375,0.274,1,U7,G14517
Uncorrected,9.588289790526128e-5,1.4324016603639864,0.215,0.128,1,U7,G596
Uncorrected,1.0010848929899367e-4,0.8863701931416825,0.405,0.324,1,U7,G252
Uncorrected,1.0925712418717004e-4,1.5620182137692509,0.465,0.434,1,U7,G10994
Uncorrected,1.1369305230260686e-4,0.42611467659494284,0.91,0.936,1,U7,G4112
Uncorrected,1.7005944325314154e-4,1.423046497768189,0.32,0.242,1,U7,G27529
Uncorrected,2.4077134933563011e-4,1.2206509377039845,0.43,0.373,1,U7,G29652
Uncorrected,2.7145918276815835e-4,1.2944618954094564,0.35,0.276,1,U7,G135
Uncorrected,4.079368627180269e-4,1.4595111232382867,0.21,0.13,1,U7,G12531
Uncorrected,4.536990852277364e-4,1.0660081088868896,0.275,0.185,1,U7,G23241
Uncorrected,5.589668129912995e-4,1.1221496773569655,0.37,0.293,1,U7,G7742
Uncorrected,5.719166687870708e-4,1.1213993507327373,0.205,0.123,1,U7,G7260
Uncorrected,6.063601845258985e-4,1.5420121935720887,0.26,0.188,1,U7,G16981
Uncorrected,6.234169526684979e-4,0.26574023722722373,0.21,0.363,1,U7,G6178
Uncorrected,6.53926935545964e-4,1.270568820032624,0.315,0.245,1,U7,G29529
Uncorrected,0.001114072652848853,0.7910847702170187,0.215,0.138,1,U7,G20343
Uncorrected,0.002341383134023775,1.3375106577148943,0.34,0.288,1,U7,G32117
Uncorrected,0.0026857935074751614,1.2993503745391155,0.22,0.156,1,U7,G30734
Uncorrected,0.002709815422159471,1.1665943336869153,0.305,0.236,1,U7,G20254
Uncorrected,0.0032664826819120726,0.6544700825368972,0.515,0.516,1,U7,G1891
Uncorrected,0.003420892872034438,0.990519441235032,0.335,0.273,1,U7,G13515
Uncorrected,0.0037792357172174947,0.3154941133468654,0.15,0.27,1,U7,G22868
Uncorrected,0.004128149724703993,1.5661270379954293,0.22,0.16,1,U7,G20231
Uncorrected,0.006601486281521272,1.274899950792802,0.23,0.17,1,U7,G12405
Uncorrected,0.006721796646626141,0.535390731621721,0.655,0.715,1,U7,G24313
Uncorrected,0.007350142600351244,0.6984709706266501,0.56,0.588,1,U7,G4660
Uncorrected,0.007468831002047859,1.12157921754803,0.26,0.204,1,U7,G14487
Uncorrected,0.007483672945299131,1.1569330683605503,0.265,0.21,1,U7,G16811
Uncorrected,0.008058639921220677,1.1422001215674924,0.245,0.18,1,U7,G20907
Uncorrected,0.009387839577345939,1.0722679470830199,0.235,0.18,1,U7,G19907
Uncorrected,0.009836521285032231,0.9397780102700324,0.355,0.314,1,U7,G14112
Sample-corrected (Harmony),9.85400513058658e-19,1.5758948147699483,0.339,0.222,3.2977413570021046e-14,H0,G11603
Sample-corrected (Harmony),3.582620914594095e-15,0.9798863158030442,0.607,0.55,1.19895991527806e-10,H0,G32888
Sample-corrected (Harmony),2.0044556822135372e-11,0.261805892433697,0.14,0.278,6.708111386095824e-7,H0,G15851
Sample-corrected (Harmony),9.44636787835993e-11,0.2694833913746765,0.125,0.246,3.1613214741719344e-6,H0,G4262
Sample-corrected (Harmony),2.2043945276469276e-10,1.3290589408544147,0.411,0.361,7.377226726223208e-6,H0,G4113
Sample-corrected (Harmony),2.469200124935859e-10,0.3131380715060369,0.104,0.211,8.263425138110346e-6,H0,G20231
Sample-corrected (Harmony),8.683348767800833e-10,0.3322653715685112,0.108,0.214,2.905969498632227e-5,H0,G32752
Sample-corrected (Harmony),1.3468506892845108e-9,0.32790853741616754,0.106,0.209,4.507370516759544e-5,H0,G12110
Sample-corrected (Harmony),2.0829171027024338e-9,0.2866972037876434,0.109,0.213,6.970690375903965e-5,H0,G153
Sample-corrected (Harmony),2.4746849809897392e-9,0.27972847639351917,0.125,0.233,8.28178075738026e-5,H0,G7346
Sample-corrected (Harmony),3.968238310458117e-9,0.29284369676321276,0.126,0.238,1.3280106329779134e-4,H0,G2105
Sample-corrected (Harmony),4.431196329537723e-9,0.3326171605247019,0.116,0.217,1.4829441636430944e-4,H0,G10578
Sample-corrected (Harmony),7.320885675641594e-9,0.2808592687573923,0.206,0.349,2.450007600210216e-4,H0,G27058
Sample-corrected (Harmony),1.045248537755623e-8,0.30502149469375794,0.196,0.335,3.498028756452968e-4,H0,G4863
Sample-corrected (Harmony),1.0537773564647067e-8,0.25371825278936067,0.125,0.231,3.5265713011447874e-4,H0,G6925
Sample-corrected (Harmony),1.0807522900838581e-8,0.32602268352666885,0.204,0.346,3.6168456139946395e-4,H0,G32814
Sample-corrected (Harmony),1.6179141157969895e-8,0.2612129371565526,0.107,0.201,5.414511379926206e-4,H0,G11123
Sample-corrected (Harmony),1.7329936747397775e-8,0.25923514479199294,0.139,0.251,5.79963663188414e-4,H0,G26425
Sample-corrected (Harmony),1.8756114965369044e-8,0.2779310182531438,0.135,0.246,6.276921434310405e-4,H0,G13715
Sample-corrected (Harmony),2.0339949879916433e-8,0.2854256881223405,0.211,0.354,6.806967626812833e-4,H0,G7247
Sample-corrected (Harmony),2.249900394214593e-8,0.28637576712953994,0.13,0.238,7.529516659278557e-4,H0,G2934
Sample-corrected (Harmony),3.3826618072921304e-8,0.4069687561779416,0.208,0.344,0.0011320416004283844,H0,G26715
Sample-corrected (Harmony),4.1964985125696094e-8,1.2872364572485706,0.391,0.342,0.0014044001922165455,H0,G5363
Sample-corrected (Harmony),5.216520889098127e-8,0.25249338104889474,0.205,0.343,0.0017457608807455792,H0,G19088
Sample-corrected (Harmony),6.206267764812748e-8,0.2530460865107893,0.165,0.283,0.002076989570172234,H0,G6733
Sample-corrected (Harmony),9.311817527505434e-8,0.31047596637267094,0.131,0.234,0.0031162928537549683,H0,G21927
Sample-corrected (Harmony),1.0034403282441826e-7,0.35921077549011193,0.134,0.233,0.0033581134025019816,H0,G28467
Sample-corrected (Harmony),1.2927735638007514e-7,0.27244358181092077,0.17,0.288,0.004326396008615595,H0,G1825
Sample-corrected (Harmony),1.6101807457676064e-7,0.25045212505543357,0.111,0.201,0.005388630883785872,H0,G13578
Sample-corrected (Harmony),1.8456991409900094e-7,0.3747705555776253,0.19,0.318,0.006176816745237165,H0,G14029
Sample-corrected (Harmony),2.037263966178927e-7,0.3183785626749893,0.204,0.342,0.0068179075892143975,H0,G30258
Sample-corrected (Harmony),2.154034521782768e-7,0.31155470295753207,0.188,0.32,0.007208691930598212,H0,G22868
Sample-corrected (Harmony),2.6856283691522194e-7,0.2607816249273428,0.137,0.235,0.008987723900204818,H0,G28572
Sample-corrected (Harmony),2.73858859121384e-7,0.3099761415749205,0.152,0.258,0.009164960579356236,H0,G9153
Sample-corrected (Harmony),3.175765078757018e-7,0.2901918385470066,0.273,0.413,0.010628015412568236,H0,G31357
Sample-corrected (Harmony),3.2032498640171997e-7,0.3196009052178037,0.114,0.203,0.01071999599491996,H0,G30771
Sample-corrected (Harmony),3.9647694545282296e-7,0.36204051215464306,0.169,0.282,0.013268497456524173,H0,G802
Sample-corrected (Harmony),4.348636487155728e-7,0.27433711256837356,0.145,0.246,0.01455314686791536,H0,G29338
Sample-corrected (Harmony),4.4380985849650415e-7,0.2998303438247798,0.139,0.238,0.014852540724444007,H0,G3521
Sample-corrected (Harmony),4.4757389663144086e-7,1.1543908498748636,0.307,0.259,0.014978508024667799,H0,G27271
Sample-corrected (Harmony),5.145102729566118e-7,0.30190833574174214,0.125,0.219,0.01721860079476597,H0,G21811
Sample-corrected (Harmony),5.407954399781513e-7,0.3038281540445278,0.151,0.253,0.01809826019430881,H0,G14487
Sample-corrected (Harmony),6.327191321541868e-7,0.2803815371908889,0.287,0.454,0.021174578476672017,H0,G1991
Sample-corrected (Harmony),6.552607091084694e-7,0.28343161279200224,0.287,0.454,0.02192895489102404,H0,G1990
Sample-corrected (Harmony),7.085790992437387e-7,0.29873517145883977,0.123,0.213,0.023713308135290958,H0,G15647
Sample-corrected (Harmony),7.408488676945762e-7,0.26012587734397885,0.12,0.211,0.024793248206266688,H0,G19673
Sample-corrected (Harmony),7.943012519721886e-7,0.35139488587522993,0.158,0.259,0.026582085698501262,H0,G9261
Sample-corrected (Harmony),9.932922039392186e-7,0.46559293217467923,0.154,0.254,0.03324151689702989,H0,G10025
Sample-corrected (Harmony),1.0952119875543336e-6,0.33186932740660646,0.287,0.456,0.03665236437549333,H0,G27688
Sample-corrected (Harmony),1.419819542415003e-6,0.2643284628267204,0.179,0.292,0.04751568080646049,H0,G3315
Sample-corrected (Harmony),1.4493748351166645e-6,0.370633378662955,0.183,0.296,0.048504778232014295,H0,G14495
Sample-corrected (Harmony),1.594849655611447e-6,0.2612777087796858,0.189,0.303,0.053373238574692686,H0,G24446
Sample-corrected (Harmony),1.6473424813341822e-6,0.31905056030726264,0.27,0.423,0.05512996348032974,H0,G10480
Sample-corrected (Harmony),1.7944990700976997e-6,0.30085093421500053,0.194,0.311,0.06005470587988962,H0,G21773
Sample-corrected (Harmony),1.8924200039465393e-6,0.2809952291670159,0.239,0.376,0.06333172785207489,H0,G23686
Sample-corrected (Harmony),1.9332777326124818e-6,0.5394479373793066,0.63,0.642,0.06469907259960932,H0,G2047
Sample-corrected (Harmony),1.9577445868316056e-6,0.2994091042087931,0.145,0.239,0.06551788034290651,H0,G31550
Sample-corrected (Harmony),1.9779998406106504e-6,0.28846303859853717,0.207,0.33,0.06619574266587602,H0,G9349
Sample-corrected (Harmony),2.1238330119062248e-6,0.37456464014984925,0.157,0.26,0.07107619557645371,H0,G23924
Sample-corrected (Harmony),2.1424364846768494e-6,0.4189755029348017,0.141,0.238,0.07169877939619544,H0,G2797
Sample-corrected (Harmony),3.225291081549261e-6,0.3090736277191204,0.208,0.329,0.10793759133512756,H0,G6229
Sample-corrected (Harmony),3.963552065618922e-6,0.31269971019547027,0.125,0.211,0.13264423342800283,H0,G11147
Sample-corrected (Harmony),4.16079922552882e-6,0.35061264573740447,0.152,0.246,0.1392453068815475,H0,G24641
Sample-corrected (Harmony),4.241578925572643e-6,0.43186896681199727,0.131,0.22,0.1419486803232141,H0,G11324
Sample-corrected (Harmony),4.693008309844611e-6,0.2520327966215328,0.186,0.296,0.15705621609725973,H0,G27529
Sample-corrected (Harmony),4.866896522261165e-6,0.457992297307527,0.137,0.227,0.16287555901399214,H0,G22798
Sample-corrected (Harmony),4.878534857254089e-6,0.3766378836197031,0.179,0.291,0.16326504753286536,H0,G25775
Sample-corrected (Harmony),4.9118841389993805e-6,0.3905766936873796,0.154,0.251,0.16438111459575327,H0,G21533
Sample-corrected (Harmony),5.300667337040772e-6,0.29805033818395676,0.222,0.344,0.17739213310140647,H0,G770
Sample-corrected (Harmony),6.035312253713576e-6,0.25846997163059815,0.122,0.204,0.20197775988277852,H0,G2614
Sample-corrected (Harmony),6.258488520385425e-6,0.25666779984830645,0.267,0.414,0.20944657682321863,H0,G27426
Sample-corrected (Harmony),6.286326133351242e-6,0.25223266605211325,0.262,0.402,0.21037819037873265,H0,G14162
Sample-corrected (Harmony),6.746274659126837e-6,0.3780909601318474,0.135,0.223,0.22577082774233873,H0,G5814
Sample-corrected (Harmony),7.230221126452161e-6,0.37974138360286497,0.155,0.248,0.24196658021784803,H0,G31394
Sample-corrected (Harmony),7.230221126452161e-6,0.37974138360286497,0.155,0.248,0.24196658021784803,H0,G31395
Sample-corrected (Harmony),8.219990363185678e-6,0.29850355196093803,0.122,0.203,0.2750901974943719,H0,G22185
Sample-corrected (Harmony),8.592145264575468e-6,0.2962208921881757,0.122,0.204,0.2875447334242826,H0,G13040
Sample-corrected (Harmony),8.87443398438344e-6,0.29375325335791813,0.125,0.207,0.29699180772137623,H0,G2450
Sample-corrected (Harmony),1.0315575515352446e-5,0.3895148122468586,0.159,0.256,0.34522105019678495,H0,G7774
Sample-corrected (Harmony),1.1685621692557747e-5,0.3812659745740976,0.141,0.229,0.39107101556313756,H0,G12738
Sample-corrected (Harmony),1.1915452787005494e-5,0.45676906424923924,0.12,0.201,0.39876254296992586,H0,G14149
Sample-corrected (Harmony),1.2243960253028374e-5,0.2814137547223323,0.195,0.302,0.4097563738278476,H0,G3717
Sample-corrected (Harmony),1.4355120532998933e-5,0.4259969166012183,0.124,0.205,0.4804084637573423,H0,G16849
Sample-corrected (Harmony),1.889317949056125e-5,0.3135950767854334,0.146,0.233,0.6322791448311228,H0,G10635
Sample-corrected (Harmony),1.9535693942050438e-5,0.34445074247549656,0.192,0.298,0.65378153346466,H0,G5541
Sample-corrected (Harmony),2.1619131293188023e-5,0.3975589883154309,0.18,0.272,0.7235058478578303,H0,G12408
Sample-corrected (Harmony),2.1948831442788174e-5,0.2929613426297559,0.138,0.219,0.734539593064349,H0,G20867
Sample-corrected (Harmony),2.4137015999064896e-5,0.3239029376512934,0.239,0.361,0.8077693774247058,H0,G1202
Sample-corrected (Harmony),2.4618779367664247e-5,0.5626971576117706,0.14,0.228,0.8238920703182517,H0,G1533
Sample-corrected (Harmony),2.5144436438296637e-5,0.3285744929292971,0.272,0.421,0.8414837098440353,H0,G5481
Sample-corrected (Harmony),2.820525708545868e-5,0.29039167686669165,0.223,0.328,0.9439171336219602,H0,G3838
Sample-corrected (Harmony),2.9443066885874222e-5,0.3196946172894285,0.132,0.208,0.9853416764026667,H0,G12405
Sample-corrected (Harmony),3.273707254552729e-5,0.42436439256803815,0.128,0.206,1,H0,G22199
Sample-corrected (Harmony),3.70753582270575e-5,0.27903032686344287,0.169,0.265,1,H0,G10151
Sample-corrected (Harmony),4.6339240159817866e-5,0.3854694350083133,0.13,0.207,1,H0,G20359
Sample-corrected (Harmony),4.663376093838037e-5,0.2996643989245149,0.228,0.344,1,H0,G567
Sample-corrected (Harmony),4.917679968455332e-5,0.48459031360818594,0.141,0.224,1,H0,G11665
Sample-corrected (Harmony),5.202013893032721e-5,0.2881143579721812,0.128,0.202,1,H0,G1167
Sample-corrected (Harmony),5.264883247069604e-5,0.5844756653236156,0.185,0.289,1,H0,G2091
Sample-corrected (Harmony),6.20906215537498e-5,0.40328689999401757,0.186,0.287,1,H0,G15027
Sample-corrected (Harmony),6.63394548388758e-5,0.3104876001306429,0.128,0.203,1,H0,G15839
Sample-corrected (Harmony),7.077888610864305e-5,0.4150694496962599,0.172,0.267,1,H0,G27097
Sample-corrected (Harmony),7.507325983307989e-5,0.3399736520178853,0.185,0.278,1,H0,G15182
Sample-corrected (Harmony),8.545283294379134e-5,0.3734094195260247,0.205,0.307,1,H0,G3268
Sample-corrected (Harmony),8.622784805735809e-5,0.39499475336068046,0.132,0.207,1,H0,G7790
Sample-corrected (Harmony),8.662861399225351e-5,0.45538739588774835,0.499,0.476,1,H0,G5430
Sample-corrected (Harmony),9.599914817880099e-5,0.3819546743293638,0.213,0.323,1,H0,G28321
Sample-corrected (Harmony),1.0198358465902574e-4,0.31656255451591786,0.226,0.334,1,H0,G26921
Sample-corrected (Harmony),1.0499771547611779e-4,0.44275433924810437,0.16,0.248,1,H0,G23374
Sample-corrected (Harmony),1.050506356520529e-4,0.39028085910776245,0.209,0.316,1,H0,G32246
Sample-corrected (Harmony),1.1023575471254385e-4,0.499341716566035,0.189,0.285,1,H0,G1769
Sample-corrected (Harmony),1.2148633134859873e-4,0.2914286578506966,0.247,0.361,1,H0,G31452
Sample-corrected (Harmony),1.2591864187996661e-4,0.3664440791931387,0.296,0.444,1,H0,G9923
Sample-corrected (Harmony),1.2862467742357322e-4,0.3022820837031821,0.206,0.307,1,H0,G7715
Sample-corrected (Harmony),1.294095514174404e-4,0.4474914292287957,0.18,0.276,1,H0,G16354
Sample-corrected (Harmony),1.3488468374185764e-4,0.39134552194233674,0.135,0.21,1,H0,G26293
Sample-corrected (Harmony),1.3500585686563856e-4,0.4032811391010285,0.166,0.253,1,H0,G10059
Sample-corrected (Harmony),1.4567122236021384e-4,0.30918439829740163,0.222,0.325,1,H0,G1939
Sample-corrected (Harmony),1.594554798698776e-4,0.4137464051766213,0.17,0.258,1,H0,G18230
Sample-corrected (Harmony),1.6520134075394418e-4,0.35472781551746807,0.171,0.254,1,H0,G394
Sample-corrected (Harmony),1.6731652294697263e-4,0.5396139707148268,0.166,0.252,1,H0,G17304
Sample-corrected (Harmony),2.1456095033923518e-4,1.0634648086904948,0.264,0.228,1,H0,G17979
Sample-corrected (Harmony),2.2771353115787126e-4,0.39048833080972156,0.173,0.262,1,H0,G29475
Sample-corrected (Harmony),2.2774933535665243e-4,0.3191211083766192,0.241,0.352,1,H0,G14351
Sample-corrected (Harmony),2.3017816877084674e-4,0.3907243103923048,0.14,0.211,1,H0,G5774
Sample-corrected (Harmony),3.381017374718777e-4,0.34630863485087326,0.212,0.314,1,H0,G13549
Sample-corrected (Harmony),3.8425452755784403e-4,0.45824509570979277,0.266,0.389,1,H0,G14767
Sample-corrected (Harmony),4.6203453957309167e-4,0.47446454494842527,0.155,0.232,1,H0,G26088
Sample-corrected (Harmony),6.652729417729612e-4,0.2965890981668209,0.283,0.404,1,H0,G15408
Sample-corrected (Harmony),7.049749136516057e-4,0.4910645843877831,0.138,0.207,1,H0,G6169
Sample-corrected (Harmony),8.102336819754846e-4,0.7606895620460334,0.322,0.295,1,H0,G21268
Sample-corrected (Harmony),9.235587015154973e-4,0.33610121048712616,0.328,0.475,1,H0,G2048
Sample-corrected (Harmony),9.716077072396646e-4,0.49053131491262514,0.197,0.282,1,H0,G2038
Sample-corrected (Harmony),0.0014707316126933367,0.45709629356855985,0.144,0.209,1,H0,G21388
Sample-corrected (Harmony),0.001674803978450041,0.8096992728745187,0.357,0.339,1,H0,G1208
Sample-corrected (Harmony),0.002135477894549974,0.47776741696011316,0.268,0.384,1,H0,G21555
Sample-corrected (Harmony),0.002248482341727396,0.349172609282996,0.148,0.213,1,H0,G20344
Sample-corrected (Harmony),0.002407660611356934,0.36158590666795654,0.328,0.447,1,H0,G16731
Sample-corrected (Harmony),0.0024644052226295947,0.5687772164237103,0.166,0.239,1,H0,G24449
Sample-corrected (Harmony),0.0025172018994125385,0.3773141969230933,0.188,0.263,1,H0,G11586
Sample-corrected (Harmony),0.0026027469427362766,0.28876021229821003,0.259,0.361,1,H0,G28262
Sample-corrected (Harmony),0.0027019685849894964,0.6295553415909028,0.145,0.211,1,H0,G25795
Sample-corrected (Harmony),0.0031031034157512666,0.5733796479010544,0.143,0.202,1,H0,G8293
Sample-corrected (Harmony),0.0032145415009761217,0.487277227366147,0.229,0.328,1,H0,G10173
Sample-corrected (Harmony),0.0035338287799203338,0.3155698497748105,0.368,0.515,1,H0,G22633
Sample-corrected (Harmony),0.0035356032929265532,0.37592094080520555,0.215,0.298,1,H0,G14770
Sample-corrected (Harmony),0.0036047138346746313,0.5765540373204021,0.166,0.238,1,H0,G17726
Sample-corrected (Harmony),0.004262956333711331,0.33655277266344363,0.351,0.492,1,H0,G1113
Sample-corrected (Harmony),0.004262956333711331,0.33655277266344363,0.351,0.492,1,H0,G1114
Sample-corrected (Harmony),0.004262956333711331,0.33655277266344363,0.351,0.492,1,H0,G1115
Sample-corrected (Harmony),0.004371035083073814,0.5292153605580823,0.597,0.654,1,H0,G24312
Sample-corrected (Harmony),0.004388271719736806,0.586836702367499,0.142,0.203,1,H0,G3098
Sample-corrected (Harmony),0.004468752852134338,0.5199663429609578,0.193,0.271,1,H0,G15703
Sample-corrected (Harmony),0.004735699915303377,0.4967932934328864,0.173,0.242,1,H0,G26040
Sample-corrected (Harmony),0.004735699915303377,0.4967932934328864,0.173,0.242,1,H0,G26042
Sample-corrected (Harmony),0.005064675886860971,0.4981023319922586,0.178,0.242,1,H0,G4723
Sample-corrected (Harmony),0.006439844417119804,0.320738815929249,0.32,0.435,1,H0,G32620
Sample-corrected (Harmony),0.007530806046028522,0.2685134610180113,0.376,0.526,1,H0,G16289
Sample-corrected (Harmony),0.008484942193541872,0.6410399473242021,0.175,0.242,1,H0,G20683
Sample-corrected (Harmony),0.00893148323968132,0.32344530053706144,0.409,0.541,1,H0,G32228
Sample-corrected (Harmony),0.009361427769898184,0.8896820318111938,0.333,0.333,1,H0,G6896
Sample-corrected (Harmony),0.009845020124587819,0.3248589349059965,0.358,0.503,1,H0,G5109
Sample-corrected (Harmony),2.2281635944962158e-128,2.7700098280779035,0.674,0.14,7.456772285341035e-124,H1,G6764
Sample-corrected (Harmony),4.950165349466927e-104,6.221269366896257,0.244,0.006,1.6566223358526018e-99,H1,G6763
Sample-corrected (Harmony),4.828090941726552e-101,3.1180283469049406,0.406,0.05,1.6157689145582079e-96,H1,G1265
Sample-corrected (Harmony),5.196604238716584e-74,2.0450917771516193,0.419,0.081,1.739095574528892e-69,H1,G3803
Sample-corrected (Harmony),7.248452008196564e-63,3.551101728885501,0.229,0.023,2.4257669490630623e-58,H1,G22141
Sample-corrected (Harmony),2.54712252066144e-59,1.5443604872699397,0.643,0.244,8.524200227645575e-55,H1,G31799
Sample-corrected (Harmony),2.4242348923468378e-56,3.1444008472155303,0.26,0.038,8.112944490727927e-52,H1,G18159
Sample-corrected (Harmony),2.6483667561630976e-56,2.7254629878343435,0.298,0.052,8.863024186175423e-52,H1,G1619
Sample-corrected (Harmony),6.799623474983031e-56,3.7531608024774945,0.211,0.023,2.275561992137821e-51,H1,G8165
Sample-corrected (Harmony),1.0520030637615894e-54,2.3245905096379826,0.324,0.063,3.520633453184535e-50,H1,G30527
Sample-corrected (Harmony),1.0112546590787909e-50,1.7584386253745448,0.594,0.24,3.3842648420730815e-46,H1,G22502
Sample-corrected (Harmony),1.3642151267692633e-50,2.543366503919608,0.275,0.049,4.565482343246017e-46,H1,G32215
Sample-corrected (Harmony),2.48577273453217e-45,1.9233733850913897,0.411,0.126,8.31888703338536e-41,H1,G15360
Sample-corrected (Harmony),7.903071334597538e-41,2.520662332380846,0.303,0.076,2.644841852836412e-36,H1,G11544
Sample-corrected (Harmony),1.1859824629381646e-40,1.3530205750509126,0.722,0.402,3.969008910468862e-36,H1,G5360
Sample-corrected (Harmony),1.9141389532835743e-38,2.4703577239978456,0.219,0.041,6.40585742105881e-34,H1,G16880
Sample-corrected (Harmony),2.1064178826406704e-37,1.9664961161885595,0.37,0.118,7.049338086045268e-33,H1,G31594
Sample-corrected (Harmony),1.7196877325960254e-34,2.2090925328030675,0.208,0.041,5.7551069659058586e-30,H1,G23085
Sample-corrected (Harmony),4.0047033484575235e-34,1.0257208794213413,0.614,0.3,1.3402140225947948e-29,H1,G1208
Sample-corrected (Harmony),5.0145485578285e-25,1.16643723225913,0.434,0.194,1.6781688203628858e-20,H1,G11586
Sample-corrected (Harmony),8.71463364400657e-24,1.4143750328462121,0.326,0.125,2.9164392953032386e-19,H1,G24942
Sample-corrected (Harmony),1.8283711493505126e-23,1.3624104034356632,0.334,0.131,6.118826888416425e-19,H1,G3802
Sample-corrected (Harmony),1.1721515585299806e-22,1.158248323256906,0.609,0.361,3.922722405776433e-18,H1,G6237
Sample-corrected (Harmony),1.3953712544179432e-22,0.903361673245326,0.463,0.218,4.6697494400350884e-18,H1,G1206
Sample-corrected (Harmony),2.417073661273037e-22,1.2286399081872696,0.206,0.058,8.088978714816346e-18,H1,G22215
Sample-corrected (Harmony),1.2392034791162473e-21,0.8623512338637624,0.702,0.449,4.147118363210433e-17,H1,G5430
Sample-corrected (Harmony),4.371632312171533e-21,1.156391940949951,0.391,0.183,1.4630104695913252e-16,H1,G4723
Sample-corrected (Harmony),5.504903963480562e-17,1.1123677062710955,0.35,0.166,1.842271160418405e-12,H1,G22387
Sample-corrected (Harmony),1.475979537133613e-16,1.3045117499553012,0.226,0.086,4.939513118971349e-12,H1,G26211
Sample-corrected (Harmony),2.04739049058747e-16,0.4995613813037654,0.949,0.872,6.851797015800027e-12,H1,G31308
Sample-corrected (Harmony),5.002323480740545e-16,0.8317969187860679,0.53,0.319,1.6740775760646308e-11,H1,G15408
Sample-corrected (Harmony),1.5597480713030668e-15,1.4817223449202825,0.249,0.105,5.2198528954228435e-11,H1,G12290
Sample-corrected (Harmony),2.4063379144033975e-15,0.9644944680445824,0.355,0.175,8.05305046434241e-11,H1,G31523
Sample-corrected (Harmony),2.5070210012006653e-15,0.8409472297266869,0.401,0.209,8.389996482618146e-11,H1,G5684
Sample-corrected (Harmony),3.6388493427152155e-15,1.1881828535406718,0.213,0.082,1.2177773210330741e-10,H1,G4729
Sample-corrected (Harmony),3.928105437889149e-15,0.9710905268380892,0.388,0.209,1.3145797658439827e-10,H1,G29709
Sample-corrected (Harmony),6.720057644609076e-15,0.7769699134487169,0.473,0.279,2.2489344913448735e-10,H1,G7713
Sample-corrected (Harmony),7.603770516266586e-15,1.1740408666843716,0.285,0.131,2.544677840973776e-10,H1,G29707
Sample-corrected (Harmony),8.749625410326314e-15,1.1263467479646798,0.231,0.093,2.9281496398198043e-10,H1,G28389
Sample-corrected (Harmony),2.4350682074305215e-14,1.2407974122495955,0.211,0.083,8.149199262986984e-10,H1,G18917
Sample-corrected (Harmony),2.5481433370794113e-14,0.9497867995401578,0.249,0.106,8.527616491869958e-10,H1,G12436
Sample-corrected (Harmony),3.983882096172907e-14,1.4138194906476307,0.203,0.079,1.333245982305225e-9,H1,G8077
Sample-corrected (Harmony),4.8910985391769394e-14,2.1071517205867316,0.314,0.162,1.6368550371209546e-9,H1,G20907
Sample-corrected (Harmony),5.8395482417202e-14,0.8055583925191363,0.355,0.182,1.9542632145740824e-9,H1,G14487
Sample-corrected (Harmony),1.1081202522899162e-13,0.7344124716798767,0.206,0.079,3.7084352363134334e-9,H1,G19562
Sample-corrected (Harmony),1.7811751566427637e-13,1.1173684257068088,0.306,0.15,5.9608807792206726e-9,H1,G26212
Sample-corrected (Harmony),4.797930521639692e-13,1.089064280672344,0.203,0.082,1.6056754283719394e-8,H1,G26213
Sample-corrected (Harmony),4.797930521639692e-13,1.089064280672344,0.203,0.082,1.6056754283719394e-8,H1,G26214
Sample-corrected (Harmony),5.575602916108418e-13,0.8926936320824419,0.252,0.113,1.865931271904843e-8,H1,G25316
Sample-corrected (Harmony),1.231601146535539e-12,0.48760246626783443,0.82,0.662,4.1216763969958344e-8,H1,G31358
Sample-corrected (Harmony),1.6357509446995978e-12,0.3727503052528287,0.483,0.276,5.474204111531674e-8,H1,G21268
Sample-corrected (Harmony),1.8638789646753107e-12,0.5742088039656985,0.506,0.311,6.237657343182395e-8,H1,G14162
Sample-corrected (Harmony),2.1191669964763273e-12,0.6755903213415078,0.373,0.205,7.092004270407677e-8,H1,G4652
Sample-corrected (Harmony),4.31110610981711e-12,0.853108734416905,0.308,0.16,1.442754770711394e-7,H1,G9198
Sample-corrected (Harmony),4.458495628944992e-12,1.0820203000224473,0.334,0.182,1.492080147182731e-7,H1,G10243
Sample-corrected (Harmony),4.489973533573057e-12,0.7082807788156082,0.643,0.468,1.5026145427455594e-7,H1,G13129
Sample-corrected (Harmony),1.116946857048923e-11,0.6872844794548397,0.404,0.237,3.737974351799926e-7,H1,G7715
Sample-corrected (Harmony),1.2150747699105464e-11,0.9846804878866934,0.208,0.09,4.066369224982635e-7,H1,G27305
Sample-corrected (Harmony),1.511342544605242e-11,0.7923169727717947,0.237,0.109,5.057858959775903e-7,H1,G13185
Sample-corrected (Harmony),1.6346879157327376e-11,0.9568329527886499,0.262,0.129,5.47064657879118e-7,H1,G32563
Sample-corrected (Harmony),2.257035410083354e-11,0.6493381724843399,0.542,0.359,7.553394703384952e-7,H1,G32300
Sample-corrected (Harmony),2.768134490500089e-11,0.4865329452687561,0.725,0.554,9.263838885907598e-7,H1,G9997
Sample-corrected (Harmony),4.371248448629491e-11,0.7271935641936136,0.201,0.087,1.4628820058183455e-6,H1,G5007
Sample-corrected (Harmony),7.071455490402904e-11,0.756946016311224,0.409,0.252,2.3665332944182356e-6,H1,G12406
Sample-corrected (Harmony),7.628949670319208e-11,0.8866182420054383,0.208,0.094,2.553104296669026e-6,H1,G31264
Sample-corrected (Harmony),9.739756121256417e-11,0.7570026717632341,0.332,0.185,3.2595067835396727e-6,H1,G9200
Sample-corrected (Harmony),1.2416428796805396e-10,0.49983763344105947,0.761,0.622,4.155282061138894e-6,H1,G14493
Sample-corrected (Harmony),1.244808525018897e-10,0.5903517372981721,0.324,0.174,4.165876209828241e-6,H1,G3282
Sample-corrected (Harmony),1.2713908346909393e-10,0.6043507026308568,0.337,0.183,4.254836567376697e-6,H1,G17726
Sample-corrected (Harmony),1.4111540695027475e-10,0.7719274593101414,0.231,0.111,4.722568208997895e-6,H1,G21617
Sample-corrected (Harmony),2.1889771781483691e-10,0.7649221696597085,0.275,0.141,7.325631024391332e-6,H1,G27252
Sample-corrected (Harmony),3.114514440596433e-10,0.8042324556678105,0.219,0.104,1.0423034026900023e-5,H1,G26199
Sample-corrected (Harmony),3.114514440596433e-10,0.8042324556678105,0.219,0.104,1.0423034026900023e-5,H1,G26201
Sample-corrected (Harmony),3.6798572650763455e-10,0.8997206180724513,0.201,0.092,1.2315010323304497e-5,H1,G24283
Sample-corrected (Harmony),4.571206368906947e-10,0.5739004705066112,0.28,0.145,1.529799923418399e-5,H1,G1453
Sample-corrected (Harmony),2.296380104561414e-9,0.8450424560821811,0.27,0.145,7.685065657925228e-5,H1,G2739
Sample-corrected (Harmony),2.62206326726882e-9,0.6260098049453102,0.352,0.211,8.774996930241832e-5,H1,G12408
Sample-corrected (Harmony),4.780594327808472e-9,0.8167063019004837,0.219,0.108,1.599873697744383e-4,H1,G4615
Sample-corrected (Harmony),5.2595680512193975e-9,0.6942595858184974,0.221,0.111,1.7601670440210837e-4,H1,G16558
Sample-corrected (Harmony),5.267898713269866e-9,0.6667025875791115,0.298,0.168,1.7629549833828934e-4,H1,G30647
Sample-corrected (Harmony),5.349404247231069e-9,0.642497350206443,0.463,0.31,1.7902316253783494e-4,H1,G6896
Sample-corrected (Harmony),6.353298701320962e-9,0.8259004924998802,0.28,0.156,2.126194943384073e-4,H1,G23753
Sample-corrected (Harmony),6.378949927874862e-9,0.44394206283880555,0.735,0.577,2.1347793828626013e-4,H1,G13016
Sample-corrected (Harmony),7.23490362805537e-9,0.4888980538092275,0.329,0.191,2.42123284816501e-4,H1,G26040
Sample-corrected (Harmony),7.23490362805537e-9,0.4888980538092275,0.329,0.191,2.42123284816501e-4,H1,G26042
Sample-corrected (Harmony),7.762079829847018e-9,0.9995504585535068,0.216,0.11,2.597657635856603e-4,H1,G9449
Sample-corrected (Harmony),1.0179493992767492e-8,0.3813249083386159,0.44,0.279,3.4066694596195687e-4,H1,G14351
Sample-corrected (Harmony),1.1140253128123648e-8,0.5776454947346055,0.434,0.282,3.72819711185786e-4,H1,G31683
Sample-corrected (Harmony),1.166254840162281e-8,0.41613497316667214,0.563,0.396,3.9029884480870896e-4,H1,G2120
Sample-corrected (Harmony),3.87737357620419e-8,0.7694144994919766,0.201,0.102,0.0012976018410124942,H1,G19458
Sample-corrected (Harmony),4.210722727863391e-8,0.8770894565178566,0.308,0.188,0.0014091604681067624,H1,G19895
Sample-corrected (Harmony),4.251928062457748e-8,0.8754785798451418,0.244,0.136,0.00142295024538211,H1,G24105
Sample-corrected (Harmony),4.462292169815215e-8,0.7029249602259704,0.221,0.117,0.0014933506975503598,H1,G9770
Sample-corrected (Harmony),6.033566452142131e-8,0.42023011108770136,0.321,0.19,0.0020191933488738854,H1,G23374
Sample-corrected (Harmony),6.807599753399874e-8,0.5101689294397838,0.308,0.182,0.002278231333472802,H1,G11937
Sample-corrected (Harmony),7.058782747504315e-8,0.5175710940134783,0.219,0.113,0.002362292234279794,H1,G27760
Sample-corrected (Harmony),8.174413382266251e-8,0.4317198152007953,0.396,0.255,0.0027356491825092236,H1,G9349
Sample-corrected (Harmony),8.697305256885527e-8,0.7696425226165897,0.316,0.199,0.0029106401772693103,H1,G17803
Sample-corrected (Harmony),9.272432653314842e-8,0.39251256317219685,0.71,0.588,0.003103112311758345,H1,G8827
Sample-corrected (Harmony),1.1373845546785797e-7,0.6687568827591968,0.27,0.157,0.003806371150687335,H1,G22933
Sample-corrected (Harmony),1.2014437158235783e-7,0.6834307448403831,0.293,0.178,0.004020751539375187,H1,G17344
Sample-corrected (Harmony),1.3545860828316897e-7,0.624085473258905,0.38,0.25,0.004533257784804533,H1,G24740
Sample-corrected (Harmony),1.3545860828316897e-7,0.624085473258905,0.38,0.25,0.004533257784804533,H1,G24741
Sample-corrected (Harmony),1.6532229110149215e-7,0.7624870681231913,0.242,0.137,0.005532675794002536,H1,G26923
Sample-corrected (Harmony),1.9050576537772536e-7,0.48320768262559755,0.465,0.314,0.006375465944130957,H1,G8099
Sample-corrected (Harmony),1.9151539540304904e-7,0.45685629721021215,0.339,0.21,0.006409254222558439,H1,G16535
Sample-corrected (Harmony),2.0541712666128474e-7,0.6163351454776842,0.239,0.134,0.006874489560846555,H1,G21077
Sample-corrected (Harmony),2.1118874912386842e-7,0.3656246756045558,0.478,0.329,0.0070676426781793806,H1,G31357
Sample-corrected (Harmony),2.6818467640507676e-7,0.6272016938899516,0.319,0.201,0.008975068380572299,H1,G18782
Sample-corrected (Harmony),2.753515405531182e-7,0.8720588279015311,0.329,0.217,0.009214914656150654,H1,G15594
Sample-corrected (Harmony),2.835790609634683e-7,0.6781647999995779,0.226,0.124,0.009490256854203431,H1,G1176
Sample-corrected (Harmony),3.564055937147346e-7,0.7901334027004642,0.203,0.109,0.011927469599257308,H1,G18411
Sample-corrected (Harmony),3.7661791815371055e-7,0.5227243891032369,0.316,0.195,0.012603895248932077,H1,G24497
Sample-corrected (Harmony),4.105369927336506e-7,0.35665627367537356,0.522,0.368,0.01373903099882435,H1,G2118
Sample-corrected (Harmony),4.6972575530423297e-7,0.49203637140997325,0.247,0.142,0.01571984212701146,H1,G26771
Sample-corrected (Harmony),5.426363980254467e-7,0.6097274528294631,0.321,0.203,0.018159869696319598,H1,G5795
Sample-corrected (Harmony),5.609290228903227e-7,0.6209385786015976,0.29,0.178,0.01877205068004754,H1,G13049
Sample-corrected (Harmony),5.620580831439058e-7,0.551738947768518,0.28,0.166,0.01880983581049395,H1,G5345
Sample-corrected (Harmony),6.655396419285812e-7,0.3070506809705842,0.756,0.655,0.022272949656781896,H1,G32229
Sample-corrected (Harmony),8.492617390040861e-7,0.46703613080194994,0.563,0.41,0.028421393357510743,H1,G23250
Sample-corrected (Harmony),9.418053184653589e-7,0.5425909833228936,0.201,0.109,0.0315184567877617,H1,G29219
Sample-corrected (Harmony),1.042873925285704e-6,0.4666402600710402,0.406,0.274,0.03490081878361137,H1,G25111
Sample-corrected (Harmony),1.2634376792793155e-6,0.611916072806332,0.445,0.32,0.04228220537476157,H1,G17923
Sample-corrected (Harmony),1.46298229913921e-6,0.4327189067416579,0.362,0.235,0.0489601656229928,H1,G27787
Sample-corrected (Harmony),1.5755166601126508e-6,0.445560904816537,0.404,0.273,0.052726240547329974,H1,G25110
Sample-corrected (Harmony),1.5812769412442844e-6,0.7021987792852563,0.267,0.164,0.05291901411568122,H1,G1363
Sample-corrected (Harmony),1.5852876394339854e-6,0.49384925247560574,0.442,0.309,0.053053236141297755,H1,G252
Sample-corrected (Harmony),1.6140039059761644e-6,0.42381265619486186,0.303,0.192,0.05401425471739832,H1,G21533
Sample-corrected (Harmony),1.8429036874687445e-6,0.4455906477292024,0.609,0.488,0.061674614804829005,H1,G31371
Sample-corrected (Harmony),1.8745553845246212e-6,0.34325515740870544,0.26,0.155,0.06273387049850097,H1,G18407
Sample-corrected (Harmony),2.34541322647473e-6,0.3772514702398304,0.527,0.389,0.07849159903720332,H1,G23319
Sample-corrected (Harmony),2.904884214458967e-6,0.6082340991033938,0.347,0.235,0.09721485512108378,H1,G21300
Sample-corrected (Harmony),2.9232098110072975e-6,0.30553199230913775,0.244,0.146,0.09782813953517022,H1,G6438
Sample-corrected (Harmony),3.27684694220584e-6,0.27491439403462525,0.658,0.52,0.10966295976786064,H1,G28010
Sample-corrected (Harmony),3.3664955907075492e-6,0.7188658139303689,0.326,0.217,0.11266314143861884,H1,G24742
Sample-corrected (Harmony),3.605665216455589e-6,0.3628470596121214,0.712,0.582,0.12066719213390274,H1,G1512
Sample-corrected (Harmony),3.760862725612434e-6,0.6269564926514588,0.239,0.145,0.12586103197534573,H1,G10728
Sample-corrected (Harmony),3.760862725612434e-6,0.6269564926514588,0.239,0.145,0.12586103197534573,H1,G10729
Sample-corrected (Harmony),3.966581076328363e-6,0.37454485495766376,0.375,0.252,0.132745602300405,H1,G6354
Sample-corrected (Harmony),4.172933442217977e-6,0.5385226847219773,0.226,0.132,0.1396513905772668,H1,G30128
Sample-corrected (Harmony),4.541487614364639e-6,0.5888483629523529,0.35,0.234,0.15198542450232702,H1,G14658
Sample-corrected (Harmony),5.620851182574285e-6,0.5895723982236776,0.254,0.156,0.18810740567603101,H1,G17552
Sample-corrected (Harmony),5.914269544576571e-6,0.5825661991989874,0.28,0.178,0.19792694457879953,H1,G15922
Sample-corrected (Harmony),5.915786923189405e-6,0.6617765851519672,0.324,0.216,0.19797772517145665,H1,G17926
Sample-corrected (Harmony),6.380342713637331e-6,0.6046900260727301,0.324,0.215,0.21352454925458692,H1,G31216
Sample-corrected (Harmony),7.27482433253922e-6,0.46744151737727424,0.249,0.152,0.24345927111275756,H1,G31809
Sample-corrected (Harmony),7.277301530214738e-6,0.6600989057388399,0.334,0.228,0.24354217301016642,H1,G21694
Sample-corrected (Harmony),7.862184902586501e-6,0.43681417744037887,0.535,0.409,0.26311587994995983,H1,G31949
Sample-corrected (Harmony),7.969651382177795e-6,0.47961891088720776,0.506,0.382,0.2667123531559621,H1,G10438
Sample-corrected (Harmony),7.969651382177795e-6,0.47961891088720776,0.506,0.382,0.2667123531559621,H1,G10439
Sample-corrected (Harmony),8.394809701771417e-6,0.5129330566427373,0.239,0.146,0.28094070147948225,H1,G14588
Sample-corrected (Harmony),8.645556044129443e-6,0.2969901989759016,0.684,0.563,0.28933217857283594,H1,G10014
Sample-corrected (Harmony),9.907886277143e-6,0.427403398297562,0.224,0.134,0.3315773221508676,H1,G13803
Sample-corrected (Harmony),1.0362615551529309e-5,0.7067889130050689,0.316,0.218,0.34679529204747983,H1,G6506
Sample-corrected (Harmony),1.044797154121852e-5,0.5542168947598983,0.208,0.124,0.34965181559841896,H1,G20650
Sample-corrected (Harmony),1.1146853300402423e-5,0.5670690141068,0.37,0.265,0.3730405925512675,H1,G17783
Sample-corrected (Harmony),1.4373379470544755e-5,0.6284055025691192,0.247,0.155,0.48101951736125076,H1,G20170
Sample-corrected (Harmony),1.4535579184163434e-5,0.4657103403852667,0.326,0.22,0.48644769297721346,H1,G21477
Sample-corrected (Harmony),1.67236004380551e-5,0.6647749153805719,0.211,0.127,0.559672012259952,H1,G5326
Sample-corrected (Harmony),1.683919637838469e-5,0.31319106979828804,0.339,0.232,0.563540545999022,H1,G10034
Sample-corrected (Harmony),1.8104363002352632e-5,0.4252711674020162,0.342,0.234,0.6058806122367332,H1,G29529
Sample-corrected (Harmony),1.8361999945748524e-5,0.7232059204846605,0.231,0.143,0.61450269018442,H1,G31993
Sample-corrected (Harmony),1.9661167764725672e-5,0.44974910041073646,0.237,0.146,0.6579806404143094,H1,G12773
Sample-corrected (Harmony),1.979502063067824e-5,0.9087926242881734,0.219,0.135,0.662460160426278,H1,G21836
Sample-corrected (Harmony),1.9834113841674653e-5,0.3625957661025554,0.411,0.294,0.663768453825484,H1,G31452
Sample-corrected (Harmony),2.067375296489566e-5,0.3463048968641001,0.257,0.164,0.6918678167231982,H1,G10079
Sample-corrected (Harmony),2.181468856323246e-5,0.31777378078465035,0.239,0.147,0.7300503674571376,H1,G13578
Sample-corrected (Harmony),2.5473603520809122e-5,0.48192201367607695,0.262,0.169,0.852499615427398,H1,G20867
Sample-corrected (Harmony),2.6133930587025097e-5,0.2601331206694848,0.283,0.185,0.8745981210253819,H1,G18065
Sample-corrected (Harmony),2.742124400083864e-5,0.4732373528337992,0.254,0.164,0.9176793517320658,H1,G32033
Sample-corrected (Harmony),2.8099269684033897e-5,0.4117442617256394,0.247,0.156,0.9403701592458784,H1,G31579
Sample-corrected (Harmony),3.1692487807679674e-5,0.2859935492410177,0.306,0.205,1,H1,G6633
Sample-corrected (Harmony),3.1692487807679674e-5,0.2859935492410177,0.306,0.205,1,H1,G6634
Sample-corrected (Harmony),3.1692487807679674e-5,0.2859935492410177,0.306,0.205,1,H1,G6635
Sample-corrected (Harmony),3.3983776555106145e-5,0.44993507373024977,0.231,0.144,1,H1,G515
Sample-corrected (Harmony),3.509022190569441e-5,0.3785865575513529,0.219,0.136,1,H1,G27352
Sample-corrected (Harmony),3.5142392352132646e-5,0.5436556088910202,0.239,0.152,1,H1,G14149
Sample-corrected (Harmony),3.550166099007798e-5,0.5175127146050134,0.409,0.3,1,H1,G28262
Sample-corrected (Harmony),3.74162943696631e-5,0.3987236049521983,0.308,0.204,1,H1,G26267
Sample-corrected (Harmony),3.96720938069477e-5,0.6467609757489025,0.211,0.132,1,H1,G10115
Sample-corrected (Harmony),4.045882471976223e-5,0.40467781303503636,0.365,0.25,1,H1,G24953
Sample-corrected (Harmony),4.355601667320451e-5,0.5545360764186786,0.249,0.163,1,H1,G7666
Sample-corrected (Harmony),5.2533680767929394e-5,0.34423607893247343,0.422,0.305,1,H1,G31742
Sample-corrected (Harmony),5.46828329562077e-5,0.6435848695588036,0.254,0.168,1,H1,G3801
Sample-corrected (Harmony),6.030202607605392e-5,0.36096116071700685,0.265,0.175,1,H1,G10078
Sample-corrected (Harmony),6.271199634964045e-5,0.2610284810909933,0.779,0.696,1,H1,G31313
Sample-corrected (Harmony),6.64845550713254e-5,0.3179113486314954,0.213,0.133,1,H1,G22003
Sample-corrected (Harmony),6.970314619097994e-5,0.36267323449511335,0.347,0.244,1,H1,G21773
Sample-corrected (Harmony),7.417034543559621e-5,0.35733775715743743,0.314,0.213,1,H1,G3361
Sample-corrected (Harmony),7.729606877008769e-5,0.48885751032350644,0.257,0.17,1,H1,G19907
Sample-corrected (Harmony),7.863406556634504e-5,0.26198107877578214,0.55,0.421,1,H1,G11320
Sample-corrected (Harmony),7.863406556634504e-5,0.26198107877578214,0.55,0.421,1,H1,G11321
Sample-corrected (Harmony),7.863406556634504e-5,0.26198107877578214,0.55,0.421,1,H1,G11322
Sample-corrected (Harmony),7.93783052889174e-5,0.4337404164813652,0.568,0.485,1,H1,G32222
Sample-corrected (Harmony),8.108707512338464e-5,0.5967346716235225,0.257,0.174,1,H1,G3523
Sample-corrected (Harmony),9.667220142693932e-5,0.368289376262638,0.254,0.168,1,H1,G26092
Sample-corrected (Harmony),9.756972117471629e-5,0.2930174930742977,0.455,0.343,1,H1,G18783
Sample-corrected (Harmony),1.0092196983531082e-4,0.3909025528975787,0.434,0.332,1,H1,G523
Sample-corrected (Harmony),1.057987481008492e-4,0.30641376570767065,0.383,0.273,1,H1,G15184
Sample-corrected (Harmony),1.0691476166625172e-4,0.5469543787177382,0.283,0.194,1,H1,G31394
Sample-corrected (Harmony),1.0691476166625172e-4,0.5469543787177382,0.283,0.194,1,H1,G31395
Sample-corrected (Harmony),1.1111144043343201e-4,0.48994468037020467,0.203,0.127,1,H1,G17309
Sample-corrected (Harmony),1.1226619506076679e-4,0.3585869230059524,0.311,0.219,1,H1,G11100
Sample-corrected (Harmony),1.1351501668919378e-4,0.5596334520421204,0.326,0.233,1,H1,G27529
Sample-corrected (Harmony),1.1538899625463779e-4,0.493319642906217,0.257,0.174,1,H1,G26357
Sample-corrected (Harmony),1.2129546160637873e-4,0.26810566792506063,0.252,0.166,1,H1,G14308
Sample-corrected (Harmony),1.254767690368018e-4,0.42036298478737155,0.239,0.154,1,H1,G2846
Sample-corrected (Harmony),1.4061275566346916e-4,0.2586533507673243,0.602,0.484,1,H1,G7426
Sample-corrected (Harmony),1.667731826735065e-4,0.45444320241689173,0.239,0.157,1,H1,G7411
Sample-corrected (Harmony),1.812414874051466e-4,0.3427431682184181,0.213,0.136,1,H1,G10368
Sample-corrected (Harmony),1.8194839373298223e-4,0.34288563390108884,0.206,0.131,1,H1,G10727
Sample-corrected (Harmony),1.9073408477210318e-4,0.5083112057790138,0.267,0.185,1,H1,G31550
Sample-corrected (Harmony),1.9875718198266966e-4,0.31464299708779553,0.599,0.479,1,H1,G31359
Sample-corrected (Harmony),2.1037669618917585e-4,0.6089235235392332,0.283,0.2,1,H1,G21299
Sample-corrected (Harmony),2.1911528002200372e-4,0.6607806526112823,0.298,0.217,1,H1,G521
Sample-corrected (Harmony),2.3600683597252848e-4,0.40020026345269466,0.314,0.223,1,H1,G1825
Sample-corrected (Harmony),2.385213935285253e-4,0.6286989988146354,0.231,0.155,1,H1,G4696
Sample-corrected (Harmony),2.4320475893143548e-4,0.6024103365208816,0.231,0.153,1,H1,G11208
Sample-corrected (Harmony),2.467798085032926e-4,0.31145148885531215,0.321,0.231,1,H1,G2038
Sample-corrected (Harmony),2.6259719870245455e-4,0.411073815093558,0.293,0.202,1,H1,G14187
Sample-corrected (Harmony),2.7467706094766946e-4,0.32049414085318517,0.38,0.285,1,H1,G7742
Sample-corrected (Harmony),2.750132730555395e-4,0.2601073229493083,0.314,0.218,1,H1,G6905
Sample-corrected (Harmony),2.781225345851015e-4,0.5179327516323304,0.257,0.173,1,H1,G2577
Sample-corrected (Harmony),3.146399107245297e-4,0.2511461880873851,0.208,0.134,1,H1,G20864
Sample-corrected (Harmony),3.1859948389722505e-4,0.4010520783531666,0.254,0.173,1,H1,G16091
Sample-corrected (Harmony),3.6219698793285414e-4,0.32040835780608345,0.692,0.618,1,H1,G24312
Sample-corrected (Harmony),3.9210997820352916e-4,0.6377166542586352,0.229,0.157,1,H1,G10055
Sample-corrected (Harmony),3.993438543109002e-4,0.28799717824694215,0.337,0.24,1,H1,G25017
Sample-corrected (Harmony),4.011838556525505e-4,0.3470766833693114,0.219,0.145,1,H1,G28726
Sample-corrected (Harmony),4.165562499480352e-4,0.26163467142417796,0.473,0.362,1,H1,G9923
Sample-corrected (Harmony),4.345165804393787e-4,0.2790874487453574,0.393,0.29,1,H1,G20268
Sample-corrected (Harmony),4.679535613721337e-4,0.3844713037281958,0.206,0.135,1,H1,G8022
Sample-corrected (Harmony),5.044964402010928e-4,0.3832752474722192,0.272,0.192,1,H1,G19967
Sample-corrected (Harmony),5.37086681279036e-4,0.30915403165226585,0.424,0.322,1,H1,G5805
Sample-corrected (Harmony),5.496469830705241e-4,0.2618322400009472,0.46,0.353,1,H1,G14840
Sample-corrected (Harmony),5.660809652269042e-4,0.43773325858941203,0.234,0.159,1,H1,G15839
Sample-corrected (Harmony),5.87723665255311e-4,0.27802327854395104,0.224,0.149,1,H1,G22249
Sample-corrected (Harmony),6.073170672628598e-4,0.3544287490889463,0.247,0.168,1,H1,G319
Sample-corrected (Harmony),6.195201814608358e-4,0.4606751824038744,0.242,0.169,1,H1,G5774
Sample-corrected (Harmony),6.537286184925929e-4,0.3312505872595457,0.301,0.215,1,H1,G28428
Sample-corrected (Harmony),6.676398824846301e-4,0.3646022760951868,0.26,0.179,1,H1,G23122
Sample-corrected (Harmony),6.978703475557486e-4,0.3863737884216216,0.201,0.133,1,H1,G3378
Sample-corrected (Harmony),7.05357037718762e-4,0.35837938333916153,0.249,0.175,1,H1,G8557
Sample-corrected (Harmony),7.059018362999353e-4,0.3151088363804575,0.298,0.217,1,H1,G6754
Sample-corrected (Harmony),7.760672695119458e-4,0.3083826548817583,0.211,0.14,1,H1,G10849
Sample-corrected (Harmony),7.929007375469279e-4,0.2961989258284534,0.226,0.153,1,H1,G30771
Sample-corrected (Harmony),8.5489769185292e-4,0.38554290353463694,0.298,0.216,1,H1,G4831
Sample-corrected (Harmony),8.654183293672709e-4,0.40360940416499247,0.275,0.195,1,H1,G24449
Sample-corrected (Harmony),8.838955555911719e-4,0.5331172231659566,0.242,0.168,1,H1,G7348
Sample-corrected (Harmony),9.165868741924793e-4,0.30226613950083603,0.244,0.171,1,H1,G24
Sample-corrected (Harmony),0.0010432165496474753,0.28378654972913875,0.339,0.249,1,H1,G30279
Sample-corrected (Harmony),0.0011191205419248285,0.3280081483107069,0.234,0.163,1,H1,G16759
Sample-corrected (Harmony),0.0011240076167198091,0.2806009921397957,0.206,0.138,1,H1,G20882
Sample-corrected (Harmony),0.0012847719132192458,0.3646475285133717,0.406,0.309,1,H1,G31757
Sample-corrected (Harmony),0.0012898816941109932,0.2939446629602078,0.224,0.157,1,H1,G9516
Sample-corrected (Harmony),0.0015447637518142714,0.2608045282988152,0.272,0.192,1,H1,G24641
Sample-corrected (Harmony),0.001767470241401579,0.3328676450398118,0.344,0.257,1,H1,G17057
Sample-corrected (Harmony),0.001767470241401579,0.3328676450398118,0.344,0.257,1,H1,G17058
Sample-corrected (Harmony),0.0018376561921904888,0.4323987922280219,0.303,0.23,1,H1,G20254
Sample-corrected (Harmony),0.0018472021253599937,0.3205708949365904,0.208,0.145,1,H1,G20206
Sample-corrected (Harmony),0.0019262860215355445,0.3060845249637072,0.242,0.171,1,H1,G25191
Sample-corrected (Harmony),0.001981708569249796,0.3184629934337435,0.463,0.367,1,H1,G5204
Sample-corrected (Harmony),0.002075860891560903,0.2838838244988635,0.262,0.19,1,H1,G17147
Sample-corrected (Harmony),0.002164195079471106,0.3460268801811588,0.427,0.339,1,H1,G820
Sample-corrected (Harmony),0.0022597920846762305,0.26535060052941306,0.306,0.227,1,H1,G478
Sample-corrected (Harmony),0.002384699309990425,0.418932846558258,0.221,0.156,1,H1,G22070
Sample-corrected (Harmony),0.0024583672436960784,0.4092988314640096,0.203,0.141,1,H1,G21357
Sample-corrected (Harmony),0.0024620819313374265,0.2759064754466425,0.347,0.264,1,H1,G20472
Sample-corrected (Harmony),0.00249466234663262,0.2648381283387804,0.29,0.214,1,H1,G11432
Sample-corrected (Harmony),0.002693561482487322,0.5250075106277667,0.206,0.145,1,H1,G31412
Sample-corrected (Harmony),0.002787374200548361,0.33166097797266825,0.29,0.218,1,H1,G28217
Sample-corrected (Harmony),0.002814025809251264,0.36164624615773155,0.234,0.166,1,H1,G4935
Sample-corrected (Harmony),0.0028184877951686147,0.43547108073505614,0.206,0.146,1,H1,G28599
Sample-corrected (Harmony),0.0028726757927475598,0.31408635282692454,0.324,0.242,1,H1,G28609
Sample-corrected (Harmony),0.0029224717811767347,0.2694238013975101,0.224,0.158,1,H1,G26091
Sample-corrected (Harmony),0.0031326035348649144,0.2628816007699051,0.434,0.345,1,H1,G5689
Sample-corrected (Harmony),0.0032706302458729588,0.31476545821569313,0.329,0.253,1,H1,G21303
Sample-corrected (Harmony),0.003500727209548921,0.28808321949108084,0.247,0.177,1,H1,G16009
Sample-corrected (Harmony),0.003568097307828557,0.27332425383362435,0.221,0.157,1,H1,G8603
Sample-corrected (Harmony),0.0036746867852212057,0.3670119913002093,0.206,0.145,1,H1,G15609
Sample-corrected (Harmony),0.0038428267827332937,0.35345151297397104,0.326,0.251,1,H1,G26794
Sample-corrected (Harmony),0.003897243771580951,0.3405996553426845,0.208,0.147,1,H1,G9950
Sample-corrected (Harmony),0.0044177279155410264,0.2630997172368785,0.316,0.241,1,H1,G16945
Sample-corrected (Harmony),0.004980666625513507,0.345746158321108,0.203,0.144,1,H1,G14357
Sample-corrected (Harmony),0.005154393355605884,0.34920022863465383,0.242,0.178,1,H1,G11665
Sample-corrected (Harmony),0.005168655101559288,0.29421875500437267,0.239,0.175,1,H1,G27941
Sample-corrected (Harmony),0.00632818738383897,0.27193602123455474,0.226,0.165,1,H1,G15398
Sample-corrected (Harmony),0.006358558494317249,0.26255511794563136,0.262,0.198,1,H1,G1509
Sample-corrected (Harmony),0.006401926577596444,0.3082166342359393,0.242,0.178,1,H1,G17405
Sample-corrected (Harmony),0.006704458634666844,0.335971285899173,0.391,0.314,1,H1,G18939
Sample-corrected (Harmony),0.0068569189601913666,0.27911969576054063,0.201,0.145,1,H1,G2576
Sample-corrected (Harmony),0.007245169025940545,0.2787606549299697,0.314,0.237,1,H1,G369
Sample-corrected (Harmony),0.007413509852903629,0.3388588021871253,0.362,0.291,1,H1,G14135
Sample-corrected (Harmony),0.00807545311251876,0.3130744490731102,0.239,0.179,1,H1,G12407
Sample-corrected (Harmony),0.008509383613958548,0.39658857926345337,0.254,0.194,1,H1,G2485
Sample-corrected (Harmony),0.00851944142359054,0.3283723136525616,0.656,0.581,1,H1,G24436
Sample-corrected (Harmony),0.008745231891780534,0.2911376582782026,0.221,0.164,1,H1,G5760
Sample-corrected (Harmony),0.008994656393207474,0.2562944982991566,0.275,0.212,1,H1,G14816
Sample-corrected (Harmony),0.009338168046776124,0.29950397339953205,0.234,0.174,1,H1,G5134
Sample-corrected (Harmony),0.00937565791327049,0.41231942109983755,0.278,0.218,1,H1,G11033
Sample-corrected (Harmony),0.00992212832150577,0.28818766679082586,0.321,0.254,1,H1,G18434
Sample-corrected (Harmony),1.6015129080310897e-37,1.553760452213894,0.445,0.16,5.359623098016845e-33,H2,G24752
Sample-corrected (Harmony),2.4245552506739515e-31,1.1676372914804825,0.552,0.261,8.114016601905446e-27,H2,G13140
Sample-corrected (Harmony),2.0645041429900198e-26,2.1438150248893986,0.277,0.092,6.9090695649304e-22,H2,G4351
Sample-corrected (Harmony),9.559204595261399e-26,1.5454301494325227,0.264,0.082,3.1990834098501797e-21,H2,G11180
Sample-corrected (Harmony),1.9485457135193038e-25,1.8310935007519622,0.237,0.069,6.521003084863702e-21,H2,G253
Sample-corrected (Harmony),1.0417966820070262e-23,1.2064911260427982,0.421,0.189,3.486476776004714e-19,H2,G23080
Sample-corrected (Harmony),1.8061761289162508e-23,1.2257565994116466,0.317,0.116,6.044549033031125e-19,H2,G25309
Sample-corrected (Harmony),5.072868840195109e-23,1.6361361472869147,0.677,0.44,1.6976862860596952e-18,H2,G30615
Sample-corrected (Harmony),5.844571578474708e-23,0.8244272483940738,0.571,0.302,1.955944324452346e-18,H2,G10950
Sample-corrected (Harmony),1.435235255429272e-22,1.1769797278590373,0.352,0.144,4.803158305819602e-18,H2,G22839
Sample-corrected (Harmony),1.435235255429272e-22,1.1769797278590373,0.352,0.144,4.803158305819602e-18,H2,G22840
Sample-corrected (Harmony),2.198688636060404e-22,0.8819368300897725,0.733,0.503,7.358131389439748e-18,H2,G32486
Sample-corrected (Harmony),3.5888952531569277e-22,0.7886154265452703,0.789,0.53,1.2010596854214975e-17,H2,G14055
Sample-corrected (Harmony),5.011026724462988e-22,1.4375745271820313,0.216,0.064,1.6769902036087836e-17,H2,G12477
Sample-corrected (Harmony),7.102461442021018e-22,0.9210913756264749,0.739,0.507,2.3769097461867538e-17,H2,G4804
Sample-corrected (Harmony),8.143045351314872e-22,0.8925034266354896,0.747,0.516,2.7251515572710352e-17,H2,G4799
Sample-corrected (Harmony),1.0329098067217652e-21,1.006210135413069,0.456,0.221,3.456735959175059e-17,H2,G3717
Sample-corrected (Harmony),2.2306139526441912e-21,1.6672736581583338,0.227,0.073,7.464972653919051e-17,H2,G1319
Sample-corrected (Harmony),2.8586822345666794e-21,1.4721416785330825,0.235,0.076,9.56686596620085e-17,H2,G32311
Sample-corrected (Harmony),1.501284018160853e-20,1.021793087140705,0.323,0.129,5.024197095177111e-16,H2,G27836
Sample-corrected (Harmony),1.501284018160853e-20,1.021793087140705,0.323,0.129,5.024197095177111e-16,H2,G27837
Sample-corrected (Harmony),3.7408695982157584e-19,1.199497009651546,0.232,0.079,1.2519194197388858e-14,H2,G17454
Sample-corrected (Harmony),1.1666901629623981e-18,0.8815106748435944,0.339,0.149,3.904445299369962e-14,H2,G8293
Sample-corrected (Harmony),2.901014557564881e-18,1.4827052147106476,0.224,0.079,9.70853531834663e-14,H2,G30084
Sample-corrected (Harmony),3.5789434732381e-18,1.4468189838661831,0.272,0.109,1.1977292227538626e-13,H2,G1636
Sample-corrected (Harmony),2.747509838018338e-17,0.5951550526138236,0.613,0.373,9.194816423912169e-13,H2,G19384
Sample-corrected (Harmony),9.347422709479156e-17,0.8589872049103858,0.227,0.082,3.1282084839542943e-12,H2,G23583
Sample-corrected (Harmony),1.195976231289601e-16,0.949767275676882,0.291,0.121,4.002454055633779e-12,H2,G10734
Sample-corrected (Harmony),1.5479274086789439e-16,1.1118967830815207,0.301,0.134,5.180293865884954e-12,H2,G28440
Sample-corrected (Harmony),1.8840421766210854e-16,0.7241438224038359,0.507,0.287,6.3051355482801245e-12,H2,G5443
Sample-corrected (Harmony),2.014968080523688e-16,0.7117174084070907,0.621,0.398,6.743292178280574e-12,H2,G30616
Sample-corrected (Harmony),2.014968080523688e-16,0.7117174084070907,0.621,0.398,6.743292178280574e-12,H2,G30617
Sample-corrected (Harmony),2.014968080523688e-16,0.7117174084070907,0.621,0.398,6.743292178280574e-12,H2,G30618
Sample-corrected (Harmony),2.014968080523688e-16,0.7117174084070907,0.621,0.398,6.743292178280574e-12,H2,G30619
Sample-corrected (Harmony),2.194565972287465e-16,1.4182150370471078,0.243,0.097,7.34433448285723e-12,H2,G5752
Sample-corrected (Harmony),2.639799680578632e-16,1.3015752979411812,0.205,0.073,8.834353611024451e-12,H2,G19255
Sample-corrected (Harmony),2.9081951218755246e-16,0.6464375021360516,0.384,0.185,9.73256579486863e-12,H2,G27866
Sample-corrected (Harmony),4.4060546387712573e-16,0.7155234925658638,0.64,0.427,1.474530245411189e-11,H2,G6065
Sample-corrected (Harmony),5.227842055664422e-16,1.8222449975046877,0.208,0.076,1.7495496223486555e-11,H2,G16100
Sample-corrected (Harmony),2.1051888748956207e-15,0.7471513198803459,0.675,0.446,7.045225088725685e-11,H2,G27389
Sample-corrected (Harmony),5.841958742258322e-15,1.1136835812191463,0.251,0.105,1.9550699126841701e-10,H2,G23346
Sample-corrected (Harmony),7.880418376980153e-15,1.5127483768293561,0.253,0.111,2.637260814040178e-10,H2,G4149
Sample-corrected (Harmony),2.1145891048439775e-14,0.9645090428726668,0.507,0.299,7.076683898270855e-10,H2,G252
Sample-corrected (Harmony),2.2712528150962132e-14,0.7264496985950943,0.357,0.177,7.600974671000987e-10,H2,G10751
Sample-corrected (Harmony),5.412492158098054e-14,0.88151761176462,0.347,0.175,1.8113446256290947e-9,H2,G4051
Sample-corrected (Harmony),9.291831983006299e-14,0.5025811598201577,0.568,0.336,3.1096044914328878e-9,H2,G14840
Sample-corrected (Harmony),1.4442950762665183e-13,0.7750809440643864,0.443,0.255,4.83347790223353e-9,H2,G25958
Sample-corrected (Harmony),1.82291028627613e-13,0.7209065471515802,0.235,0.098,6.100551564051697e-9,H2,G24587
Sample-corrected (Harmony),1.8615652250187214e-13,1.058109863726696,0.291,0.14,6.229914182047653e-9,H2,G28880
Sample-corrected (Harmony),2.48832994113737e-13,0.6308118994549596,0.408,0.222,8.327444981010322e-9,H2,ND5
Sample-corrected (Harmony),2.620166418422107e-13,1.0780934169065854,0.208,0.083,8.768648935891424e-9,H2,G16143
Sample-corrected (Harmony),3.8384051690885843e-13,0.7584534892561581,0.536,0.337,1.2845606738871856e-8,H2,G19423
Sample-corrected (Harmony),4.779172288081888e-13,0.8655505217735653,0.456,0.276,1.599397797929485e-8,H2,G6174
Sample-corrected (Harmony),9.699052438266371e-13,0.912703979256684,0.264,0.121,3.2458848889902235e-8,H2,G13087
Sample-corrected (Harmony),1.321393296530856e-12,0.7981453135264498,0.373,0.208,4.422174806170163e-8,H2,G12697
Sample-corrected (Harmony),1.505682344882285e-12,0.5677746944527255,0.637,0.429,5.0389165353830555e-8,H2,G32065
Sample-corrected (Harmony),1.7123817234140444e-12,0.579135516011176,0.877,0.734,5.730656675577441e-8,H2,G15067
Sample-corrected (Harmony),1.8278790077249552e-12,0.5490783115144979,0.664,0.447,6.117179887252335e-8,H2,G819
Sample-corrected (Harmony),2.7987101767982862e-12,0.6611538471452274,0.509,0.328,9.366163477673144e-8,H2,G19424
Sample-corrected (Harmony),4.478531163111876e-12,0.5665347878236124,0.717,0.509,1.4987852390470205e-7,H2,G24974
Sample-corrected (Harmony),5.555709533023106e-12,0.8457904199958991,0.296,0.147,1.8592737523215127e-7,H2,G28396
Sample-corrected (Harmony),5.576876428218592e-12,0.5423652909192571,0.344,0.181,1.866357465467634e-7,H2,G28397
Sample-corrected (Harmony),5.7059177553285354e-12,0.8186223130518968,0.275,0.132,1.9095424359982478e-7,H2,G28021
Sample-corrected (Harmony),7.072179042504956e-12,0.7002149127251878,0.429,0.253,2.3667754383647085e-7,H2,G13515
Sample-corrected (Harmony),7.348580878917277e-12,0.695878915134323,0.357,0.197,2.459276076938456e-7,H2,G3510
Sample-corrected (Harmony),1.0706864335083092e-11,0.6698931820411158,0.341,0.184,3.583159218378908e-7,H2,G15019
Sample-corrected (Harmony),1.2136361782177712e-11,0.5355331909380907,0.637,0.434,4.061554834023593e-7,H2,G32064
Sample-corrected (Harmony),1.4602926037606735e-11,0.5656071954911353,0.208,0.088,4.88701522774547e-7,H2,G21597
Sample-corrected (Harmony),1.5362690790140794e-11,0.5013521118817001,0.707,0.501,5.141278099828518e-7,H2,G458
Sample-corrected (Harmony),2.4857813988498593e-11,0.5919236345642411,0.509,0.325,8.31891602939094e-7,H2,G6178
Sample-corrected (Harmony),2.6254823945562064e-11,0.7831797196006955,0.363,0.204,8.7864393816218e-7,H2,G4052
Sample-corrected (Harmony),5.425445892703573e-11,0.5146499897277987,0.339,0.184,1.8156797224521777e-6,H2,G21285
Sample-corrected (Harmony),5.5948060242926663e-11,0.5626929445889606,0.275,0.136,1.8723577840897836e-6,H2,G4344
Sample-corrected (Harmony),7.176182330424067e-11,0.8431751169260226,0.2,0.087,2.401581178699718e-6,H2,G22444
Sample-corrected (Harmony),8.336001903840393e-11,0.67078779561204,0.352,0.201,2.789726397139226e-6,H2,G24500
Sample-corrected (Harmony),8.439525762352863e-11,0.5455330321376631,0.376,0.215,2.824371691629009e-6,H2,G21283
Sample-corrected (Harmony),9.942878618571109e-11,0.6955910104986491,0.277,0.142,3.3274837584910073e-6,H2,G10324
Sample-corrected (Harmony),1.1003224527865128e-10,0.7795101797921093,0.248,0.121,3.6823391204953435e-6,H2,G14885
Sample-corrected (Harmony),1.4300405278010327e-10,0.8558025507753256,0.365,0.213,4.785773630338936e-6,H2,G3027
Sample-corrected (Harmony),1.7769725066606508e-10,0.8967574448531945,0.312,0.173,5.946816190790534e-6,H2,G24263
Sample-corrected (Harmony),1.8333425423923706e-10,0.5502481720777922,0.264,0.131,6.135464152370308e-6,H2,G21357
Sample-corrected (Harmony),1.8566358021402188e-10,0.2985941737228641,0.949,0.846,6.213417375442456e-6,H2,G6642
Sample-corrected (Harmony),1.972881024805704e-10,0.6651566826751036,0.405,0.243,6.602443637614769e-6,H2,G11965
Sample-corrected (Harmony),3.01944095630805e-10,0.4086942313134275,0.28,0.144,1.0104861104380521e-5,H2,G21199
Sample-corrected (Harmony),3.085373241134794e-10,0.7636147648471896,0.264,0.137,1.0325510088781701e-5,H2,G20531
Sample-corrected (Harmony),3.1819763845444744e-10,0.41277965825795326,0.339,0.181,1.0648802168516538e-5,H2,G27469
Sample-corrected (Harmony),3.237453644879031e-10,0.9631310843133023,0.221,0.105,1.0834462367952165e-5,H2,G27945
Sample-corrected (Harmony),3.8131866002300566e-10,0.6659331698331852,0.261,0.133,1.2761210276329908e-5,H2,G27855
Sample-corrected (Harmony),4.0512033434360337e-10,0.8248948842286703,0.488,0.32,1.3557757109143031e-5,H2,G1225
Sample-corrected (Harmony),4.107816854478771e-10,0.6133263537363285,0.371,0.221,1.3747219885198656e-5,H2,G19385
Sample-corrected (Harmony),6.223530851863186e-10,0.8059628827495735,0.603,0.429,2.082766834884534e-5,H2,G16226
Sample-corrected (Harmony),6.76365893373369e-10,0.8057550192005962,0.523,0.359,2.2635260987633166e-5,H2,G16431
Sample-corrected (Harmony),7.023792502460782e-10,0.6337942608525282,0.272,0.142,2.3505823988735255e-5,H2,G1325
Sample-corrected (Harmony),7.855631468016597e-10,0.5707930539836473,0.315,0.175,2.6289656270864345e-5,H2,G25893
Sample-corrected (Harmony),1.0360343329022885e-9,0.5452638697323818,0.267,0.141,3.467192498490799e-5,H2,G28030
Sample-corrected (Harmony),1.1311250472222263e-9,0.7567939285234389,0.379,0.226,3.785423083033902e-5,H2,G25485
Sample-corrected (Harmony),1.1511224080305841e-9,0.8495937664084364,0.277,0.149,3.8523462507151525e-5,H2,G27176
Sample-corrected (Harmony),1.2427903192982053e-9,0.5030719938003827,0.587,0.416,4.1591220825633734e-5,H2,G19421
Sample-corrected (Harmony),1.3571856581358894e-9,0.7986256160002303,0.584,0.415,4.5419575235175675e-5,H2,ENSLOC000199
Sample-corrected (Harmony),1.484611988242202e-9,0.5637009479625394,0.792,0.631,4.968402479851353e-5,H2,G5366
Sample-corrected (Harmony),1.7384953548385646e-9,0.7008912835419283,0.221,0.108,5.8180485545027404e-5,H2,G21833
Sample-corrected (Harmony),2.0408693094741805e-09,0.6579604572572175,0.336,0.197,6.829973231086293e-5,H2,G15054
Sample-corrected (Harmony),2.422071942787665e-9,0.5735767067636859,0.248,0.127,8.1057059637332e-5,H2,G6394
Sample-corrected (Harmony),2.434112869806957e-9,0.5162515408515191,0.68,0.508,8.146002130095962e-5,H2,G23458
Sample-corrected (Harmony),3.5306750817138265e-9,0.5677135740050516,0.301,0.165,1.1815757228463491e-4,H2,G14444
Sample-corrected (Harmony),3.6917781337379076e-9,0.3258034801483016,0.528,0.341,1.235490470236728e-4,H2,G17558
Sample-corrected (Harmony),3.747331814118177e-9,0.6134584353911754,0.355,0.211,1.254082064912789e-4,H2,G14654
Sample-corrected (Harmony),3.980461150051504e-9,0.5705838735974975,0.371,0.223,1.3321011284762364e-4,H2,G988
Sample-corrected (Harmony),4.277229417900059e-9,0.6334449986789983,0.347,0.208,1.4314175969944339e-4,H2,G3304
Sample-corrected (Harmony),5.884082313060929e-9,0.6538029340951815,0.293,0.163,1.9691669868889707e-4,H2,G32787
Sample-corrected (Harmony),7.65406725376106e-9,0.33413798228510627,0.653,0.458,2.5615101471436767e-4,H2,G3164
Sample-corrected (Harmony),9.351548559978975e-9,0.5028670890933221,0.309,0.177,3.129589241082564e-4,H2,G30997
Sample-corrected (Harmony),9.624295992513674e-9,0.627255688321495,0.277,0.154,3.220866896854626e-4,H2,G3804
Sample-corrected (Harmony),1.0770190738803305e-8,0.7027445450132197,0.208,0.104,3.604352032647914e-4,H2,G1653
Sample-corrected (Harmony),1.4416424954226237e-8,0.5460374210564363,0.296,0.167,4.8246007751813523e-4,H2,G7023
Sample-corrected (Harmony),1.5093373755654525e-8,0.7098894185301563,0.531,0.376,5.051148461067343e-4,H2,G16430
Sample-corrected (Harmony),1.5447287517672396e-8,0.49660319963843064,0.288,0.159,5.169589240664244e-4,H2,G3825
Sample-corrected (Harmony),1.8350725055124552e-8,0.6138520959584616,0.277,0.156,6.141253646947982e-4,H2,G19321
Sample-corrected (Harmony),1.835746608328467e-8,0.3724186502009179,0.331,0.194,6.143509599432047e-4,H2,G6814
Sample-corrected (Harmony),1.895478387869124e-8,0.9409728458428961,0.264,0.149,6.343407972842811e-4,H2,G1224
Sample-corrected (Harmony),2.1318263639746393e-8,0.6511240864713879,0.376,0.237,7.134370109677528e-4,H2,G1293
Sample-corrected (Harmony),2.6178668620811513e-8,0.3745329497243528,0.387,0.236,8.760953240640781e-4,H2,G21817
Sample-corrected (Harmony),2.9387047851916627e-8,0.7185816072980656,0.283,0.162,9.834669434122419e-4,H2,G21342
Sample-corrected (Harmony),2.9616993995236784e-8,0.6792128114084048,0.245,0.135,9.911623210445942e-4,H2,G9063
Sample-corrected (Harmony),3.8914594565790266e-8,0.3199710290590905,0.496,0.328,0.001302315821738737,H2,G820
Sample-corrected (Harmony),4.135902744320715e-8,0.34660824252435285,0.472,0.311,0.0013841212124143705,H2,G23365
Sample-corrected (Harmony),4.984070879167523e-8,0.6857300366354909,0.283,0.165,0.0016679691604222033,H2,G25191
Sample-corrected (Harmony),6.905812835912361e-8,0.493980847697193,0.208,0.107,0.0023110993236664305,H2,G22302
Sample-corrected (Harmony),7.553817726707174e-8,0.5329244912856576,0.331,0.203,0.0025279606404198227,H2,G24264
Sample-corrected (Harmony),7.859769578729388e-8,0.7763561886167325,0.205,0.106,0.0026303504872175767,H2,G16290
Sample-corrected (Harmony),7.966607267148075e-8,0.6369537333635171,0.251,0.141,0.002666104788023775,H2,G12645
Sample-corrected (Harmony),8.310686512790256e-8,0.5170356362358066,0.208,0.107,0.002781254348370387,H2,G22300
Sample-corrected (Harmony),9.02024670531189e-8,0.461039116497695,0.347,0.214,0.0030187157623996768,H2,G13760
Sample-corrected (Harmony),1.2952504490924282e-7,0.4154498907271811,0.4,0.26,0.00433468515293272,H2,G3526
Sample-corrected (Harmony),1.3169540537754824e-7,0.5283195429386758,0.317,0.195,0.0044073184363650295,H2,G19467
Sample-corrected (Harmony),1.322177406129355e-7,0.3827627832687148,0.461,0.306,0.004424798907352499,H2,G27737
Sample-corrected (Harmony),1.33004819934557e-7,0.4807066140144851,0.637,0.486,0.0044511393039298845,H2,G3054
Sample-corrected (Harmony),1.4692080623369335e-7,0.3840388123259957,0.637,0.458,0.004916851701416782,H2,G20534
Sample-corrected (Harmony),1.6659473234471623e-7,0.5755252936169521,0.256,0.145,0.0055752593126482735,H2,G22219
Sample-corrected (Harmony),1.8660558382746852e-7,0.6281353258677906,0.251,0.142,0.006244942468370061,H2,G26928
Sample-corrected (Harmony),1.9422447787866792e-7,0.5693628388508163,0.472,0.325,0.0064999163766875,H2,G27416
Sample-corrected (Harmony),1.9502510749069945e-7,0.3638462713452466,0.304,0.182,0.006526710247283748,H2,G26656
Sample-corrected (Harmony),1.9903709906170804e-7,0.471815489862468,0.339,0.212,0.0066609755571991214,H2,G30395
Sample-corrected (Harmony),2.6469798279667347e-7,0.3029553735910271,0.405,0.261,0.008858382692273474,H2,G3838
Sample-corrected (Harmony),2.8081820748232783e-7,0.3125179328465328,0.232,0.128,0.009397862131603584,H2,G5214
Sample-corrected (Harmony),2.956148675016719e-7,0.28906595366060905,0.803,0.626,0.009893047155810951,H2,G16622
Sample-corrected (Harmony),3.107900159793312e-7,0.3334712606309289,0.419,0.274,0.010400898674764297,H2,G30550
Sample-corrected (Harmony),3.170701826532041e-7,0.6802349087965782,0.253,0.148,0.010611070732672128,H2,G3809
Sample-corrected (Harmony),3.218284681103818e-7,0.3909504404591906,0.579,0.417,0.010770311513782037,H2,G15078
Sample-corrected (Harmony),3.244856608630038e-7,0.4525933501419344,0.272,0.159,0.010859237126441285,H2,G1589
Sample-corrected (Harmony),3.5344444465586994e-7,0.315061377054212,0.245,0.137,0.011828371784853343,H2,G8902
Sample-corrected (Harmony),3.8103380434981164e-7,1.0111096286124759,0.2,0.108,0.012751677296370795,H2,G18375
Sample-corrected (Harmony),4.0829965429522554e-7,0.4237656558640608,0.315,0.193,0.013664156230644018,H2,G11650
Sample-corrected (Harmony),4.133409442445379e-7,0.5392977661216173,0.245,0.14,0.013832868040087706,H2,G21423
Sample-corrected (Harmony),4.14240356897611e-7,0.3743394947971076,0.256,0.147,0.01386296778393545,H2,G21496
Sample-corrected (Harmony),4.442134592734204e-7,0.4694423371621008,0.296,0.178,0.014866047628044287,H2,G17344
Sample-corrected (Harmony),4.6582851500864095e-7,0.487352638366813,0.251,0.142,0.015589417083279178,H2,G2131
Sample-corrected (Harmony),5.239814400670059e-7,0.5818987907553562,0.203,0.109,0.01753556287328242,H2,G14445
Sample-corrected (Harmony),6.152863872730476e-7,0.6367192451357064,0.221,0.123,0.020591174236479808,H2,G6211
Sample-corrected (Harmony),6.20767911115506e-7,0.5546514128804176,0.264,0.156,0.020774618913391524,H2,G22199
Sample-corrected (Harmony),6.301305653931918e-7,0.684672679739508,0.269,0.165,0.021087949501448554,H2,G1363
Sample-corrected (Harmony),6.754889272045658e-7,0.4948329877106147,0.291,0.178,0.022605912437828,H2,G25338
Sample-corrected (Harmony),6.909932987400449e-7,0.2963729216012163,0.315,0.188,0.023124781735634342,H2,G19598
Sample-corrected (Harmony),7.570803250864495e-7,0.442047612076351,0.507,0.366,0.02533645015934312,H2,G23987
Sample-corrected (Harmony),9.960801382796981e-7,0.4590398980923085,0.331,0.21,0.03333481790766838,H2,G11033
Sample-corrected (Harmony),1.0696169174258468e-6,0.609202531854854,0.211,0.117,0.03579579975857339,H2,G20651
Sample-corrected (Harmony),1.1140810480865476e-6,0.45727105307678584,0.216,0.12,0.0372838363552644,H2,G2636
Sample-corrected (Harmony),1.1483228858378693e-6,0.3809452018858819,0.24,0.137,0.03842977369745013,H2,G23105
Sample-corrected (Harmony),1.2785985696199685e-6,0.45155778271425095,0.456,0.321,0.04278957973090187,H2,G32739
Sample-corrected (Harmony),1.2910756116744455e-6,0.643106139954011,0.2,0.109,0.04320713642029699,H2,G1228
Sample-corrected (Harmony),1.3456009979063333e-6,0.4058554266444513,0.213,0.118,0.04503188299593335,H2,G5649
Sample-corrected (Harmony),1.582189804051986e-6,0.29913446115984393,0.227,0.128,0.05294956398240376,H2,G23866
Sample-corrected (Harmony),1.7935099390391969e-6,0.3613428664304359,0.325,0.207,0.06002160361988576,H2,G28063
Sample-corrected (Harmony),1.8200389236018084e-6,0.33351164370665654,0.275,0.166,0.060909422617258124,H2,G10753
Sample-corrected (Harmony),1.9561908193828727e-6,0.2907288672804116,0.336,0.212,0.06546588196146721,H2,G4652
Sample-corrected (Harmony),2.0541110958211536e-6,0.5844805589293882,0.229,0.131,0.06874288193275073,H2,G1172
Sample-corrected (Harmony),2.082199625525477e-6,0.2960472352589163,0.421,0.28,0.06968289266783562,H2,G30748
Sample-corrected (Harmony),2.144166105713121e-6,0.645130854208776,0.2,0.112,0.07175666289379531,H2,G32756
Sample-corrected (Harmony),2.3160544876212126e-6,0.3633890203492674,0.205,0.114,0.0775090794827315,H2,G2907
Sample-corrected (Harmony),2.676663405164023e-6,0.2669615526713649,0.467,0.322,0.0895772175172192,H2,G27546
Sample-corrected (Harmony),3.09757634081002e-6,0.5052640350633277,0.293,0.184,0.10366348982154813,H2,G15761
Sample-corrected (Harmony),3.211369707447651e-6,0.3947339025639126,0.269,0.164,0.1074716986294431,H2,G9225
Sample-corrected (Harmony),3.2932338817048805e-6,0.4921467066751918,0.28,0.174,0.11021136508513553,H2,G6094
Sample-corrected (Harmony),3.484235983305152e-6,0.5052011757012562,0.389,0.267,0.11660344141729022,H2,G31230
Sample-corrected (Harmony),3.6128308484404055e-6,0.3741901727170218,0.203,0.112,0.12090699717390661,H2,G20511
Sample-corrected (Harmony),3.6204428241756886e-6,0.4862803654706789,0.213,0.123,0.1211617395538636,H2,G13244
Sample-corrected (Harmony),3.816624590784359e-6,0.44813381516193024,0.256,0.154,0.12772715855518935,H2,G920
Sample-corrected (Harmony),3.921351450549924e-6,0.33722739487877523,0.213,0.123,0.13123194764410376,H2,G20822
Sample-corrected (Harmony),4.1705232095790825e-6,0.5983029231907829,0.211,0.121,0.13957072973177356,H2,G13860
Sample-corrected (Harmony),4.222786979125524e-6,0.34354486846082066,0.643,0.485,0.1413197890434148,H2,G1940
Sample-corrected (Harmony),4.63956309461346e-6,0.5706837576691992,0.44,0.324,0.15526761852433404,H2,G398
Sample-corrected (Harmony),4.658436823792591e-6,0.29486331788892794,0.493,0.35,0.15589924674504285,H2,G1894
Sample-corrected (Harmony),4.680392113298507e-6,0.43274106451606553,0.229,0.135,0.15663400246364784,H2,G24036
Sample-corrected (Harmony),4.798515924428672e-6,0.4031482482562412,0.299,0.192,0.16058713392692994,H2,G12027
Sample-corrected (Harmony),5.028996593640517e-6,0.357552145458083,0.237,0.139,0.16830040000277355,H2,G16610
Sample-corrected (Harmony),5.594991413237873e-6,0.28408029312159444,0.541,0.397,0.18724198263541866,H2,G23778
Sample-corrected (Harmony),5.924171783717673e-6,0.3406358668450592,0.293,0.186,0.19825833291389564,H2,G28566
Sample-corrected (Harmony),5.978130005680585e-6,0.35771444681534437,0.531,0.385,0.20006409877010645,H2,G21809
Sample-corrected (Harmony),5.988015223635491e-6,0.34975301391657165,0.395,0.271,0.20039491747418534,H2,G13843
Sample-corrected (Harmony),6.0241303745845086e-06,0.5207811890525758,0.243,0.147,0.20160354711584516,H2,G13984
Sample-corrected (Harmony),6.271948525181681e-6,0.5840827352050837,0.229,0.138,0.20989702934373014,H2,G942
Sample-corrected (Harmony),7.080338327410287e-6,0.2772682341444963,0.341,0.229,0.23695060246511268,H2,G26370
Sample-corrected (Harmony),7.545165443326948e-6,0.3454289908232779,0.291,0.182,0.25250650672637964,H2,G17749
Sample-corrected (Harmony),8.64090771334456e-6,0.34249927613060827,0.227,0.133,0.289176617534789,H2,G24576
Sample-corrected (Harmony),9.646497165010978e-6,0.33000577478846704,0.491,0.346,0.3228296741242574,H2,G24863
Sample-corrected (Harmony),1.0016491286735525e-5,0.3031264862165751,0.264,0.163,0.33521189740189106,H2,G21811
Sample-corrected (Harmony),1.0678078415802158e-5,0.37403498179480055,0.235,0.143,0.357352572263235,H2,G3645
Sample-corrected (Harmony),1.2550759037571283e-5,0.3086149126599277,0.259,0.159,0.4200237019513606,H2,G6891
Sample-corrected (Harmony),1.298287570635185e-5,0.49393155414711554,0.203,0.117,0.434484918388771,H2,G28476
Sample-corrected (Harmony),1.3555314890879191e-5,0.3162781031900661,0.245,0.152,0.45364216813816305,H2,G6721
Sample-corrected (Harmony),1.4325909398864919e-5,0.5525604927210879,0.237,0.147,0.4794308839424134,H2,G22258
Sample-corrected (Harmony),1.5160072911193781e-5,0.3425630127333448,0.317,0.208,0.5073470000460111,H2,G6557
Sample-corrected (Harmony),1.5518353224699242e-5,0.25463782284297,0.488,0.359,0.5193372090177848,H2,G20367
Sample-corrected (Harmony),1.7902067198814285e-5,0.4288725524231283,0.312,0.206,0.5991105808755188,H2,G24252
Sample-corrected (Harmony),1.8650817458439138e-5,0.5277281621293843,0.229,0.14,0.6241682570641242,H2,G932
Sample-corrected (Harmony),1.8983684186855094e-5,0.36793083958414474,0.328,0.218,0.6353079749972926,H2,G24936
Sample-corrected (Harmony),1.898997332413511e-5,0.2948640598625254,0.259,0.162,0.6355184472655055,H2,G4935
Sample-corrected (Harmony),2.0278824923219545e-5,0.28506798752703144,0.469,0.338,0.6786511548804652,H2,G23279
Sample-corrected (Harmony),2.0758187623330182e-5,0.6234324890736905,0.219,0.135,0.6946935070023679,H2,G5860
Sample-corrected (Harmony),2.1257712213836315e-5,0.35932104032719636,0.213,0.127,0.7114105969482462,H2,G5441
Sample-corrected (Harmony),2.1705167512058698e-5,0.4639380976528251,0.237,0.149,0.7263851359585564,H2,G15391
Sample-corrected (Harmony),2.1785753440221558e-5,0.5977154949548034,0.221,0.135,0.7290820246304547,H2,G6723
Sample-corrected (Harmony),2.3430771428940134e-5,0.5104961378323517,0.251,0.16,0.7841341966409106,H2,G26212
Sample-corrected (Harmony),2.4809634619461425e-5,0.2827492886163191,0.317,0.212,0.8302792321748961,H2,G31213
Sample-corrected (Harmony),2.5649509953814698e-5,0.2566126636049124,0.64,0.491,0.8583865001143627,H2,G28711
Sample-corrected (Harmony),2.7349162438215262e-5,0.3495438946675141,0.205,0.121,0.9152670701573119,H2,G18685
Sample-corrected (Harmony),2.80470080076021e-5,0.2771003026860077,0.555,0.419,0.9386211699824119,H2,G6496
Sample-corrected (Harmony),2.8338671209906136e-5,0.27769567581156474,0.301,0.201,0.9483819707107187,H2,G1230
Sample-corrected (Harmony),3.3814441002976465e-5,0.36652987056737807,0.328,0.22,1,H2,G10110
Sample-corrected (Harmony),3.447448476615209e-5,0.3219639512285848,0.253,0.158,1,H2,G5760
Sample-corrected (Harmony),3.5880317850100923e-5,0.4508951046402422,0.253,0.161,1,H2,G15398
Sample-corrected (Harmony),3.857514898183678e-5,0.3413100734321981,0.211,0.128,1,H2,G216
Sample-corrected (Harmony),4.002567433445774e-5,0.27456283068999143,0.405,0.286,1,H2,G28564
Sample-corrected (Harmony),4.163448562344518e-5,0.27290628614786583,0.221,0.136,1,H2,G3151
Sample-corrected (Harmony),4.1806866863221314e-5,0.2600584567480899,0.347,0.235,1,H2,G5541
Sample-corrected (Harmony),4.2237977419524666e-5,0.3431001328128198,0.221,0.135,1,H2,G27800
Sample-corrected (Harmony),5.341402514985264e-5,0.4698150317884894,0.219,0.137,1,H2,G29566
Sample-corrected (Harmony),5.442480009776175e-5,0.2665756105248227,0.333,0.226,1,H2,G20152
Sample-corrected (Harmony),5.636703693274227e-5,0.302490571635079,0.477,0.349,1,H2,G20645
Sample-corrected (Harmony),5.769279918099115e-5,0.4011218919349867,0.272,0.181,1,H2,G22484
Sample-corrected (Harmony),6.506643216490962e-5,0.3468704259354294,0.253,0.164,1,H2,G23006
Sample-corrected (Harmony),6.632633806852143e-5,0.349714579208128,0.253,0.166,1,H2,G21137
Sample-corrected (Harmony),7.347664480261221e-5,0.2816782471643682,0.245,0.156,1,H2,G25069
Sample-corrected (Harmony),7.656959626265557e-5,0.28003409468737517,0.389,0.276,1,H2,G3506
Sample-corrected (Harmony),8.535448776582743e-5,0.42740199118582045,0.235,0.151,1,H2,G4965
Sample-corrected (Harmony),8.749230619310655e-5,0.38404680076919007,0.261,0.174,1,H2,G26357
Sample-corrected (Harmony),9.977849963780988e-5,0.49151703188957874,0.205,0.127,1,H2,G24078
Sample-corrected (Harmony),1.0593505040432733e-4,0.28449664705609323,0.245,0.158,1,H2,G12804
Sample-corrected (Harmony),1.0968299895481547e-4,0.3082264935812816,0.296,0.201,1,H2,G5273
Sample-corrected (Harmony),1.1359735712370821e-4,0.5370940040548884,0.205,0.13,1,H2,G14814
Sample-corrected (Harmony),1.2018638001268517e-4,0.3635007331366563,0.213,0.135,1,H2,G2134
Sample-corrected (Harmony),1.257019852156173e-4,0.2612210808552605,0.208,0.129,1,H2,G20557
Sample-corrected (Harmony),1.30752417708107e-4,0.29316174134991535,0.251,0.162,1,H2,G3271
Sample-corrected (Harmony),1.377261895811557e-4,0.2651678061148821,0.347,0.244,1,H2,G12905
Sample-corrected (Harmony),1.4357013121066824e-4,0.3264599883758662,0.237,0.156,1,H2,G30940
Sample-corrected (Harmony),1.4903048360760614e-4,0.28968315946660317,0.216,0.138,1,H2,G1594
Sample-corrected (Harmony),1.527502880089617e-4,0.3530080252507851,0.227,0.146,1,H2,G8036
Sample-corrected (Harmony),1.8520945327483895e-4,0.32577018349635767,0.256,0.172,1,H2,G20501
Sample-corrected (Harmony),2.1606090938153979e-4,0.7601758334562629,0.485,0.393,1,H2,G338
Sample-corrected (Harmony),2.36825249411363e-4,0.43499950223795136,0.315,0.222,1,H2,G15080
Sample-corrected (Harmony),2.6045888355319933e-4,0.5772034311871621,0.203,0.131,1,H2,G11910
Sample-corrected (Harmony),2.6247653390772693e-4,0.323948574542813,0.36,0.257,1,H2,G27258
Sample-corrected (Harmony),2.645463287959017e-4,0.29486209977029687,0.267,0.179,1,H2,G23122
Sample-corrected (Harmony),2.726370124532635e-4,0.33303894034125475,0.205,0.13,1,H2,G10147
Sample-corrected (Harmony),3.0117028553753195e-4,0.3636367393434088,0.32,0.228,1,H2,G21782
Sample-corrected (Harmony),3.025302028042246e-4,0.9212089928700915,0.213,0.141,1,H2,G22508
Sample-corrected (Harmony),3.033586541465531e-4,0.32343000157505086,0.224,0.147,1,H2,G16222
Sample-corrected (Harmony),3.3160701240370506e-4,0.34318112096911557,0.216,0.142,1,H2,G12682
Sample-corrected (Harmony),3.3870017105519246e-4,0.413284239530064,0.203,0.13,1,H2,G32289
Sample-corrected (Harmony),3.7864322387771716e-4,0.39753588747376223,0.235,0.159,1,H2,G20622
Sample-corrected (Harmony),4.049023222876105e-4,0.28569757088021014,0.216,0.141,1,H2,G25063
Sample-corrected (Harmony),4.187837897881343e-4,0.2565540968937212,0.269,0.185,1,H2,G5077
Sample-corrected (Harmony),4.2248054036735344e-4,0.35892716210054654,0.216,0.142,1,H2,G625
Sample-corrected (Harmony),4.3324521032895696e-4,0.2869872473092743,0.317,0.223,1,H2,G29601
Sample-corrected (Harmony),5.026535305333755e-4,0.44539635903044206,0.227,0.15,1,H2,G13880
Sample-corrected (Harmony),5.442799404584883e-4,0.3194147967312879,0.24,0.162,1,H2,G23538
Sample-corrected (Harmony),5.459190820537125e-4,0.3171948320691499,0.272,0.187,1,H2,G28520
Sample-corrected (Harmony),5.641806875601537e-4,0.26136934836989534,0.392,0.291,1,H2,G11034
Sample-corrected (Harmony),5.697880881780318e-4,0.5196060238558411,0.221,0.15,1,H2,G22249
Sample-corrected (Harmony),6.016492377787555e-4,0.46697922006158554,0.24,0.165,1,H2,G3301
Sample-corrected (Harmony),6.037739172309757e-4,0.30444974039405226,0.56,0.456,1,H2,G16506
Sample-corrected (Harmony),6.041149229147036e-4,0.4829652170299992,0.208,0.138,1,H2,G23363
Sample-corrected (Harmony),6.043904838145008e-4,0.4215127024701588,0.253,0.179,1,H2,G31199
Sample-corrected (Harmony),6.384944791012389e-4,0.26459037069922053,0.237,0.16,1,H2,G17552
Sample-corrected (Harmony),6.689873492038866e-4,0.3053536950470195,0.251,0.173,1,H2,G2286
Sample-corrected (Harmony),7.880887556955575e-4,0.3186787031477592,0.2,0.132,1,H2,G31928
Sample-corrected (Harmony),0.0012053749648121676,0.30208322955770406,0.229,0.158,1,H2,G17697
Sample-corrected (Harmony),0.001288733705078574,0.2963504747950171,0.2,0.134,1,H2,G4972
Sample-corrected (Harmony),0.0014481011599987582,0.37527284568521546,0.232,0.164,1,H2,G24512
Sample-corrected (Harmony),0.0014481011599987582,0.37527284568521546,0.232,0.164,1,H2,G24513
Sample-corrected (Harmony),0.001448744702422188,0.3042846469808558,0.208,0.141,1,H2,G25372
Sample-corrected (Harmony),0.0015152809157027304,0.29682552763069825,0.205,0.138,1,H2,G14479
Sample-corrected (Harmony),0.0015376071862488161,0.27176167792138983,1,0.994,1,H2,G32887
Sample-corrected (Harmony),0.0027308133378659313,0.252023374168699,0.264,0.192,1,H2,G26425
Sample-corrected (Harmony),0.0027610879805224273,0.3131092498276187,0.203,0.141,1,H2,G26985
Sample-corrected (Harmony),0.002831390565734463,0.33629169222190625,0.275,0.197,1,H2,G21529
Sample-corrected (Harmony),0.002844917446617988,0.28954181753244823,0.419,0.327,1,H2,G31084
Sample-corrected (Harmony),0.0034652610474516735,0.3841312562360173,0.288,0.213,1,H2,G5571
Sample-corrected (Harmony),0.0036833574368254915,0.32101523253519426,0.275,0.204,1,H2,G17304
Sample-corrected (Harmony),0.003807892987974064,0.2667761021259221,0.243,0.176,1,H2,G20483
Sample-corrected (Harmony),0.006342390393416224,0.28638468081793667,0.232,0.174,1,H2,G14058
Sample-corrected (Harmony),1.2967521772848062e-87,2.505002937796197,0.381,0.047,4.3397108365013325e-83,H3,G26283
Sample-corrected (Harmony),3.206675762957757e-80,3.3032905218697124,0.264,0.02,1.073146110831443e-75,H3,G30017
Sample-corrected (Harmony),7.734799064258374e-75,3.0238872070970455,0.273,0.025,2.5885278548447074e-70,H3,G23044
Sample-corrected (Harmony),2.5463659131777404e-74,3.0040537048151323,0.284,0.028,8.521668165040626e-70,H3,G25938
Sample-corrected (Harmony),2.5463659131777404e-74,3.0040537048151323,0.284,0.028,8.521668165040626e-70,H3,G25939
Sample-corrected (Harmony),2.836190082653482e-74,2.4289557563362303,0.597,0.173,9.491593730608142e-70,H3,G28051
Sample-corrected (Harmony),4.147656889284607e-74,2.36291132154244,0.358,0.051,1.3880548545679866e-69,H3,G5093
Sample-corrected (Harmony),2.570509830149803e-73,3.271893922766437,0.293,0.032,8.60246819757933e-69,H3,G28009
Sample-corrected (Harmony),6.852809924371685e-72,2.593102877275948,0.31,0.037,2.293361369290228e-67,H3,G5508
Sample-corrected (Harmony),2.187876457823661e-71,2.9947425342829037,0.386,0.068,7.321947353752664e-67,H3,G28104
Sample-corrected (Harmony),7.301079793105979e-71,2.306559422515724,0.455,0.095,2.443379363560847e-66,H3,G32281
Sample-corrected (Harmony),1.2666956675049133e-70,3.3823983899263483,0.247,0.021,4.2391237208719426e-66,H3,G30047
Sample-corrected (Harmony),3.9167670951825757e-69,2.2957593160780414,0.327,0.045,1.3107852760738007e-64,H3,G23598
Sample-corrected (Harmony),3.393519185519602e-68,1.666833230395534,0.398,0.07,1.13567513062599e-63,H3,G32642
Sample-corrected (Harmony),6.900618996812665e-65,1.8304476053809462,0.625,0.198,2.3093611534733265e-60,H3,G15286
Sample-corrected (Harmony),3.608523277550863e-64,2.8067030064294123,0.239,0.023,1.2076284000651718e-59,H3,G11024
Sample-corrected (Harmony),7.241878671824995e-63,2.603342206119582,0.25,0.027,2.423567116312953e-58,H3,G17142
Sample-corrected (Harmony),2.690459620142925e-59,2.163624025776155,0.389,0.081,9.003892164770313e-55,H3,G32283
Sample-corrected (Harmony),1.416790260137766e-57,2.3139451614925686,0.29,0.043,4.741430284577048e-53,H3,G18007
Sample-corrected (Harmony),6.159056158776362e-57,2.1391100509493794,0.278,0.039,2.0611897340960972e-52,H3,G23597
Sample-corrected (Harmony),6.790469806907007e-57,2.6612577464185843,0.224,0.023,2.2724986255794992e-52,H3,G761
Sample-corrected (Harmony),1.1336388917204794e-56,2.064912433125856,0.361,0.071,3.7938359150317564e-52,H3,G27829
Sample-corrected (Harmony),6.863362704607947e-55,2.349946222165996,0.239,0.029,2.2968929627240955e-50,H3,G26244
Sample-corrected (Harmony),6.85243404359161e-54,2.117479460106403,0.281,0.043,2.2932355770283683e-49,H3,G19131
Sample-corrected (Harmony),1.994249674449498e-52,2.3108805989180534,0.239,0.031,6.67395596051269e-48,H3,G26241
Sample-corrected (Harmony),1.3249750186068812e-51,2.236327339482722,0.295,0.051,4.434161397269789e-47,H3,G11018
Sample-corrected (Harmony),9.748953969757724e-51,2.8989132870791448,0.205,0.022,3.26258493551912e-46,H3,G28191
Sample-corrected (Harmony),2.51515306704536e-49,2.0146223002234893,0.406,0.104,8.417211254174002e-45,H3,G22596
Sample-corrected (Harmony),5.309043683764019e-48,2.4837409527710275,0.224,0.03,1.7767245592084666e-43,H3,G26243
Sample-corrected (Harmony),2.3639039450540693e-47,1.5478719848012241,0.526,0.173,7.911040942517949e-43,H3,G11852
Sample-corrected (Harmony),1.6640468358870867e-45,1.4814357644876543,0.423,0.115,5.568899140979724e-41,H3,G1563
Sample-corrected (Harmony),4.695106238958862e-45,3.3857682184652353,0.332,0.08,1.5712642539299728e-40,H3,G29424
Sample-corrected (Harmony),1.0801287463815e-43,2.0588750607283486,0.213,0.03,3.614758862640328e-39,H3,G4666
Sample-corrected (Harmony),3.1637844037083215e-43,2.440588182216268,0.202,0.027,1.0587920885450268e-38,H3,G20326
Sample-corrected (Harmony),2.932748172818236e-42,1.7421085140487804,0.256,0.046,9.81473503515351e-38,H3,G2189
Sample-corrected (Harmony),5.742384313909138e-42,1.9022599158825753,0.347,0.089,1.921746334492832e-37,H3,G21075
Sample-corrected (Harmony),2.7976342605181677e-41,1.619101134547742,0.653,0.304,9.3625628162501e-37,H3,G11676
Sample-corrected (Harmony),3.351666432904785e-41,2.071641139713227,0.213,0.032,1.1216686884359152e-36,H3,G1794
Sample-corrected (Harmony),1.4238671404670868e-40,1.9136202840697412,0.369,0.101,4.765113772287153e-36,H3,G22595
Sample-corrected (Harmony),2.4373395909311915e-40,1.6974640574155577,0.256,0.049,8.156800675010325e-36,H3,G18561
Sample-corrected (Harmony),3.2425009593696384e-40,2.02548685261681,0.284,0.062,1.0851353710626432e-35,H3,G16323
Sample-corrected (Harmony),1.267471200830416e-37,1.397030678014124,0.267,0.056,4.24171912069907e-33,H3,G30831
Sample-corrected (Harmony),3.6034144398199585e-37,1.23775018805135,0.455,0.15,1.2059186764301473e-32,H3,G11846
Sample-corrected (Harmony),1.1909631044335538e-36,1.5843215325162467,0.474,0.176,3.9856771252973313e-32,H3,G17803
Sample-corrected (Harmony),5.8863335108191576e-36,1.5498807968065267,0.344,0.097,1.9699203727307393e-31,H3,G29317
Sample-corrected (Harmony),1.2992919056793392e-35,1.7567207065958417,0.304,0.078,4.348210291546476e-31,H3,G22936
Sample-corrected (Harmony),3.51914524840954e-35,1.86599201292705,0.261,0.059,1.1777171488327367e-30,H3,G11682
Sample-corrected (Harmony),7.650292786404437e-35,1.3370997753071727,0.27,0.062,2.5602469838981087e-30,H3,G4955
Sample-corrected (Harmony),4.6420226778153105e-34,1.4446046679743239,0.25,0.055,1.5534993093576718e-29,H3,G32430
Sample-corrected (Harmony),8.301308690119543e-34,1.1467042673356862,0.395,0.126,2.7781159662354063e-29,H3,G25305
Sample-corrected (Harmony),1.5083987290610576e-33,1.2435260562679324,0.364,0.111,5.0480071866757355e-29,H3,G29321
Sample-corrected (Harmony),8.137273561410216e-33,0.7881275109238872,0.375,0.113,2.723219970061543e-28,H3,G27549
Sample-corrected (Harmony),1.792869111840858e-31,1.0053667215600508,0.52,0.214,6.000015769686616e-27,H3,G18692
Sample-corrected (Harmony),3.8350939964780615e-31,1.3978139634795284,0.293,0.08,1.283452556861348e-26,H3,G21779
Sample-corrected (Harmony),5.6704042576623e-31,1.2442878984597578,0.497,0.197,1.8976574888692653e-26,H3,G32475
Sample-corrected (Harmony),1.4069490168916428e-30,1.3243738788540877,0.327,0.098,4.708495579929572e-26,H3,G2789
Sample-corrected (Harmony),1.4069490168916428e-30,1.3243738788540877,0.327,0.098,4.708495579929572e-26,H3,G2790
Sample-corrected (Harmony),1.4472139188327095e-30,1.3826430663816716,0.241,0.056,4.8432461007655455e-26,H3,G3620
Sample-corrected (Harmony),2.558459681519573e-29,1.0113183743443226,0.227,0.052,8.562141170173403e-25,H3,G3621
Sample-corrected (Harmony),2.656482085651692e-29,0.9419518261121398,0.389,0.134,8.890182947841953e-25,H3,G25649
Sample-corrected (Harmony),5.634278249427875e-29,1.2982075583403894,0.287,0.082,1.8855675589535326e-24,H3,G17796
Sample-corrected (Harmony),1.1488557888536876e-28,0.7665697875232839,0.432,0.155,3.844760782977751e-24,H3,G222
Sample-corrected (Harmony),1.157004195453275e-28,1.0598108083457765,0.565,0.258,3.87203024050393e-24,H3,G15945
Sample-corrected (Harmony),1.3251908347455214e-28,1.2999033178898112,0.298,0.087,4.434883647559362e-24,H3,G7302
Sample-corrected (Harmony),2.5248457940054366e-28,1.2434726008869719,0.233,0.056,8.449648934218595e-24,H3,G30203
Sample-corrected (Harmony),3.4108605936401834e-28,1.2408550539225904,0.307,0.093,1.1414786062676238e-23,H3,G24784
Sample-corrected (Harmony),1.1094770753018119e-27,1.0403765523680424,0.25,0.065,3.7129759802050436e-23,H3,G19693
Sample-corrected (Harmony),1.1480361381692752e-27,1.4888503957544024,0.213,0.05,3.8420177399972965e-23,H3,G10964
Sample-corrected (Harmony),1.9937819130798173e-27,1.6247971152380916,0.435,0.172,6.672390550312917e-23,H3,G5467
Sample-corrected (Harmony),9.573609667543379e-27,1.2362210768055575,0.253,0.069,3.2039042113400674e-22,H3,G29757
Sample-corrected (Harmony),8.42664775293502e-26,1.6737949303496134,0.253,0.073,2.8200619369972336e-21,H3,G14881
Sample-corrected (Harmony),8.5607357910793e-26,0.8095763927798328,0.338,0.112,2.8649358398425985e-21,H3,G6183
Sample-corrected (Harmony),1.9867725257018635e-25,1.4360280027309469,0.281,0.088,6.648932934513857e-21,H3,G16385
Sample-corrected (Harmony),4.778524658353289e-25,1.0501996617816043,0.295,0.094,1.5991810621645117e-20,H3,G5173
Sample-corrected (Harmony),2.1783542659666403e-24,0.8545353775052397,0.29,0.092,7.290080386483958e-20,H3,G19108
Sample-corrected (Harmony),8.952566431868917e-24,0.9683923393399143,0.281,0.088,2.9960658820892514e-19,H3,G10490
Sample-corrected (Harmony),9.948156701473433e-24,0.8612127602336934,0.548,0.266,3.329250121715099e-19,H3,G6852
Sample-corrected (Harmony),1.364045420568933e-23,1.3992309749055947,0.236,0.068,4.564914404475992e-19,H3,G16386
Sample-corrected (Harmony),2.805817406006903e-23,0.7003274646455584,0.307,0.103,9.389948530942702e-19,H3,G19692
Sample-corrected (Harmony),5.181538896894204e-23,1.3455853088644716,0.276,0.09,1.7340538072346142e-18,H3,G26299
Sample-corrected (Harmony),5.2681042289949306e-23,0.5248768151325209,0.548,0.243,1.7630237612754437e-18,H3,G31230
Sample-corrected (Harmony),1.216895736194471e-22,0.747213980262271,0.338,0.123,4.0724632707484165e-18,H3,G22508
Sample-corrected (Harmony),1.4164500502799512e-22,0.9031805804768781,0.233,0.066,4.740291738266885e-18,H3,G26893
Sample-corrected (Harmony),4.568631693284769e-22,0.741226318869074,0.375,0.144,1.5289382824746808e-17,H3,G9207
Sample-corrected (Harmony),5.239623947235346e-22,0.5518096722871082,0.429,0.179,1.753492550181781e-17,H3,G21299
Sample-corrected (Harmony),1.3586847657854703e-21,0.47564259656709895,0.486,0.215,4.5469744371776547e-17,H3,G21300
Sample-corrected (Harmony),2.4932562752869067e-21,0.7709890735315945,0.347,0.132,8.343931450875162e-17,H3,G3722
Sample-corrected (Harmony),2.4932562752869067e-21,0.7709890735315945,0.347,0.132,8.343931450875162e-17,H3,G3723
Sample-corrected (Harmony),5.601666015926836e-21,0.9691243733086005,0.236,0.072,1.874653548890075e-16,H3,G28642
Sample-corrected (Harmony),8.260534088245418e-21,1.2831179268761608,0.239,0.075,2.7644703379722114e-16,H3,G25664
Sample-corrected (Harmony),8.366176969679715e-21,1.184773443014453,0.227,0.069,2.7998247846730135e-16,H3,G3227
Sample-corrected (Harmony),1.2152452012559532e-20,0.46624118456069863,0.528,0.245,4.066939590523173e-16,H3,G27029
Sample-corrected (Harmony),1.720752382178954e-20,1.0369246398370757,0.202,0.057,5.758669922200088e-16,H3,G5940
Sample-corrected (Harmony),3.167664422156705e-20,1.0867347980523818,0.241,0.078,1.060090575518963e-15,H3,G21960
Sample-corrected (Harmony),3.606243647848597e-20,0.6079068734195908,0.224,0.067,1.2068654991890114e-15,H3,G24659
Sample-corrected (Harmony),6.714611193195113e-20,0.8313185266484514,0.366,0.149,2.2471117819146763e-15,H3,G21137
Sample-corrected (Harmony),1.110197071531305e-19,0.4285432746575073,0.614,0.305,3.715385519586665e-15,H3,G27416
Sample-corrected (Harmony),2.0130786374035971e-19,0.5995015905120182,0.491,0.226,6.736968967934878e-15,H3,G5261
Sample-corrected (Harmony),2.026893877306231e-19,0.691543822493299,0.565,0.289,6.7832030497930326e-15,H3,G5350
Sample-corrected (Harmony),2.1830849239939193e-19,0.4594424335754118,0.236,0.075,7.30591200663805e-15,H3,G18281
Sample-corrected (Harmony),2.7479254580619374e-19,0.5200713993062882,0.543,0.265,9.19620733795008e-15,H3,G28564
Sample-corrected (Harmony),2.8070531509694877e-19,0.6888096167744484,0.358,0.147,9.394084075034488e-15,H3,G11299
Sample-corrected (Harmony),3.4056332837867377e-19,0.4617651060839636,0.545,0.268,1.1397292347520696e-14,H3,G11034
Sample-corrected (Harmony),4.982187736806682e-19,0.5202052952536342,0.54,0.272,1.6673389479997244e-14,H3,G13261
Sample-corrected (Harmony),6.75487979899419e-19,0.5769270115907068,0.216,0.066,2.2605880735313956e-14,H3,G24660
Sample-corrected (Harmony),8.539873417490268e-19,0.649553381619176,0.324,0.128,2.857954037897293e-14,H3,G24814
Sample-corrected (Harmony),1.5562982929578364e-18,0.4808286558962762,0.474,0.224,5.208307867212695e-14,H3,G19132
Sample-corrected (Harmony),4.635462566050029e-18,0.6765763280902006,0.267,0.095,1.5513039023543026e-13,H3,G25693
Sample-corrected (Harmony),1.3796051133331952e-17,0.6999211187212335,0.284,0.108,4.616986472280871e-13,H3,G4149
Sample-corrected (Harmony),1.5919029649853235e-17,0.44473967239975964,0.472,0.223,5.327462462619884e-13,H3,G10072
Sample-corrected (Harmony),1.8579436633903684e-17,0.7922350139011085,0.253,0.091,6.217794263902207e-13,H3,G10452
Sample-corrected (Harmony),1.8587520943014172e-17,0.8386892899921154,0.21,0.067,6.220499758789123e-13,H3,G12729
Sample-corrected (Harmony),2.2019139147413727e-17,0.5530582353612676,0.25,0.089,7.368925107073478e-13,H3,G19102
Sample-corrected (Harmony),2.775220608276173e-17,0.8465461549004354,0.27,0.101,9.28755328765704e-13,H3,G26434
Sample-corrected (Harmony),3.0340478735430716e-17,0.6189203366778906,0.264,0.097,1.0153744613599243e-12,H3,G25815
Sample-corrected (Harmony),4.5334177813566954e-17,0.6275156887896982,0.298,0.117,1.5171535947088317e-12,H3,G21559
Sample-corrected (Harmony),5.667348425323867e-17,0.42495547816734014,0.401,0.181,1.8966348240188856e-12,H3,G9145
Sample-corrected (Harmony),6.453170552481103e-17,0.5354623157501976,0.44,0.21,2.159618057093326e-12,H3,G19035
Sample-corrected (Harmony),7.525635813776957e-17,0.46376829833922883,0.739,0.457,2.5185292814385963e-12,H3,G15938
Sample-corrected (Harmony),7.664813044677465e-17,0.696660355872857,0.426,0.207,2.5651063335317606e-12,H3,G29601
Sample-corrected (Harmony),9.037931134625215e-17,0.5858890658371152,0.429,0.205,3.0246340335136746e-12,H3,G3027
Sample-corrected (Harmony),9.216844434712805e-17,0.47167148141091353,0.474,0.231,3.0845091585209875e-12,H3,G21303
Sample-corrected (Harmony),9.854646237982411e-17,0.4751236788572548,0.977,0.887,3.2979559100031936e-12,H3,MZ497416.1:16289..17324-df-g
Sample-corrected (Harmony),1.0872546945261066e-16,0.6037808660178947,0.568,0.309,3.638606560701068e-12,H3,G1225
Sample-corrected (Harmony),1.2182667757228037e-16,0.6719139514424965,0.33,0.14,4.077051591633935e-12,H3,G1224
Sample-corrected (Harmony),1.8453888079759558e-16,0.36242425276462054,0.449,0.216,6.1757781847723335e-12,H3,G24104
Sample-corrected (Harmony),2.0337063911395308e-16,0.7640163371284839,0.304,0.125,6.806001808587554e-12,H3,G18690
Sample-corrected (Harmony),2.2215936348452613e-16,0.42721528881894044,0.369,0.161,7.434785258373152e-12,H3,G25300
Sample-corrected (Harmony),2.481718054191263e-16,0.5064045074341905,0.321,0.134,8.305317640156481e-12,H3,G19705
Sample-corrected (Harmony),3.8273508368496136e-16,0.5661040805664282,0.355,0.155,1.2808612310600917e-11,H3,G25420
Sample-corrected (Harmony),5.999115999501781e-16,0.46093848164381995,0.27,0.104,2.0076641603932662e-11,H3,G3454
Sample-corrected (Harmony),8.952091670790805e-16,0.412510622760762,0.452,0.221,2.995906998546851e-11,H3,G5563
Sample-corrected (Harmony),9.000978207595308e-16,0.3687767750250507,0.457,0.226,3.012267366953846e-11,H3,G24106
Sample-corrected (Harmony),1.1301593338214433e-15,0.37719951244154204,0.347,0.151,3.7821912265668425e-11,H3,G25544
Sample-corrected (Harmony),1.2783274160200444e-15,0.4507736091552861,0.719,0.413,4.27805053045268e-11,H3,G11483
Sample-corrected (Harmony),1.6451292666596055e-15,0.42558904754889115,0.327,0.139,5.5055896038030357e-11,H3,G15868
Sample-corrected (Harmony),1.7151126071227982e-15,0.6353933765302789,0.29,0.117,5.739795850997156e-11,H3,G32289
Sample-corrected (Harmony),1.8327848189534645e-15,0.3052316634798913,0.315,0.135,6.133597675109664e-11,H3,G4449
Sample-corrected (Harmony),2.4600704906817443e-15,1.038784958321402,0.222,0.082,8.232871904115525e-11,H3,G15152
Sample-corrected (Harmony),4.3571699021618265e-15,0.5045633807662326,0.369,0.171,1.4581704794574768e-10,H3,G17749
Sample-corrected (Harmony),6.013764792097755e-15,0.35605154052981697,0.253,0.097,2.0125665253234345e-10,H3,G15381
Sample-corrected (Harmony),6.197906929697481e-15,0.4688418875783975,0.304,0.128,2.0741915330925588e-10,H3,G19704
Sample-corrected (Harmony),7.256923672396093e-15,1.0367640859892824,0.23,0.088,2.4286020762040764e-10,H3,G15272
Sample-corrected (Harmony),1.2969056702859304e-14,0.35922162135521873,0.338,0.148,4.3402245161788946e-10,H3,G24512
Sample-corrected (Harmony),1.2969056702859304e-14,0.35922162135521873,0.338,0.148,4.3402245161788946e-10,H3,G24513
Sample-corrected (Harmony),1.403724568162539e-14,0.8568008262862848,0.301,0.133,4.697704639812753e-10,H3,G11849
Sample-corrected (Harmony),1.7786066193739288e-14,0.3922385727731357,0.398,0.188,5.952284912396791e-10,H3,G2014
Sample-corrected (Harmony),2.2027707229860024e-14,0.31532173954334997,0.412,0.198,7.371792501544955e-10,H3,G20713
Sample-corrected (Harmony),2.4731110201744075e-14,0.6777612072414445,0.253,0.101,8.276513340115672e-10,H3,G16238
Sample-corrected (Harmony),2.5757469096369874e-14,0.4477924494957346,0.517,0.281,8.619994607791142e-10,H3,G20327
Sample-corrected (Harmony),2.838011165813231e-14,0.48347859409703964,0.514,0.293,9.497688167510559e-10,H3,G13917
Sample-corrected (Harmony),3.5005819746268016e-14,0.38573678270983036,0.284,0.118,1.1715047636286054e-9,H3,G17154
Sample-corrected (Harmony),3.6694711823659803e-14,0.32283194708945295,0.48,0.244,1.228025225890599e-9,H3,G21059
Sample-corrected (Harmony),3.730751119418427e-14,0.5207527975113477,0.298,0.127,1.248533169624571e-9,H3,G17179
Sample-corrected (Harmony),4.622167316726611e-14,0.4961987642495207,0.511,0.268,1.5468545142157276e-9,H3,G25782
Sample-corrected (Harmony),4.878158626163872e-14,0.40029821325362014,0.409,0.201,1.6325245658320015e-9,H3,G16734
Sample-corrected (Harmony),5.694192175558265e-14,0.30911527351084933,0.298,0.128,1.905618353472329e-9,H3,G25372
Sample-corrected (Harmony),6.075827693441029e-14,0.6690950410389906,0.261,0.109,2.0333364958869747e-9,H3,G28476
Sample-corrected (Harmony),6.464755706315397e-14,0.7520191376329051,0.312,0.139,2.1634951446755107e-9,H3,G5468
Sample-corrected (Harmony),6.464755706315397e-14,0.7520191376329051,0.312,0.139,2.1634951446755107e-9,H3,G5470
Sample-corrected (Harmony),7.099370908618577e-14,0.5962369872281581,0.298,0.131,2.375875468278293e-9,H3,G15941
Sample-corrected (Harmony),7.585017362638429e-14,0.6150735456760019,0.241,0.097,2.5384019105805764e-9,H3,G6265
Sample-corrected (Harmony),7.998034063430895e-14,0.3806378198858148,0.239,0.094,2.676622079667783e-9,H3,G3000
Sample-corrected (Harmony),8.440784863405425e-14,0.44105052615875806,0.946,0.842,2.8247930623872595e-9,H3,MZ497416.1:99..1303-df-g
Sample-corrected (Harmony),9.622212319314417e-14,0.4011744987572893,0.423,0.214,3.220169574781763e-9,H3,G17750
Sample-corrected (Harmony),1.1729018386353493e-13,0.34504154694738776,0.526,0.279,3.92523329317706e-9,H3,G24305
Sample-corrected (Harmony),1.522535805966677e-13,0.4232662827329298,0.293,0.125,5.0953183282480814e-9,H3,G17177
Sample-corrected (Harmony),1.5663852783360653e-13,0.4978908752643313,0.307,0.141,5.242064972479476e-9,H3,G13932
Sample-corrected (Harmony),1.5681331317056083e-13,0.2596218786861888,0.514,0.268,5.247914338565989e-9,H3,G20574
Sample-corrected (Harmony),1.589486553076508e-13,0.4498801695922201,0.489,0.259,5.319375698525842e-9,H3,G22649
Sample-corrected (Harmony),1.9833668437300182e-13,0.44405660444014483,0.926,0.763,6.637535479226879e-9,H3,MZ497416.1:11544..12255-df-g
Sample-corrected (Harmony),2.1082932127699147e-13,0.4480043336373778,0.25,0.102,7.0556140658557965e-9,H3,G7797
Sample-corrected (Harmony),2.4568023356524885e-13,0.3962142520584076,0.29,0.126,8.221934696494618e-9,H3,G23363
Sample-corrected (Harmony),3.1087875615847893e-13,0.6246448535555285,0.21,0.08,1.0403868453599655e-8,H3,G5347
Sample-corrected (Harmony),3.8745992308024265e-13,0.40538287854550514,0.423,0.216,1.2966733785803401e-8,H3,G28703
Sample-corrected (Harmony),3.88421774243843e-13,0.5368234451891344,0.347,0.166,1.299892309684445e-8,H3,G15727
Sample-corrected (Harmony),4.2410932609494263e-13,0.3911702094094841,0.344,0.158,1.419324270709335e-8,H3,G5820
Sample-corrected (Harmony),4.448070414580937e-13,0.3940580552152917,0.347,0.163,1.4885912449436564e-8,H3,G6926
Sample-corrected (Harmony),4.592327657856274e-13,0.5436504397446088,0.216,0.084,1.5368683739781806e-8,H3,G14366
Sample-corrected (Harmony),5.228161699109613e-13,0.39240752311386895,0.358,0.172,1.7496565942240233e-8,H3,G5077
Sample-corrected (Harmony),6.592446838572226e-13,0.4670192724729587,0.216,0.083,2.2062282589965813e-8,H3,G2190
Sample-corrected (Harmony),6.635976483726258e-13,0.5106630774263221,0.514,0.288,2.2207958900438294e-8,H3,G32883
Sample-corrected (Harmony),6.653633564222347e-13,0.2772428268057788,0.361,0.176,2.226705008602651e-8,H3,G2486
Sample-corrected (Harmony),6.995376753758247e-13,0.5957515315419143,0.327,0.155,2.341072784412735e-8,H3,G9066
Sample-corrected (Harmony),7.079389288373751e-13,0.4386850692928892,0.943,0.805,2.3691884192471595e-8,H3,MZ497416.1:17606..18067-df-g
Sample-corrected (Harmony),7.394586248905018e-13,0.37111644168483116,0.281,0.124,2.4746722340585533e-8,H3,G2847
Sample-corrected (Harmony),8.645710637979294e-13,0.2924138289868421,0.503,0.27,2.8933735221061505e-8,H3,G937
Sample-corrected (Harmony),9.092814485396577e-13,0.3189573503182743,0.466,0.245,3.043001295682818e-8,H3,G28245
Sample-corrected (Harmony),9.344796220564633e-13,0.3882527993057535,0.239,0.097,3.12732950317416e-8,H3,G24384
Sample-corrected (Harmony),1.1100225887845388e-12,0.35010776685568484,0.236,0.096,3.7148015956263376e-8,H3,G15253
Sample-corrected (Harmony),1.1249723460625439e-12,0.3063145987979894,0.344,0.164,3.764832453332909e-8,H3,G12407
Sample-corrected (Harmony),1.156068805819016e-12,0.5654320440956357,0.23,0.094,3.868899865553919e-8,H3,G17128
Sample-corrected (Harmony),1.1992378817760417e-12,0.26130884521462894,0.25,0.104,4.013369495151701e-8,H3,G4500
Sample-corrected (Harmony),1.2781141497242024e-12,0.36794495262830906,0.244,0.101,4.277336813467016e-8,H3,G27243
Sample-corrected (Harmony),1.3253128309338483e-12,0.6476492690839889,0.21,0.082,4.435291920003217e-8,H3,G1928
Sample-corrected (Harmony),1.5575779256520198e-12,0.3517708016146347,0.25,0.105,5.2125902859870494e-8,H3,G32756
Sample-corrected (Harmony),1.693054769497986e-12,0.48201974797035263,0.33,0.156,5.66597709160196e-8,H3,G21342
Sample-corrected (Harmony),1.790347889791299e-12,0.7358990945603909,0.281,0.127,5.99157824797556e-8,H3,G26330
Sample-corrected (Harmony),1.8877045218465863e-12,0.5415803104940335,0.219,0.088,6.317391952811786e-8,H3,G5492
Sample-corrected (Harmony),2.1141636269640212e-12,0.8441841152734604,0.202,0.078,7.075259993997794e-8,H3,G2999
Sample-corrected (Harmony),2.1450364713980633e-12,0.32811685690586945,0.423,0.22,7.178579055180759e-8,H3,G25485
Sample-corrected (Harmony),2.159923532221944e-12,0.2513940152494989,0.764,0.467,7.228400092933958e-8,H3,G27591
Sample-corrected (Harmony),2.6363555411978416e-12,0.42417740796279124,0.281,0.128,8.822827454172696e-8,H3,G29566
Sample-corrected (Harmony),2.673072386691321e-12,0.2758371348988098,0.429,0.221,8.945704049301175e-8,H3,ND5
Sample-corrected (Harmony),2.854186351750963e-12,0.27532356642225886,0.54,0.305,9.551820044769774e-8,H3,G5805
Sample-corrected (Harmony),2.863091563123129e-12,0.3747531333889832,0.321,0.152,9.581622225147863e-8,H3,G12405
Sample-corrected (Harmony),3.1342426346961038e-12,0.645493584548746,0.219,0.088,1.0489056401273981e-7,H3,G10715
Sample-corrected (Harmony),3.1778671354215557e-12,0.8039084508425671,0.239,0.102,1.0635050155401778e-7,H3,G29773
Sample-corrected (Harmony),3.1789614076860544e-12,0.6360738367667778,0.207,0.083,1.063871224696215e-7,H3,G17814
Sample-corrected (Harmony),3.2221513616309744e-12,0.32141649704032815,0.202,0.078,1.0783251746834219e-7,H3,G1312
Sample-corrected (Harmony),3.517021983111552e-12,0.49816634984483743,0.21,0.084,1.1770065768681119e-7,H3,G14152
Sample-corrected (Harmony),3.5436657445573648e-12,0.8079570460874511,0.264,0.117,1.1859231780735677e-7,H3,G17836
Sample-corrected (Harmony),3.993952985487847e-12,0.6712849326210969,0.227,0.094,1.336616306123363e-7,H3,ND1
Sample-corrected (Harmony),4.042918674436573e-12,0.35182897829119164,0.207,0.082,1.3530031635869435e-7,H3,G29538
Sample-corrected (Harmony),4.090573436076817e-12,0.29822646378991347,0.446,0.236,1.3689513061174676e-7,H3,G25620
Sample-corrected (Harmony),4.135158028299614e-12,0.7796313568241238,0.202,0.08,1.383871985750749e-7,H3,G28495
Sample-corrected (Harmony),4.72417222705223e-12,0.36117036829064514,0.205,0.08,1.5809914775052992e-7,H3,G7627
Sample-corrected (Harmony),5.3699990024029e-12,0.36818430585567263,0.474,0.26,1.7971238661441545e-7,H3,G2092
Sample-corrected (Harmony),5.82622323006975e-12,0.2755302799637167,0.295,0.136,1.9498038661751424e-7,H3,G4836
Sample-corrected (Harmony),6.747954988178802e-12,0.4768891822473803,0.247,0.106,2.258270616343918e-7,H3,G2447
Sample-corrected (Harmony),6.865302131829513e-12,0.31317109447750346,0.332,0.161,2.2975420114380647e-7,H3,G24817
Sample-corrected (Harmony),6.923426855275838e-12,0.471044913743333,0.361,0.18,2.316994031386612e-7,H3,G28397
Sample-corrected (Harmony),8.69729541785249e-12,0.3218243163646779,0.381,0.195,2.910636884538515e-7,H3,G1767
Sample-corrected (Harmony),1.0178202477640111e-11,0.2728690419291059,0.335,0.161,3.4062372411670393e-7,H3,G6925
Sample-corrected (Harmony),1.0322619109036053e-11,0.3831072268475022,0.412,0.222,3.4545677110300054e-7,H3,G10034
Sample-corrected (Harmony),1.0449315545930975e-11,0.26328969699216986,0.386,0.202,3.4969679406012603e-7,H3,G4052
Sample-corrected (Harmony),1.0609072059185998e-11,0.626632261472885,0.202,0.079,3.5504320553271857e-7,H3,G21858
Sample-corrected (Harmony),1.1517404554696385e-11,0.4098317754847369,0.588,0.355,3.8544146082746923e-7,H3,G23987
Sample-corrected (Harmony),1.2212892860853426e-11,0.4387397906588989,0.261,0.116,4.087166724813207e-7,H3,G1433
Sample-corrected (Harmony),1.3226233257080803e-11,0.44352891794759675,0.452,0.247,4.4262912218146615e-7,H3,G12478
Sample-corrected (Harmony),1.4087261604811833e-11,0.3810567292083839,0.244,0.105,4.714442968666328e-7,H3,G20738
Sample-corrected (Harmony),1.6180831453944255e-11,0.41348128033637255,0.395,0.205,5.415077054376985e-7,H3,G30395
Sample-corrected (Harmony),1.7737239569938913e-11,0.25464573604502705,0.332,0.163,5.935944594475756e-7,H3,G24103
Sample-corrected (Harmony),1.8314940370863272e-11,0.30091530754405094,0.406,0.215,6.129277944513103e-7,H3,G15050
Sample-corrected (Harmony),2.3977244394054568e-11,0.3561359651371765,0.205,0.083,8.024224608914302e-7,H3,G31279
Sample-corrected (Harmony),2.5899388453404863e-11,0.2911192040868613,0.571,0.325,8.667489339816472e-7,H3,COX1
Sample-corrected (Harmony),2.636620703109766e-11,0.3558337187798888,0.344,0.177,8.823714845027143e-7,H3,G4051
Sample-corrected (Harmony),2.7040257358248686e-11,0.37480162072511247,0.315,0.152,9.049292527511505e-7,H3,G4780
Sample-corrected (Harmony),2.961538205740092e-11,0.43513178167570155,0.324,0.16,9.911083759329792e-7,H3,G17548
Sample-corrected (Harmony),2.982354039054649e-11,0.3222751850264505,0.403,0.21,9.980746027100288e-7,H3,G11528
Sample-corrected (Harmony),3.112889931965598e-11,0.2979003543023368,0.307,0.147,1.0417597446316068e-6,H3,G28396
Sample-corrected (Harmony),3.445045723367087e-11,0.37154114837062613,0.815,0.551,1.1529190017820293e-6,H3,G4660
Sample-corrected (Harmony),3.6793585500221557e-11,0.4129088335129955,0.213,0.089,1.2313341323504147e-6,H3,G28705
Sample-corrected (Harmony),5.115465985558303e-11,0.29187431310660616,0.298,0.144,1.7119418467269417e-6,H3,G10312
Sample-corrected (Harmony),5.165316483282013e-11,0.2597188219569617,0.526,0.293,1.7286248142951584e-6,H3,G1087
Sample-corrected (Harmony),5.280684709238996e-11,0.5116059351296642,0.205,0.086,1.7672339447939224e-6,H3,G23720
Sample-corrected (Harmony),6.660776356379965e-11,0.4219703713564029,0.352,0.184,2.229095415426119e-6,H3,G12027
Sample-corrected (Harmony),6.898725250800664e-11,0.26171689784582197,0.645,0.383,2.30872739243295e-6,H3,G5669
Sample-corrected (Harmony),8.310116014474216e-11,0.26674553247521726,0.412,0.218,2.781063425403941e-6,H3,G988
Sample-corrected (Harmony),9.561828512548681e-11,0.2632503165305919,0.236,0.104,3.1999615300095417e-6,H3,G5415
Sample-corrected (Harmony),1.1205158780925288e-10,0.3321136445639167,0.264,0.123,3.749918437624457e-6,H3,G12207
Sample-corrected (Harmony),1.1688243299703527e-10,0.2699044679781452,0.219,0.094,3.911587502678782e-6,H3,G26490
Sample-corrected (Harmony),1.249978682842594e-10,0.31027569078317163,0.349,0.181,4.183178660001025e-6,H3,G17200
Sample-corrected (Harmony),1.3072115701009773e-10,0.34633487619271597,0.29,0.139,4.3747142404999305e-6,H3,G9060
Sample-corrected (Harmony),1.3948092531535842e-10,0.31363975879910244,0.381,0.198,4.667868646603785e-6,H3,G29475
Sample-corrected (Harmony),1.4980458139458e-10,0.44120797479707247,0.205,0.086,5.013360120951014e-6,H3,ATP6
Sample-corrected (Harmony),1.6973142083391343e-10,0.3595490530810027,0.304,0.15,5.680231729627747e-6,H3,G1368
Sample-corrected (Harmony),1.9545114437811614e-10,0.5405937194092145,0.21,0.091,6.540967997758035e-6,H3,G29426
Sample-corrected (Harmony),1.9632146890474766e-10,0.36158295430514475,0.307,0.153,6.570094278366285e-6,H3,G7790
Sample-corrected (Harmony),2.3460560379441434e-10,0.6004902102604592,0.219,0.097,7.85131113658387e-6,H3,G28042
Sample-corrected (Harmony),2.3477949952367015e-10,0.4230914315224913,0.233,0.104,7.857130731059144e-6,H3,G2902
Sample-corrected (Harmony),2.4794954325350884e-10,0.3755461603724728,0.227,0.101,8.297879414521927e-6,H3,G22449
Sample-corrected (Harmony),3.70278946529015e-10,0.4175866774357017,0.259,0.122,1.2391755224540017e-5,H3,G24183
Sample-corrected (Harmony),3.872887079711657e-10,0.3508296031928769,0.276,0.134,1.2961003900963032e-5,H3,G4030
Sample-corrected (Harmony),4.3676838780764707e-10,0.5615800816665684,0.23,0.106,1.4616890866370716e-5,H3,G7410
Sample-corrected (Harmony),4.702409357526948e-10,0.26007483110767504,0.608,0.371,1.5737083155899686e-5,H3,G16953
Sample-corrected (Harmony),5.086296693873126e-10,0.44459905233206115,0.205,0.089,1.7021800515715803e-5,H3,G1743
Sample-corrected (Harmony),5.193741732038115e-10,0.37423201561456965,0.281,0.139,1.738137608043876e-5,H3,G8036
Sample-corrected (Harmony),5.882394090071958e-10,0.3045383724765355,0.241,0.113,1.9686020061834814e-5,H3,G17338
Sample-corrected (Harmony),6.071985732151724e-10,0.3344460324528727,0.264,0.126,2.032050745121896e-5,H3,G21582
Sample-corrected (Harmony),7.002059102697582e-10,0.5851805294666109,0.276,0.137,2.3433090993087726e-5,H3,G4344
Sample-corrected (Harmony),7.264178965976592e-10,0.6487629864488699,0.239,0.112,2.4310301327537262e-5,H3,G21588
Sample-corrected (Harmony),7.873071346829484e-10,0.26059029800376265,0.213,0.095,2.6348020569299552e-5,H3,G26233
Sample-corrected (Harmony),7.940806333206263e-10,0.34654548758988174,0.264,0.128,2.6574702474708082e-5,H3,G20320
Sample-corrected (Harmony),8.48796835770888e-10,0.3923653511358015,0.202,0.087,2.840583490590854e-5,H3,G18570
Sample-corrected (Harmony),9.314972467316604e-10,0.3074984918744922,0.227,0.104,3.1173486859121745e-5,H3,G24861
Sample-corrected (Harmony),1.0626679202576972e-9,0.48946844836255593,0.241,0.116,3.556324461934409e-5,H3,G18646
Sample-corrected (Harmony),1.0779912097542638e-9,0.3442151886386742,0.247,0.119,3.6076053825636193e-5,H3,G18691
Sample-corrected (Harmony),1.086616633742078e-9,0.6797069572295846,0.236,0.114,3.636471226481238e-5,H3,G1884
Sample-corrected (Harmony),1.0959396583947907e-9,0.4117271569706178,0.253,0.122,3.667671660784006e-5,H3,G14885
Sample-corrected (Harmony),1.160575947031275e-9,0.27828293194684567,0.21,0.093,3.883983464334865e-5,H3,G15017
Sample-corrected (Harmony),1.2842658511933905e-9,0.5093409222072633,0.23,0.109,4.297924097603801e-5,H3,G6748
Sample-corrected (Harmony),1.297327539259338e-9,0.32670092240425075,0.369,0.198,4.341636342885301e-5,H3,G24252
Sample-corrected (Harmony),1.5365468607847155e-9,0.25902352414185553,0.349,0.183,5.142207724302129e-5,H3,G31340
Sample-corrected (Harmony),1.576794023760489e-9,0.3194117805414536,0.207,0.093,5.276898879916853e-5,H3,G24661
Sample-corrected (Harmony),2.4675419807596885e-9,0.29232170586241224,0.216,0.098,8.257875992810374e-5,H3,G28398
Sample-corrected (Harmony),2.668452659254104e-9,0.31644146930722505,0.241,0.115,8.930243669459785e-5,H3,G11935
Sample-corrected (Harmony),2.8622174418162746e-9,0.26723965350724976,0.241,0.116,9.578696890782345e-5,H3,G18761
Sample-corrected (Harmony),3.4155795652583748e-9,0.4405689444390617,0.344,0.187,1.1430578573093677e-4,H3,G21529
Sample-corrected (Harmony),3.5318578195480567e-9,0.25044371341649363,0.378,0.202,1.1819715378899527e-4,H3,G11432
Sample-corrected (Harmony),3.956743068133454e-9,0.33018863269895843,0.219,0.102,1.3241636351815416e-4,H3,G19959
Sample-corrected (Harmony),3.964581301771881e-9,0.2918826463601518,0.693,0.469,1.3267867784509777e-4,H3,G998
Sample-corrected (Harmony),4.094268278989133e-9,0.4568252331833472,0.205,0.093,1.3701878222465032e-4,H3,G23358
Sample-corrected (Harmony),4.3638216202327696e-9,0.49580784074631995,0.318,0.172,1.4603965434270986e-4,H3,G17772
Sample-corrected (Harmony),4.733664438627037e-9,0.4060174614097175,0.25,0.122,1.584168141030924e-4,H3,G13752
Sample-corrected (Harmony),5.2532873801082565e-9,0.5803418539483463,0.205,0.095,1.758065154627029e-4,H3,G28298
Sample-corrected (Harmony),5.528818676777852e-9,0.2562516795021683,0.341,0.185,1.8502744583704758e-4,H3,G9204
Sample-corrected (Harmony),6.457878474457296e-9,0.345617169585242,0.241,0.117,2.161193610261879e-4,H3,G10889
Sample-corrected (Harmony),7.842271867543003e-9,0.2601934382855492,0.276,0.14,2.624494703191942e-4,H3,G15032
Sample-corrected (Harmony),8.201229317808276e-9,0.3162083743630314,0.31,0.165,2.7446234034977175e-4,H3,G27941
Sample-corrected (Harmony),8.692218216531836e-9,0.29498707793652423,0.372,0.207,2.9089377483445443e-4,H3,G16535
Sample-corrected (Harmony),1.1523360589760684e-8,0.30425007761289313,0.77,0.517,3.856407854969311e-4,H3,G4818
Sample-corrected (Harmony),1.2633349501234379e-8,0.38643097494040113,0.205,0.094,4.2278767440830973e-4,H3,G25366
Sample-corrected (Harmony),1.318320076870277e-8,0.29595934392366074,0.401,0.23,4.4118899692540694e-4,H3,G1801
Sample-corrected (Harmony),1.4553592723404983e-8,0.4451916682064281,0.239,0.118,4.8705053408147115e-4,H3,G18212
Sample-corrected (Harmony),1.4763012404245834e-8,0.3366596286260396,0.202,0.094,4.940589731204911e-4,H3,G20567
Sample-corrected (Harmony),1.6609426515329482e-8,0.30108315900042315,0.227,0.111,5.558510677620165e-4,H3,G10825
Sample-corrected (Harmony),1.7567527727194088e-8,0.2954265133017434,0.293,0.155,5.879148829182774e-4,H3,G19321
Sample-corrected (Harmony),1.768121912493743e-8,0.2995881524213416,0.267,0.139,5.917196792351561e-4,H3,G9950
Sample-corrected (Harmony),2.5542296291363528e-8,0.2932951056732597,0.261,0.136,8.547984876867719e-4,H3,ENSLOC000323
Sample-corrected (Harmony),3.720252836759821e-8,0.2806174723248723,0.216,0.105,0.0012450198143500418,H3,G11038
Sample-corrected (Harmony),4.505912706189188e-8,0.28076507506884774,0.358,0.201,0.0015079487462532736,H3,G6277
Sample-corrected (Harmony),6.439952765274394e-8,0.305634605590171,0.207,0.101,0.002155194592426729,H3,G24596
Sample-corrected (Harmony),7.158127486871597e-8,0.36946458340535937,0.244,0.127,0.002395538944756449,H3,G19584
Sample-corrected (Harmony),1.360223760056794e-7,0.37233808330226736,0.983,0.953,0.004552124835406067,H3,G32877
Sample-corrected (Harmony),1.7018957896897064e-7,0.32410407879713476,0.352,0.213,0.005695564449775571,H3,G31216
Sample-corrected (Harmony),2.004659539374148e-7,0.27095696579262096,0.29,0.163,0.006708793614469524,H3,G12356
Sample-corrected (Harmony),2.9397404828400067e-7,0.3958068882543195,0.25,0.134,0.009838135499872367,H3,G14647
Sample-corrected (Harmony),4.2345464584677064e-7,0.3242172182688783,0.205,0.104,0.014171333177908026,H3,G5752
Sample-corrected (Harmony),4.685650945800194e-7,0.255821743493901,0.227,0.12,0.01568099945521493,H3,G2636
Sample-corrected (Harmony),4.836310898686638e-7,0.31137543100746384,0.21,0.108,0.0161851980535447,H3,G27592
Sample-corrected (Harmony),5.806497557938063e-7,0.26078281937979486,0.25,0.135,0.01943202472739552,H3,G11958
Sample-corrected (Harmony),6.116282726143325e-7,0.3151910929751829,0.259,0.143,0.02046875177131125,H3,G5370
Sample-corrected (Harmony),8.155700999781094e-7,0.25618949823333015,0.849,0.704,0.02729386896586741,H3,MZ497416.1:18068..18135-df-g
Sample-corrected (Harmony),8.262012000362273e-7,0.2508429213161367,0.881,0.701,0.027649649360412382,H3,G448
Sample-corrected (Harmony),9.223077888752345e-7,0.2930724905528338,0.241,0.131,0.030865952462498597,H3,G21828
Sample-corrected (Harmony),1.3532005112652618e-6,0.37658463184413504,0.244,0.136,0.045286208310003254,H3,G14242
Sample-corrected (Harmony),1.9934047136005945e-6,0.41900284889777367,0.23,0.128,0.0667112821453575,H3,G13087
Sample-corrected (Harmony),2.7973068913219005e-6,0.3226781656523704,0.219,0.119,0.09361467242497871,H3,G3934
Sample-corrected (Harmony),4.121593831175964e-5,0.271321596858742,0.207,0.121,1,H3,G28295
Sample-corrected (Harmony),8.308016783984687e-4,0.387371531220412,0.219,0.146,1,H3,G29208
Sample-corrected (Harmony),0.0017083804914868742,0.3448620353355889,0.202,0.133,1,H3,G7739
Sample-corrected (Harmony),9.999359496927828e-98,4.437268097133963,0.414,0.052,3.346385649241867e-93,H4,G8288
Sample-corrected (Harmony),1.400266629581413e-85,3.2447490620820165,0.444,0.071,4.686132302557156e-81,H4,G10490
Sample-corrected (Harmony),2.698070466606144e-51,1.7136613906257447,0.666,0.265,9.029362623544121e-47,H4,G24990
Sample-corrected (Harmony),1.497441473476358e-46,1.4989412071141563,0.517,0.167,5.01133763513598e-42,H4,G5467
Sample-corrected (Harmony),1.5546872418409653e-46,2.399663889224878,0.341,0.075,5.2029163235449744e-42,H4,G28705
Sample-corrected (Harmony),4.485500078864447e-46,3.5500759506184316,0.258,0.043,1.5011174563927758e-41,H4,G19413
Sample-corrected (Harmony),3.4029442816971955e-41,3.6774105277483056,0.212,0.031,1.1388293333127834e-36,H4,G8290
Sample-corrected (Harmony),5.964213560569861e-41,2.699979298439132,0.311,0.072,1.9959837101803097e-36,H4,G21960
Sample-corrected (Harmony),1.0158020792473945e-40,2.1715121644015936,0.387,0.11,3.39948323840933e-36,H4,G6183
Sample-corrected (Harmony),1.039214764072376e-40,2.1998852957105832,0.43,0.135,3.477836129444613e-36,H4,G7425
Sample-corrected (Harmony),5.206366303545977e-39,1.37722007336808,0.785,0.457,1.7423625471446968e-34,H4,G15938
Sample-corrected (Harmony),2.5731985283434036e-38,2.2833467600486674,0.334,0.085,8.611466194954035e-34,H4,G32642
Sample-corrected (Harmony),2.3957731894295655e-37,2.736937914663886,0.252,0.05,8.017694555744984e-33,H4,G7427
Sample-corrected (Harmony),1.25998846411279e-36,3.0132848967168764,0.265,0.058,4.2166773939998626e-32,H4,G18200
Sample-corrected (Harmony),5.284684481026398e-34,1.644567587815873,0.404,0.13,1.7685725084202943e-29,H4,G5468
Sample-corrected (Harmony),5.284684481026398e-34,1.644567587815873,0.404,0.13,1.7685725084202943e-29,H4,G5470
Sample-corrected (Harmony),1.1768962382708613e-33,2.110961007842925,0.301,0.078,3.9386009509972643e-29,H4,G15117
Sample-corrected (Harmony),7.101872753753751e-33,0.7266598262600521,0.967,0.929,2.3767127357712305e-28,H4,G4112
Sample-corrected (Harmony),9.588531456128511e-33,1.5098220369974378,0.411,0.138,3.2088979371079676e-28,H4,G25443
Sample-corrected (Harmony),1.7806241693057045e-32,2.349498048181169,0.437,0.166,5.959036844998471e-28,H4,G18199
Sample-corrected (Harmony),2.718554010006316e-29,2.242749800670682,0.262,0.068,9.097912849887137e-25,H4,G19693
Sample-corrected (Harmony),5.434135446333494e-26,2.0578039067783878,0.225,0.055,1.818587768469967e-21,H4,G4625
Sample-corrected (Harmony),2.883689493996845e-24,2.1570300305694508,0.262,0.08,9.650555260609841e-20,H4,G2190
Sample-corrected (Harmony),8.30850114046169e-24,2.0994779912368067,0.225,0.061,2.780522991666909e-19,H4,G2479
Sample-corrected (Harmony),7.323743825517743e-23,1.6126289941917933,0.344,0.13,2.4509641086477677e-18,H4,G24942
Sample-corrected (Harmony),9.589407983779934e-22,1.9050289747349913,0.311,0.117,3.209191275851793e-17,H4,G14885
Sample-corrected (Harmony),1.203427462838057e-21,1.4206116300112783,0.51,0.262,4.0273903471338415e-17,H4,G6266
Sample-corrected (Harmony),5.450505414588411e-20,1.720714594362593,0.344,0.145,1.8240661420461577e-15,H4,G25649
Sample-corrected (Harmony),6.719906500573363e-20,1.5265713844417166,0.295,0.109,2.2488839094818813e-15,H4,G19692
Sample-corrected (Harmony),1.2837382288577187e-19,1.6616643190698372,0.272,0.096,4.296158356695241e-15,H4,G6265
Sample-corrected (Harmony),4.079516358983714e-19,1.4684863807674922,0.281,0.101,1.3652509446974898e-14,H4,G32283
Sample-corrected (Harmony),2.136440064132798e-18,1.3606828507639808,0.434,0.216,7.149810318626822e-14,H4,G19035
Sample-corrected (Harmony),3.0344441628600002e-18,1.7882776451469233,0.278,0.107,1.0155070835427277e-13,H4,G20411
Sample-corrected (Harmony),6.383721205805861e-18,0.995745505326795,0.454,0.226,2.1363761387349892e-13,H4,G1801
Sample-corrected (Harmony),1.5496165171075808e-17,1.6222360240047626,0.272,0.106,5.18594663615223e-13,H4,G2447
Sample-corrected (Harmony),2.121052160034878e-17,1.6064185071153236,0.325,0.143,7.098313158772723e-13,H4,G15868
Sample-corrected (Harmony),2.6266791214413262e-17,1.2229147746660314,0.487,0.258,8.790444347815542e-13,H4,G24369
Sample-corrected (Harmony),7.614138934725278e-17,0.5777350037251434,0.907,0.813,2.5481477358951615e-12,H4,MZ497416.1:17606..18067-df-g
Sample-corrected (Harmony),1.6102680492738366e-16,1.2328309543796072,0.301,0.123,5.388923053699822e-12,H4,G32281
Sample-corrected (Harmony),2.365402098395319e-16,1.522991633512175,0.219,0.075,7.916054662489774e-12,H4,G28701
Sample-corrected (Harmony),3.727502274623204e-16,1.2844958465888288,0.467,0.259,1.2474459112254014e-11,H4,G27029
Sample-corrected (Harmony),2.054999060028673e-15,1.014848739141331,0.523,0.316,6.877259854291957e-11,H4,G19404
Sample-corrected (Harmony),2.7197828101853185e-15,0.618154592044081,0.874,0.773,9.102025152566186e-11,H4,MZ497416.1:11544..12255-df-g
Sample-corrected (Harmony),2.9530593451672625e-14,0.7357285194389309,0.801,0.653,9.88270840453676e-10,H4,G32229
Sample-corrected (Harmony),3.3547943461470374e-14,1.675253643380034,0.288,0.133,1.1227154758815676e-9,H4,G25372
Sample-corrected (Harmony),3.486672184443453e-14,0.5408077655289594,0.927,0.847,1.166849713245846e-9,H4,MZ497416.1:99..1303-df-g
Sample-corrected (Harmony),4.2192007968785966e-14,1.6184414132284783,0.238,0.095,1.411997738683391e-9,H4,G6279
Sample-corrected (Harmony),2.242930301901412e-13,0.7995774952000061,0.689,0.504,7.506190548343265e-9,H4,G30487
Sample-corrected (Harmony),2.582567089910718e-13,0.7454984714916475,0.725,0.542,8.642819023095209e-9,H4,G28704
Sample-corrected (Harmony),2.6465057938928975e-13,0.9128773746615377,0.553,0.359,8.856796289841971e-9,H4,G5204
Sample-corrected (Harmony),4.081247401343905e-13,0.581117458038805,0.838,0.709,1.3658302553337512e-8,H4,MZ497416.1:18068..18135-df-g
Sample-corrected (Harmony),5.344745860585944e-13,1.9156043863487087,0.295,0.141,1.788672649703692e-8,H4,G4449
Sample-corrected (Harmony),5.478490910995235e-13,0.9422630057299157,0.454,0.262,1.8334317682736652e-8,H4,G31230
Sample-corrected (Harmony),1.2825096536019442e-12,1.5644830217322607,0.235,0.101,4.292046806744266e-8,H4,G26235
Sample-corrected (Harmony),1.6810262789210405e-12,0.4747537882813271,0.944,0.894,5.625722545037154e-8,H4,MZ497416.1:16289..17324-df-g
Sample-corrected (Harmony),1.7215710269727639e-12,1.1230799096709194,0.238,0.1,5.761409598867052e-8,H4,G21269
Sample-corrected (Harmony),3.4282783981723274e-12,0.8496183498034968,0.301,0.143,1.147307648732351e-7,H4,G28880
Sample-corrected (Harmony),9.340383569548367e-12,0.7176463803497879,0.685,0.517,3.1258527653850563e-7,H4,G32227
Sample-corrected (Harmony),3.658519358157384e-11,0.8139753768644342,0.464,0.278,1.2243600884009502e-6,H4,G15945
Sample-corrected (Harmony),1.8828326975516375e-10,1.192253591297224,0.255,0.124,6.30108790562631e-6,H4,G13752
Sample-corrected (Harmony),5.180680531468298e-10,0.9359103422417285,0.341,0.188,1.7337665466611805e-5,H4,G9204
Sample-corrected (Harmony),6.134238254228529e-10,1.178383881186334,0.298,0.16,2.0528841741601196e-5,H4,G9207
Sample-corrected (Harmony),8.743577629300624e-10,0.6563799247385251,0.464,0.287,2.926125689421747e-5,H4,G1202
Sample-corrected (Harmony),1.6709298697827292e-9,0.35322855395350317,0.967,0.956,5.591933902214881e-5,H4,G32877
Sample-corrected (Harmony),1.851671131366583e-9,1.0647294753963124,0.321,0.176,6.196802608231407e-5,H4,G22387
Sample-corrected (Harmony),1.9938405582017542e-9,0.8075319833313523,0.344,0.193,6.67258681207799e-5,H4,G9145
Sample-corrected (Harmony),2.5130998510635953e-9,1.0282027172428894,0.298,0.16,8.410339961569429e-5,H4,G17608
Sample-corrected (Harmony),2.7594868972363943e-9,0.946026477342534,0.288,0.15,9.234898850291317e-5,H4,G1224
Sample-corrected (Harmony),3.4402953930205924e-9,0.7225340837774756,0.646,0.478,1.1513292562282715e-4,H4,G32222
Sample-corrected (Harmony),7.193072066282471e-9,0.4607925168002591,0.858,0.759,2.4072334977020917e-4,H4,G7036
Sample-corrected (Harmony),1.3263022193407112e-8,1.2385259987556871,0.238,0.124,4.438603007245624e-4,H4,G17836
Sample-corrected (Harmony),1.8456826509781057e-8,0.6571791880071252,0.414,0.262,6.176761559763328e-4,H4,G3526
Sample-corrected (Harmony),2.9659008420434207e-8,1.0137582419579934,0.301,0.175,9.925683757982511e-4,H4,G25300
Sample-corrected (Harmony),4.8048740403888456e-8,0.8516549105064707,0.291,0.163,0.001607999146356531,H4,G9066
Sample-corrected (Harmony),5.224799311788028e-8,0.8836084016306688,0.202,0.098,0.0017485313376829814,H4,G6498
Sample-corrected (Harmony),6.249781059203243e-8,0.6845526142506726,0.536,0.403,0.002091551729272957,H4,G5669
Sample-corrected (Harmony),6.452348662322995e-8,0.6466866620560614,0.493,0.339,0.0021593430033330133,H4,G7431
Sample-corrected (Harmony),6.953487557252801e-8,0.8431592088179902,0.381,0.242,0.0023270541459102225,H4,G30489
Sample-corrected (Harmony),7.963587032932747e-8,0.8876006967595352,0.334,0.197,0.0026650940364412734,H4,G19887
Sample-corrected (Harmony),8.393789894815594e-8,0.49687896457400704,0.695,0.556,0.0028090657261989867,H4,G28008
Sample-corrected (Harmony),1.6059348780639938e-7,0.8044129285290573,0.325,0.199,0.005374421662928962,H4,G19427
Sample-corrected (Harmony),1.7276232676882678e-7,0.4317367429560184,0.801,0.716,0.005781664027645557,H4,G448
Sample-corrected (Harmony),1.9471340155808677e-7,0.8930319405161982,0.202,0.1,0.006516278696542932,H4,G2800
Sample-corrected (Harmony),2.4617421503714724e-7,0.6503725042849787,0.228,0.119,0.00823846628043317,H4,G4149
Sample-corrected (Harmony),3.49584158207004e-7,0.7928094118597695,0.255,0.141,0.011699183438555595,H4,G24814
Sample-corrected (Harmony),5.884113001552982e-7,1.2237653354808828,0.212,0.114,0.019691772570997208,H4,G18651
Sample-corrected (Harmony),5.886533997973722e-7,0.5377261022366346,0.341,0.208,0.019699874677618856,H4,G5571
Sample-corrected (Harmony),6.496711334193915e-7,0.4780421328853355,0.467,0.323,0.021741894151013356,H4,G31084
Sample-corrected (Harmony),6.574687894795281e-7,0.37495293390664486,0.815,0.695,0.02200285050872189,H4,G30213
Sample-corrected (Harmony),7.057765800476392e-7,0.6885690685483287,0.245,0.135,0.02361951902787429,H4,G26330
Sample-corrected (Harmony),7.529616059536207e-7,0.6133204303499851,0.43,0.296,0.02519861310484387,H4,G24305
Sample-corrected (Harmony),9.562874065099055e-7,0.8836571345171816,0.222,0.122,0.0320031143462605,H4,G3312
Sample-corrected (Harmony),9.796931371640528e-7,0.7656189993131497,0.318,0.196,0.03278641052833219,H4,G11650
Sample-corrected (Harmony),1.3157334924029328e-6,0.746355647743673,0.315,0.196,0.04403233705675655,H4,G12265
Sample-corrected (Harmony),1.3369577378401707e-6,0.6754327511028593,0.331,0.212,0.04474262765455915,H4,G11432
Sample-corrected (Harmony),1.3850800486216918e-6,0.7483098448728815,0.242,0.137,0.04635308890717354,H4,G26985
Sample-corrected (Harmony),1.4102316313658407e-6,0.8482149449077631,0.222,0.12,0.047194811775289225,H4,G5649
Sample-corrected (Harmony),1.4170875715447843e-06,0.7255330188072282,0.397,0.273,0.047424252669317754,H4,G2451
Sample-corrected (Harmony),1.6150560496888228e-6,0.7576317644259609,0.255,0.147,0.054049465758886146,H4,G2853
Sample-corrected (Harmony),1.901563864827266e-6,0.6906646278318358,0.5,0.361,0.06363773630030929,H4,G20367
Sample-corrected (Harmony),2.1155407694580728e-6,0.34331979251914024,0.685,0.533,0.07079868739068386,H4,G4818
Sample-corrected (Harmony),2.363461213427599e-6,0.6514506070303787,0.381,0.251,0.07909559296856802,H4,G1381
Sample-corrected (Harmony),2.450683011421796e-6,0.43052935598753406,0.619,0.465,0.08201455766024184,H4,G32228
Sample-corrected (Harmony),2.9408892469262774e-6,0.45988150784834625,0.649,0.536,0.0984197995376348,H4,G27049
Sample-corrected (Harmony),2.983780715265883e-6,0.5791634347996952,0.675,0.56,0.09985520541708803,H4,G8115
Sample-corrected (Harmony),3.8092789223518936e-6,0.46901922080236313,0.341,0.215,0.12748132841542847,H4,G16734
Sample-corrected (Harmony),3.908704077179836e-6,0.6082292291177345,0.311,0.192,0.1308086906469004,H4,G734
Sample-corrected (Harmony),3.988288617903277e-6,0.30469023419910446,0.553,0.422,0.13347206688675106,H4,G10994
Sample-corrected (Harmony),5.588638202499362e-6,0.5768148036862917,0.242,0.138,0.18702936608484363,H4,G26881
Sample-corrected (Harmony),6.316105672431961e-6,0.6374407711000059,0.57,0.47,0.21137479243360802,H4,G32458
Sample-corrected (Harmony),6.594805944056277e-6,1.0356019087552788,0.205,0.116,0.22070177572378738,H4,G28274
Sample-corrected (Harmony),6.839156543521337e-6,0.5369978898643883,0.586,0.47,0.22887921288548507,H4,G20534
Sample-corrected (Harmony),6.998478698843046e-6,0.83870405900935,0.202,0.112,0.2342110881354814,H4,G5681
Sample-corrected (Harmony),7.346715252907381e-6,0.32989338948269564,0.265,0.158,0.2458651726537984,H4,G4502
Sample-corrected (Harmony),7.680125382487432e-6,0.5458327447395241,0.252,0.148,0.25702307605032443,H4,G2827
Sample-corrected (Harmony),7.909030557358872e-6,0.733254694035867,0.209,0.114,0.264683616632572,H4,G19411
Sample-corrected (Harmony),8.08486731410012e-6,1.0113577835973449,0.328,0.218,0.2705681695336746,H4,G29533
Sample-corrected (Harmony),8.210345866672875e-6,0.6249351078132392,0.232,0.133,0.27476743477407445,H4,G1049
Sample-corrected (Harmony),8.43712011148557e-6,0.9985782506099846,0.268,0.169,0.2823566616509761,H4,G16059
Sample-corrected (Harmony),8.45306426695657e-6,0.6241302723209499,0.268,0.163,0.2828902487579686,H4,G12888
Sample-corrected (Harmony),1.018356201918341e-5,0.6117921524854433,0.401,0.282,0.340803086533992,H4,G3264
Sample-corrected (Harmony),1.0188829437396537e-5,0.8714408117813099,0.228,0.136,0.3409793659519125,H4,G16681
Sample-corrected (Harmony),1.140698828535923e-5,0.5864078187889592,0.404,0.285,0.381746269957832,H4,G7742
Sample-corrected (Harmony),1.2828728609248957e-5,0.5248436755545458,0.457,0.329,0.4293262316371256,H4,G1225
Sample-corrected (Harmony),1.3413980283310152e-5,0.7803866033924134,0.242,0.147,0.4489122641612575,H4,G4451
Sample-corrected (Harmony),1.575752223170662e-5,0.6972766541173145,0.387,0.27,0.5273412390062938,H4,G71
Sample-corrected (Harmony),1.7104152192532767e-5,0.5794243970902468,0.354,0.243,0.5724075572753016,H4,G22403
Sample-corrected (Harmony),1.7325079855290336e-5,0.4139774362928632,0.629,0.492,0.5798011224371464,H4,G1940
Sample-corrected (Harmony),1.892212260783093e-5,0.9900423820461512,0.262,0.169,0.6332477551936699,H4,G5435
Sample-corrected (Harmony),2.180012103918451e-5,0.7899654125540165,0.209,0.122,0.7295628506973487,H4,G7433
Sample-corrected (Harmony),2.200159176579489e-5,0.2611319650366615,0.48,0.334,0.7363052700340917,H4,G11676
Sample-corrected (Harmony),2.2659712797082007e-5,0.5800383065763002,0.344,0.231,0.7583299484671464,H4,G28703
Sample-corrected (Harmony),2.3265020648719315e-5,0.559302574837427,0.328,0.222,0.7785871810300407,H4,G24936
Sample-corrected (Harmony),2.3481557093443934e-5,0.8124767014473981,0.225,0.135,0.7858337896891947,H4,G17671
Sample-corrected (Harmony),2.561013732436923e-5,0.7148655419751507,0.252,0.154,0.8570688556973406,H4,G30123
Sample-corrected (Harmony),3.235952499919681e-5,0.7130893936520768,0.209,0.122,1,H4,G10565
Sample-corrected (Harmony),3.398149440414933e-5,0.40664459723940594,0.361,0.245,1,H4,G17317
Sample-corrected (Harmony),3.600630643697473e-5,0.2950944282793073,0.526,0.387,1,H4,G16953
Sample-corrected (Harmony),4.3533054230267925e-5,0.7302431420386924,0.242,0.15,1,H4,G3722
Sample-corrected (Harmony),4.3533054230267925e-5,0.7302431420386924,0.242,0.15,1,H4,G3723
Sample-corrected (Harmony),5.056651993892238e-5,0.4630828715705062,0.358,0.248,1,H4,G26491
Sample-corrected (Harmony),5.126098447687091e-5,0.6885159578326431,0.268,0.175,1,H4,G7023
Sample-corrected (Harmony),5.20613845761446e-5,0.4363429848499196,0.421,0.303,1,H4,G15884
Sample-corrected (Harmony),5.969864256421803e-5,0.39560261303007893,0.599,0.495,1,H4,G27591
Sample-corrected (Harmony),5.983526688182845e-5,0.37516154767501186,0.566,0.431,1,H4,G14831
Sample-corrected (Harmony),7.067751776202697e-5,0.5581879642418968,0.368,0.263,1,H4,G12478
Sample-corrected (Harmony),7.639292293392558e-5,0.49853556364060836,0.464,0.343,1,H4,G23279
Sample-corrected (Harmony),8.56765061794439e-5,0.8128214340531654,0.272,0.18,1,H4,G15727
Sample-corrected (Harmony),1.0038244785342754e-4,0.4159371899983686,0.384,0.277,1,H4,G18819
Sample-corrected (Harmony),1.024807663196883e-4,0.4806917084430875,0.238,0.15,1,H4,G27828
Sample-corrected (Harmony),1.0774470410864821e-4,0.5871275923912338,0.377,0.278,1,H4,G22649
Sample-corrected (Harmony),1.0981687842501573e-4,0.35885819190292745,0.381,0.271,1,H4,G25075
Sample-corrected (Harmony),1.1086732538930317e-4,0.3529612132197868,0.411,0.3,1,H4,G20327
Sample-corrected (Harmony),1.2073998772460334e-4,0.3848336469157978,0.5,0.382,1,H4,G1341
Sample-corrected (Harmony),1.2176531071173004e-4,0.3475669114900901,0.603,0.478,1,H4,G13381
Sample-corrected (Harmony),1.310822928444923e-4,0.31560872125782957,0.454,0.332,1,H4,G27416
Sample-corrected (Harmony),1.3323685872434934e-4,0.5662420872423093,0.238,0.15,1,H4,G22249
Sample-corrected (Harmony),1.362239890833313e-4,0.47575023008844797,0.43,0.326,1,H4,G31923
Sample-corrected (Harmony),1.3869905159134076e-4,0.4802616669440529,0.252,0.163,1,H4,G26212
Sample-corrected (Harmony),1.527567559081355e-4,0.6547115734792335,0.272,0.181,1,H4,G23241
Sample-corrected (Harmony),1.671401713282433e-4,0.5118241615058681,0.238,0.152,1,H4,G12546
Sample-corrected (Harmony),1.9881458532839105e-4,0.36076056139197776,0.52,0.397,1,H4,G11234
Sample-corrected (Harmony),2.238905612986578e-4,0.7710881061746582,0.351,0.255,1,H4,G9148
Sample-corrected (Harmony),2.2849166040911787e-4,0.5551710266105148,0.215,0.136,1,H4,G1172
Sample-corrected (Harmony),2.33236964805143e-4,0.305596125851919,0.219,0.136,1,H4,G16773
Sample-corrected (Harmony),2.4309419948469635e-4,0.4471431135551356,0.281,0.188,1,H4,G23786
Sample-corrected (Harmony),2.7883265600135286e-4,0.3935068597971112,0.526,0.404,1,H4,G16780
Sample-corrected (Harmony),2.8547543073433637e-4,0.39095152584168624,0.344,0.243,1,H4,G30100
Sample-corrected (Harmony),3.1729027425479045e-4,0.7149312618104964,0.301,0.212,1,H4,G6277
Sample-corrected (Harmony),3.25008035687317e-4,0.5521378908798695,0.219,0.14,1,H4,G3494
Sample-corrected (Harmony),3.2865405552004315e-4,0.4962713303830595,0.434,0.326,1,H4,G4562
Sample-corrected (Harmony),3.352789833158692e-4,0.31447907541034636,0.477,0.368,1,H4,G31077
Sample-corrected (Harmony),3.585007824521755e-4,0.4995285995499039,0.311,0.217,1,H4,G10972
Sample-corrected (Harmony),3.6839730185514224e-4,0.3726669324674037,0.397,0.291,1,H4,G3393
Sample-corrected (Harmony),3.9089634831923414e-4,0.45678066124732764,0.262,0.176,1,H4,G11860
Sample-corrected (Harmony),4.0793357274541715e-4,0.5135842352734297,0.315,0.222,1,H4,G11100
Sample-corrected (Harmony),4.129721508120162e-4,0.5166083830711781,0.394,0.295,1,H4,G29355
Sample-corrected (Harmony),4.2474442044542285e-4,0.3613453083817866,0.321,0.225,1,H4,G29601
Sample-corrected (Harmony),4.318672397147751e-4,0.883250788762283,0.209,0.137,1,H4,G2499
Sample-corrected (Harmony),4.4505402106827756e-4,0.3683414432129871,0.235,0.152,1,H4,G15391
Sample-corrected (Harmony),4.529976165697766e-4,0.47657441917387966,0.245,0.162,1,H4,G20374
Sample-corrected (Harmony),5.211583014211623e-4,0.47543615521789273,0.295,0.205,1,H4,G14187
Sample-corrected (Harmony),6.07884458067608e-4,0.5010236104415642,0.308,0.217,1,H4,G853
Sample-corrected (Harmony),6.58151719854637e-4,0.35566960210322285,0.258,0.175,1,H4,G24810
Sample-corrected (Harmony),6.790667509717807e-4,0.41212275092864237,0.235,0.156,1,H4,G21679
Sample-corrected (Harmony),7.591416666297159e-4,0.3618930402467835,0.659,0.564,1,H4,G29804
Sample-corrected (Harmony),7.879093515302216e-4,0.5718900703574082,0.262,0.182,1,H4,G23461
Sample-corrected (Harmony),7.881248588789412e-4,0.3414964138781533,0.437,0.34,1,H4,G6178
Sample-corrected (Harmony),8.446369585361691e-4,0.2619442300402115,0.258,0.175,1,H4,G27941
Sample-corrected (Harmony),8.815306864483084e-4,0.28817041917250164,0.368,0.27,1,H4,G14517
Sample-corrected (Harmony),0.0010213148518052736,0.40643921890689494,0.258,0.177,1,H4,G28472
Sample-corrected (Harmony),0.0011282390758791615,0.3644865213914248,0.328,0.237,1,H4,G25485
Sample-corrected (Harmony),0.0011958063773666186,0.3954474050743062,0.291,0.206,1,H4,G19679
Sample-corrected (Harmony),0.0012046628077238366,0.45081233633387596,0.222,0.148,1,H4,G17265
Sample-corrected (Harmony),0.001298308535365451,0.5165135403752963,0.242,0.165,1,H4,G29335
Sample-corrected (Harmony),0.0013106168283753992,0.4110190997219162,0.272,0.191,1,H4,G26362
Sample-corrected (Harmony),0.0013356395063359964,0.40045617531258415,0.427,0.322,1,H4,G23365
Sample-corrected (Harmony),0.0013748643588641822,0.5422857040139932,0.238,0.166,1,H4,G4780
Sample-corrected (Harmony),0.001433023953939241,0.43436349030762034,0.341,0.255,1,H4,G23411
Sample-corrected (Harmony),0.0014532641697399273,0.5378057955805329,0.262,0.183,1,H4,G2464
Sample-corrected (Harmony),0.001504685667051037,0.4686345570390946,0.219,0.149,1,H4,G515
Sample-corrected (Harmony),0.0015835519883835413,0.3486467596137175,0.248,0.171,1,H4,G2285
Sample-corrected (Harmony),0.0016029911669590163,0.3796611414761619,0.248,0.174,1,H4,G8495
Sample-corrected (Harmony),0.001733771473294748,0.36684116045342374,0.248,0.173,1,H4,G5375
Sample-corrected (Harmony),0.001971661551029118,0.5447357505103143,0.265,0.192,1,H4,G6580
Sample-corrected (Harmony),0.0020701783334129125,0.3234776174321943,0.354,0.265,1,H4,G26324
Sample-corrected (Harmony),0.002109722279921544,0.40659484153803527,0.215,0.145,1,H4,ENSLOC000323
Sample-corrected (Harmony),0.002411488241114919,0.5202015766120854,0.255,0.183,1,H4,G23503
Sample-corrected (Harmony),0.002606725879503717,0.49037690570493464,0.202,0.136,1,H4,G4972
Sample-corrected (Harmony),0.0026315460507576284,0.2777366905601939,0.285,0.205,1,H4,G28814
Sample-corrected (Harmony),0.0026501508143871562,0.2532762579118153,0.348,0.261,1,H4,G6354
Sample-corrected (Harmony),0.002873148333698184,0.5463088876621798,0.278,0.206,1,H4,G20096
Sample-corrected (Harmony),0.0029638496860692736,0.2892226964407476,0.487,0.389,1,H4,G10438
Sample-corrected (Harmony),0.0029638496860692736,0.2892226964407476,0.487,0.389,1,H4,G10439
Sample-corrected (Harmony),0.0032710537879981293,0.29871727399775594,0.43,0.343,1,H4,G29838
Sample-corrected (Harmony),0.003347524852298403,0.38234637908654945,0.205,0.14,1,H4,G6951
Sample-corrected (Harmony),0.0034796885236372953,0.4469621920786612,0.281,0.205,1,H4,G26354
Sample-corrected (Harmony),0.0036381716237204025,0.31840343372354996,0.315,0.233,1,H4,G3315
Sample-corrected (Harmony),0.00392972820078255,0.4957801946647332,0.268,0.195,1,H4,G4867
Sample-corrected (Harmony),0.0040329302841965705,0.41814539456786814,0.305,0.229,1,H4,G14873
Sample-corrected (Harmony),0.004181390849331876,0.25136045502422144,0.589,0.51,1,H4,G22467
Sample-corrected (Harmony),0.004606961789964509,0.3617757017322183,0.361,0.284,1,H4,G32117
Sample-corrected (Harmony),0.004996046744529354,0.5128083049882255,0.642,0.58,1,H4,G16819
Sample-corrected (Harmony),0.005052570156265677,0.3077943703436672,0.228,0.16,1,H4,G30940
Sample-corrected (Harmony),0.005161708994175084,0.4239406400967398,0.295,0.218,1,H4,G4052
Sample-corrected (Harmony),0.005213017137124664,0.4349677802212921,0.278,0.208,1,H4,G14250
Sample-corrected (Harmony),0.005505428748994992,0.26473225011814305,0.308,0.233,1,H4,G25775
Sample-corrected (Harmony),0.005859933732970812,0.28028066650149985,0.212,0.149,1,H4,G4344
Sample-corrected (Harmony),0.005913594193425016,0.2900020715859357,0.275,0.202,1,H4,G27199
Sample-corrected (Harmony),0.005977398884494537,0.4442405568946619,0.209,0.148,1,H4,G32226
Sample-corrected (Harmony),0.006419485097564291,0.36608475059952816,0.672,0.597,1,H4,G8827
Sample-corrected (Harmony),0.006732037900487424,0.4507672681639099,0.374,0.292,1,H4,G16497
Sample-corrected (Harmony),0.0072565145133173595,0.3671552683211463,0.288,0.22,1,H4,G3304
Sample-corrected (Harmony),0.008163499509350969,0.4021083074573353,0.308,0.232,1,H4,G15050
Sample-corrected (Harmony),0.008452213909690552,0.3449692034491686,0.295,0.225,1,H4,G17922
Sample-corrected (Harmony),0.008931740646494036,0.3203282021151548,0.358,0.286,1,H4,G3529
Sample-corrected (Harmony),0.009704830632963403,0.3367976726971049,0.374,0.3,1,H4,G4850
Sample-corrected (Harmony),4.973408748829066e-146,6.855404665919881,0.581,0.012,1.6644009718831353e-141,H5,G26109
Sample-corrected (Harmony),3.716651844208041e-86,6.649486799529293,0.558,0.024,1.243814706182663e-81,H5,G26108
Sample-corrected (Harmony),5.301544322231199e-85,6.719426900780059,0.535,0.022,1.7742148228778932e-80,H5,G26105
Sample-corrected (Harmony),2.775923629030793e-59,5.019551612009035,0.419,0.02,9.289906016914451e-55,H5,G26107
Sample-corrected (Harmony),8.66154365655184e-55,6.194684537888465,0.279,0.009,2.898672200101639e-50,H5,G28719
Sample-corrected (Harmony),1.4429781526911967e-32,5.823847988412739,0.209,0.009,4.829070685796359e-28,H5,G3050
Sample-corrected (Harmony),2.1119679183934215e-26,4.864417020686409,0.209,0.012,7.067911835695425e-22,H5,G26106
Sample-corrected (Harmony),1.107699153492401e-23,4.4017553775570715,0.209,0.013,3.707025987077669e-19,H5,G25934
Sample-corrected (Harmony),5.552986657260162e-22,3.577212873735241,0.256,0.022,1.858362514718686e-17,H5,G8276
Sample-corrected (Harmony),1.1769147750603358e-20,4.236609839078854,0.326,0.039,3.9386629862169198e-16,H5,G22643
Sample-corrected (Harmony),1.2914736205175014e-17,3.8354564600676033,0.395,0.066,4.32204561842387e-13,H5,G1357
Sample-corrected (Harmony),1.186618291243185e-16,2.6447447784266807,0.442,0.083,3.971136773474443e-12,H5,G1619
Sample-corrected (Harmony),1.8227903836804524e-15,3.8026413288057928,0.209,0.021,6.100150298025002e-11,H5,G5615
Sample-corrected (Harmony),6.891053227213078e-13,2.674921046552163,0.442,0.105,2.3061598730191286e-8,H5,G13358
Sample-corrected (Harmony),2.1265989453088807e-11,1.790170656332449,0.674,0.237,7.1168760303707e-7,H5,G17979
Sample-corrected (Harmony),2.612893534834457e-11,1.9451916495624766,0.721,0.297,8.744309503676994e-7,H5,G31799
Sample-corrected (Harmony),3.198758294746906e-11,3.6014624657695924,0.302,0.06,1.0704964509199995e-6,H5,G5617
Sample-corrected (Harmony),6.793623372407257e-11,2.7480594914440237,0.349,0.08,2.2735539978098126e-6,H5,G27069
Sample-corrected (Harmony),2.383032988905547e-10,2.332499455289236,0.326,0.072,7.975058200671303e-6,H5,G27055
Sample-corrected (Harmony),2.6286398036684163e-10,3.2887293977545156,0.372,0.1,8.797005966956722e-6,H5,G15117
Sample-corrected (Harmony),5.2088058727939005e-9,2.756169291598604,0.326,0.082,1.7431789733892068e-4,H5,G24660
Sample-corrected (Harmony),8.293759615298248e-9,3.1690386778025896,0.233,0.046,2.775589592855712e-4,H5,G17259
Sample-corrected (Harmony),1.0685882747149526e-8,2.68164070157136,0.326,0.085,3.57613752016106e-4,H5,G24659
Sample-corrected (Harmony),2.1717421215746328e-7,1.8598176122901344,0.326,0.093,0.007267952184061666,H5,G25664
Sample-corrected (Harmony),2.7031047961060523e-7,1.6819439145445254,0.744,0.47,0.009046210510648514,H5,G30615
Sample-corrected (Harmony),1.2680270494325274e-6,1.6682159873582572,0.419,0.154,0.04243579323630896,H5,G24867
Sample-corrected (Harmony),1.960383098066127e-6,1.6459434770953065,0.698,0.426,0.065606180759881,H5,G30616
Sample-corrected (Harmony),1.960383098066127e-6,1.6459434770953065,0.698,0.426,0.065606180759881,H5,G30617
Sample-corrected (Harmony),1.960383098066127e-6,1.6459434770953065,0.698,0.426,0.065606180759881,H5,G30618
Sample-corrected (Harmony),1.960383098066127e-6,1.6459434770953065,0.698,0.426,0.065606180759881,H5,G30619
Sample-corrected (Harmony),6.484825943559571e-6,2.126988768139255,0.256,0.073,0.2170211850271646,H5,G23730
Sample-corrected (Harmony),9.286940119644471e-6,1.0061837051142346,0.814,0.481,0.31079673804402186,H5,G5430
Sample-corrected (Harmony),1.0540496415043028e-5,2.168584748053954,0.233,0.064,0.35274825302582996,H5,G16880
Sample-corrected (Harmony),1.2613472379323177e-5,1.5912692520400382,0.233,0.064,0.42212246664642944,H5,G27496
Sample-corrected (Harmony),2.180309208762406e-5,1.978579841549249,0.442,0.199,0.7296622798044268,H5,G10751
Sample-corrected (Harmony),2.4551037947596565e-5,1.7850310822207238,0.302,0.105,0.8216250359542666,H5,G5188
Sample-corrected (Harmony),2.4769468078642194e-5,1.3309592009033528,0.465,0.217,0.8289350187198397,H5,G11852
Sample-corrected (Harmony),3.0519072524281404e-5,2.2628097699747203,0.256,0.081,1,H5,G11018
Sample-corrected (Harmony),3.1384909288480777e-5,1.3622238871742405,0.488,0.232,1,H5,G15703
Sample-corrected (Harmony),3.635938346541229e-5,1.0051362884215784,0.256,0.078,1,H5,G18872
Sample-corrected (Harmony),3.682924431237512e-5,1.087151532557761,0.512,0.251,1,H5,G18692
Sample-corrected (Harmony),7.147557176481073e-5,1.2041486954753227,0.465,0.226,1,H5,G4652
Sample-corrected (Harmony),1.2372145519206246e-4,1.7814364077919909,0.209,0.064,1,H5,G27918
Sample-corrected (Harmony),1.7342475804562604e-4,0.5030509679174262,0.651,0.359,1,H5,G5363
Sample-corrected (Harmony),2.146933945657993e-4,1.3899353132634042,0.279,0.106,1,H5,COX2
Sample-corrected (Harmony),2.1478282403531837e-4,1.9956450344167862,0.349,0.148,1,H5,G22508
Sample-corrected (Harmony),3.971291708088565e-4,1.5649987379715515,0.302,0.124,1,H5,G12436
Sample-corrected (Harmony),4.2101887567201775e-4,1.828996178470915,0.209,0.069,1,H5,G4773
Sample-corrected (Harmony),4.2677685040213084e-4,1.583498431488836,0.256,0.099,1,H5,G12561
Sample-corrected (Harmony),5.09458974288378e-4,1.5613720129391107,0.326,0.147,1,H5,G5526
Sample-corrected (Harmony),5.75080480958597e-4,1.8063046062874277,0.233,0.087,1,H5,G26683
Sample-corrected (Harmony),6.215032909391307e-4,2.003494636219351,0.326,0.155,1,H5,G8036
Sample-corrected (Harmony),6.768738331784033e-4,2.2649125292109273,0.279,0.123,1,H5,G15076
Sample-corrected (Harmony),6.879918260346407e-4,1.619046670094683,0.256,0.101,1,H5,G26154
Sample-corrected (Harmony),7.808633417915193e-4,0.9136156967153437,0.535,0.309,1,H5,CYTB
Sample-corrected (Harmony),8.493715465725649e-4,1.4122388812510955,0.256,0.101,1,H5,G17848
Sample-corrected (Harmony),8.547194522318126e-4,1.0116819775021995,0.279,0.113,1,H5,G18773
Sample-corrected (Harmony),9.092138471264075e-4,1.0038506059003485,0.256,0.097,1,H5,G8114
Sample-corrected (Harmony),9.576515953479038e-4,1.133286714144565,0.279,0.117,1,H5,G28537
Sample-corrected (Harmony),9.627137535896915e-4,1.331448433833144,0.233,0.088,1,H5,G14159
Sample-corrected (Harmony),0.0010054130463986797,1.6095437093323082,0.302,0.132,1,H5,G1915
Sample-corrected (Harmony),0.0010208454027302726,1.2735750891937685,0.488,0.272,1,H5,G28245
Sample-corrected (Harmony),0.001192259171218445,0.8016977030781565,0.651,0.423,1,H5,G1818
Sample-corrected (Harmony),0.0012066379022812464,0.9234614639237606,0.326,0.148,1,H5,G25515
Sample-corrected (Harmony),0.0014058516614964486,0.9960744510869035,0.395,0.194,1,H5,G1178
Sample-corrected (Harmony),0.0014182389345836826,1.0376195220648432,0.535,0.319,1,H5,G31742
Sample-corrected (Harmony),0.0014546051387970135,1.0984971645704018,0.302,0.135,1,H5,G7748
Sample-corrected (Harmony),0.001479051375655972,2.2654637556728296,0.256,0.108,1,H5,G31264
Sample-corrected (Harmony),0.0015578681311438879,1.3470734364753598,0.233,0.091,1,H5,G7466
Sample-corrected (Harmony),0.001588196971160563,1.1273103293496622,0.302,0.136,1,H5,G386
Sample-corrected (Harmony),0.0016281693716800087,0.8584413789075148,0.302,0.132,1,H5,G7293
Sample-corrected (Harmony),0.001955386785316027,1.6266254267310156,0.209,0.081,1,H5,G32530
Sample-corrected (Harmony),0.0019556012525906927,1.13939401937935,0.372,0.193,1,H5,G30997
Sample-corrected (Harmony),0.001994301241346351,0.9675833944447381,0.651,0.437,1,H5,G11320
Sample-corrected (Harmony),0.001994301241346351,0.9675833944447381,0.651,0.437,1,H5,G11321
Sample-corrected (Harmony),0.001994301241346351,0.9675833944447381,0.651,0.437,1,H5,G11322
Sample-corrected (Harmony),0.0021795309693222573,1.5082472670152056,0.233,0.094,1,H5,G7627
Sample-corrected (Harmony),0.0022130550098871113,1.2085991874455768,0.209,0.078,1,H5,G32532
Sample-corrected (Harmony),0.0022293058098156802,1.1303126096120735,0.349,0.177,1,H5,G5435
Sample-corrected (Harmony),0.0023085958241533307,1.0945867255036514,0.326,0.159,1,H5,G25514
Sample-corrected (Harmony),0.002510585275185892,0.6882009080809697,0.326,0.153,1,H5,G24792
Sample-corrected (Harmony),0.0025213271463328303,1.5058415785649104,0.419,0.244,1,H5,G31294
Sample-corrected (Harmony),0.002572806590860328,1.7604083876572145,0.302,0.147,1,H5,G18690
Sample-corrected (Harmony),0.0028713209826898628,1.1258374867014669,0.233,0.095,1,H5,G11178
Sample-corrected (Harmony),0.003322511565708998,1.7761763855940549,0.256,0.118,1,H5,G1059
Sample-corrected (Harmony),0.0034151308755553645,1.3582477754788744,0.256,0.113,1,H5,G6909
Sample-corrected (Harmony),0.0034982984809344185,1.049150824554638,0.535,0.382,1,H5,G32620
Sample-corrected (Harmony),0.00359754372653407,3.0607902969110077,0.326,0.164,1,H5,G9516
Sample-corrected (Harmony),0.0038316446239535845,0.8750855442682046,0.419,0.237,1,H5,G5361
Sample-corrected (Harmony),0.0038479442915481184,0.6680631797940761,0.442,0.246,1,H5,G27413
Sample-corrected (Harmony),0.003916768651311135,1.7514250954263266,0.209,0.085,1,H5,G11308
Sample-corrected (Harmony),0.0043451700518690175,1.1302834170353202,0.279,0.132,1,H5,G596
Sample-corrected (Harmony),0.004431156061867882,0.8640970252891798,0.419,0.248,1,H5,G5541
Sample-corrected (Harmony),0.0048328490154723215,0.5068285585258401,0.326,0.157,1,H5,G9060
Sample-corrected (Harmony),0.0056019119050980115,1.0801919968630078,0.628,0.437,1,H5,G19421
Sample-corrected (Harmony),0.00561429381765737,0.6323496565240123,0.349,0.18,1,H5,G10563
Sample-corrected (Harmony),0.00742644252329757,0.8832416983218623,0.256,0.12,1,H5,G13379
Sample-corrected (Harmony),0.007975349328910489,0.5698694867262066,0.535,0.337,1,H5,G19404
Sample-corrected (Harmony),0.008249518078500703,0.4652662106545944,0.535,0.341,1,H5,G1225
Sample-corrected (Harmony),0.00832001842360211,1.084290091583184,0.419,0.269,1,H5,G11496
Sample-corrected (Harmony),0.008899741938604815,0.798116462825778,0.372,0.212,1,H5,G5255
Sample-corrected (Harmony),0.009041689836423212,1.1668133124599591,0.279,0.143,1,H5,G20343
Sample-corrected (Harmony),0.009083848055073566,1.5542102797882231,0.326,0.189,1,H5,G11846
Sample-corrected (Harmony),0.009104552356190175,0.7695643718688654,0.372,0.212,1,H5,G5273
Sample-corrected (Harmony),0.009268629327696348,2.2273295175260137,0.209,0.099,1,H5,G12109
Sample-corrected (Harmony),0.009309768022621644,0.9032560994308474,0.395,0.224,1,H5,G11033
Sample-corrected (Harmony),0.009961454984460359,0.711164934909514,0.209,0.091,1,H5,G17996
